arm,genes_tested,n_sig,overlap_with_R_sig,jaccard_with_R_sig,median_incr_r2_on_R_sig,r_sig_genes_covered,sha256,path
R,9897,1572,1572,1.0,0.053563125108461854,1572,d83cfffdae5207d0622cc5c6f01a0d3fc150547edee114268452c180063b4e82,/public/home/fjhui/ZW/pdac/results/posthoc/R/residual_results_tumoronly.csv
F,9877,1020,725,0.38832351365827533,-0.0031953780248295998,1572,fea71bcb9d78ec879b71775e658a76202a2efacfc6d07a6df6fd484cd3ab8cc2,/public/home/fjhui/ZW/pdac/results/posthoc/F/residual_results_tumoronly.csv
D01,9879,1772,1164,0.5339449541284403,0.054131185332546045,1572,33471ea7967efee5de09d7a601cd818368a384c19bcd2be3c83858d5643e60ce,/public/home/fjhui/ZW/pdac/results/posthoc/D01/residual_results_tumoronly.csv
D02,9877,1282,895,0.4568657478305258,0.018297447304070402,1572,84a5de86bf73e7b34e335abdf91ef3f147af50e6e3bd665f8be391c5f49ec918,/public/home/fjhui/ZW/pdac/results/posthoc/D02/residual_results_tumoronly.csv
D03,9875,852,665,0.37805571347356454,-0.0058422058097631,1572,bc1b041463de817bf4d3166cdd168f6eb6006fbff61052c7c9f21a7e0841a5c6,/public/home/fjhui/ZW/pdac/results/posthoc/D03/residual_results_tumoronly.csv
D04,9879,1037,785,0.4303728070175439,0.00672618612331225,1572,02c76bee04a98ef636f24c8c21543e5ef29bb74791e3d4cbb005c22eff4d5799,/public/home/fjhui/ZW/pdac/results/posthoc/D04/residual_results_tumoronly.csv
D05,9873,1483,1017,0.49901864573110893,0.0352213969631534,1572,fd4058ba3947c6d3beed2ebfe63f7ec77ec64e4013ca2bc58eebb73eb5ef2437,/public/home/fjhui/ZW/pdac/results/posthoc/D05/residual_results_tumoronly.csv
D06,9876,1649,1080,0.5044371788883699,0.04333318770654185,1572,eab6f52d0704a986d90de7ef4599326c973b9e6024aa528028f566705cc50310,/public/home/fjhui/ZW/pdac/results/posthoc/D06/residual_results_tumoronly.csv
D07,9884,1496,1035,0.5090998524348254,0.0374079654194902,1572,47b6ae80f435f0ee975a9012c7f80fe2344cda01841491b2f523153dd5f676b7,/public/home/fjhui/ZW/pdac/results/posthoc/D07/residual_results_tumoronly.csv
D08,9877,1121,827,0.44319399785637725,0.0100586486679879,1572,920f84c1bd8480f5d4270cde656276709c106ecd1edde91c899bdc5115c1b533,/public/home/fjhui/ZW/pdac/results/posthoc/D08/residual_results_tumoronly.csv
D09,9876,1242,905,0.47407019381875326,0.0205007894047082,1572,a8636f77fba5dcd14df458df701b11c0848d26bb2e1ca00dbae1342b5ee29cf9,/public/home/fjhui/ZW/pdac/results/posthoc/D09/residual_results_tumoronly.csv
D10,9880,1303,940,0.48578811369509045,0.0250937197485728,1572,3f719dc0318e80994606483328d9e4ddfec18c86435277c028a2ff1dc4cd8abf,/public/home/fjhui/ZW/pdac/results/posthoc/D10/residual_results_tumoronly.csv
D11,9876,1262,914,0.47604166666666664,0.018366010357969198,1572,a8a7e81af90cd68d71bcbf85a7a757a5931a6f2b6d9513ab6e60625b1f902116,/public/home/fjhui/ZW/pdac/results/posthoc/D11/residual_results_tumoronly.csv
D12,9881,1174,843,0.44298476090383604,0.0132487030741213,1572,5915623527e56a4e58c3e0093b63544fa41c4d7eb19acd52de31c91d9cf1d411,/public/home/fjhui/ZW/pdac/results/posthoc/D12/residual_results_tumoronly.csv
D13,9879,1511,1017,0.49225556631171347,0.0341329021601205,1572,c6752b7877d386f2db2419a81ec0a8bfd0a1fad9e4bb33920ca1ed2a0d35bfcd,/public/home/fjhui/ZW/pdac/results/posthoc/D13/residual_results_tumoronly.csv
D14,9875,1241,902,0.4720041862899006,0.01783809217792695,1572,b609493c18b6b43cb9de4750d33d3ab36abb4f62a43dee3ffa81a680a1e249ff,/public/home/fjhui/ZW/pdac/results/posthoc/D14/residual_results_tumoronly.csv
D15,9875,862,662,0.37358916478555304,-0.006888522435859801,1572,319bbec07de976ea4cf3ebce09a43385644a4c82ce3bf99b7a93c9f37d496c27,/public/home/fjhui/ZW/pdac/results/posthoc/D15/residual_results_tumoronly.csv
D16,9881,1092,853,0.4710104914411927,0.0153932045200799,1572,34c7bcf40fed592ee2dd6897354c4e3e1c2ba0874b4df19f1d061352a1e285d6,/public/home/fjhui/ZW/pdac/results/posthoc/D16/residual_results_tumoronly.csv
D17,9877,1742,1103,0.49886928991406604,0.049916439755428796,1572,92a70f2f6a6d397db2eafc66913dbdf281cd0f6d1110a87af85f2d3293ed7192,/public/home/fjhui/ZW/pdac/results/posthoc/D17/residual_results_tumoronly.csv
D18,9874,1606,1097,0.5271504084574724,0.04131884269879485,1572,e14f34d9974a3012d8dfe9245cbe61252463f6cf9b4d51769c5a5a51a4a9e759,/public/home/fjhui/ZW/pdac/results/posthoc/D18/residual_results_tumoronly.csv
D19,9875,1503,1045,0.5147783251231527,0.03476274325325315,1572,9fdcd24b461aa83ce7d283caedebcdbf23a0f4206dea983df25ab7dab5f6480e,/public/home/fjhui/ZW/pdac/results/posthoc/D19/residual_results_tumoronly.csv
