aliquot_id	case_id	sample_type
CPT0026410003	C3L-00791	Primary Tumor
CPT0019130003	C3L-00583	Primary Tumor
CPT0025880003	C3N-00733	Primary Tumor
CPT0076330003	C3N-01220	Primary Tumor
CPT0001180009	C3L-00096	Primary Tumor
CPT0065690003	C3L-00790	Primary Tumor
CPT0078930003	C3N-01176	Primary Tumor
CPT0011240003	C3N-00305	Primary Tumor
CPT0084560003	C3N-00149	Primary Tumor
CPT0012670003	C3N-00491	Primary Tumor
CPT0002350011	C3L-00360	Primary Tumor
CPT0064370003	C3L-00907	Primary Tumor
CPT0088900003	C3N-01179	Primary Tumor
CPT0087040003	C3L-01603	Primary Tumor
CPT0079380003	C3L-01283	Primary Tumor
CPT0025170003	C3L-00766	Primary Tumor
CPT0024670003	C3N-00852	Primary Tumor
CPT0078830003	C3N-00834	Primary Tumor
CPT0021240003	C3N-00380	Primary Tumor
CPT0071150004	C3L-01352	Primary Tumor
CPT0089020003	C3N-00831	Primary Tumor
CPT0066480003	C3N-00150	Primary Tumor
CPT0000870016	C3L-00088	Primary Tumor
CPT0092790003	C3L-01885	Primary Tumor
CPT0088760003	C3N-01361	Primary Tumor
CPT0088550004	C3N-01648	Primary Tumor
CPT0025230003	C3L-00799	Primary Tumor
CPT0025050003	C3L-00607	Primary Tumor
CPT0075720003	C3N-01213	Primary Tumor
CPT0019990003	C3N-00168	Primary Tumor
CPT0012900004	C3N-00494	Primary Tumor
CPT0000780007	C3L-00097	Primary Tumor
CPT0010110003	C3L-00416	Primary Tumor
CPT0092290003	C3L-01861	Primary Tumor
CPT0020120003	C3N-00177	Primary Tumor
CPT0006440003	C3L-00369	Primary Tumor
CPT0063630003	C3L-01302	Primary Tumor
CPT0086950003	C3L-01286	Primary Tumor
CPT0086360003	C3L-00908	Primary Tumor
CPT0069160003	C3N-00577	Primary Tumor
CPT0007860003	C3L-00910	Primary Tumor
CPT0079230003	C3L-01288	Primary Tumor
CPT0001340003	C3L-00011	Primary Tumor
CPT0012080003	C3N-00314	Primary Tumor
CPT0009000003	C3N-00310	Primary Tumor
CPT0079270003	C3L-00606	Primary Tumor
CPT0015810003	C3L-00813	Primary Tumor
CPT0025110003	C3L-00610	Primary Tumor
CPT0077310003	C3N-01524	Primary Tumor
CPT0077490003	C3N-01261	Primary Tumor
CPT0014160003	C3N-00194	Primary Tumor
CPT0014370004	C3N-00244	Primary Tumor
CPT0001500009	C3L-00026	Primary Tumor
CPT0081600003	C3N-00148	Primary Tumor
CPT0088630003	C3N-01649	Primary Tumor
CPT0069000003	C3N-00573	Primary Tumor
CPT0092160003	C3L-01607	Primary Tumor
CPT0006630003	C3L-00418	Primary Tumor
CPT0001260009	C3L-00079	Primary Tumor
CPT0065750003	C3L-00796	Primary Tumor
CPT0065930003	C3L-01553	Primary Tumor
CPT0012180003	C3N-00315	Primary Tumor
CPT0017410003	C3N-00390	Primary Tumor
CPT0023350003	C3L-00561	Primary Tumor
CPT0078510003	C3N-00495	Primary Tumor
CPT0066470004	C3L-00183	Primary Tumor
CPT0006900003	C3L-00447	Primary Tumor
CPT0015910003	C3L-00765	Primary Tumor
CPT0092730003	C3L-01882	Primary Tumor
CPT0077110003	C3N-01522	Primary Tumor
CPT0086030003	C3L-01560	Primary Tumor
CPT0025290003	C3L-00800	Primary Tumor
CPT0012550003	C3N-00437	Primary Tumor
CPT0079480003	C3L-01281	Primary Tumor
CPT0065430003	C3N-00953	Primary Tumor
CPT0063320003	C3L-00902	Primary Tumor
CPT0089460004	C3N-01808	Primary Tumor
CPT0007320003	C3L-00581	Primary Tumor
CPT0088690003	C3N-01651	Primary Tumor
CPT0010160003	C3L-00448	Primary Tumor
CPT0014450004	C3N-00242	Primary Tumor
CPT0015730003	C3L-00792	Primary Tumor
CPT0025350003	C3L-00812	Primary Tumor
CPT0012370003	C3N-00320	Primary Tumor
CPT0012280003	C3N-00317	Primary Tumor
CPT0079410003	C3L-01287	Primary Tumor
CPT0075560003	C3N-01214	Primary Tumor
CPT0001540009	C3L-00004	Primary Tumor
CPT0078990003	C3N-01178	Primary Tumor
CPT0065810003	C3L-00814	Primary Tumor
CPT0086870003	C3L-01836	Primary Tumor
CPT0000640003	C3L-00103	Primary Tumor
CPT0065870003	C3L-00817	Primary Tumor
CPT0085670003	C3L-01557	Primary Tumor
CPT0081880003	C3N-00154	Primary Tumor
CPT0009060003	C3N-00312	Primary Tumor
CPT0023690003	C3L-00917	Primary Tumor
CPT0001220008	C3L-00010	Primary Tumor
CPT0088480003	C3N-01646	Primary Tumor
CPT0025580004	C3N-00246	Primary Tumor
CPT0081990003	C3N-00646	Primary Tumor
CPT0075130003	C3N-01200	Primary Tumor
CPT0086820003	C3L-01313	Primary Tumor
