utc_time	endpoint	query_summary	http_status	response_sha256	saved_path
2026-09-28T23:16:28Z	https://pdc.cancer.gov/graphql	introspect BiospecimenPerStudy fields	400	a20d89d495648387ac9bb8d38a68dd55149bdfd97bfa30609f7497cbe0af1fb2	raw/introspect_biospecimenperstudy.json
2026-09-28T23:16:29Z	https://pdc.cancer.gov/graphql	introspect root Query field names	400	a20d89d495648387ac9bb8d38a68dd55149bdfd97bfa30609f7497cbe0af1fb2	raw/introspect_query_fields.json
2026-09-28T23:16:29Z	https://pdc.cancer.gov/graphql	introspect Study fields	400	a20d89d495648387ac9bb8d38a68dd55149bdfd97bfa30609f7497cbe0af1fb2	raw/introspect_study_fields.json
2026-09-28T23:16:29Z	https://pdc.cancer.gov/graphql	study(PDC000489) [confirmatory]	200	aa746032278ca3534bc2eee4485713895b003380389f0e4406666c3429febdcd	raw/study_PDC000489.json
2026-09-28T23:16:30Z	https://pdc.cancer.gov/graphql	study(PDC000153) [discovery]	200	d1772602588d3fdd0b928e3ba074af55b759a2aefadbc7e0335fe40ac789d2b0	raw/study_PDC000153.json
2026-09-28T23:16:30Z	https://pdc.cancer.gov/graphql	biospecimenPerStudy(PDC000489) [confirmatory] extended-fields attempt	400	d3b2a7819bd2cb46011947831e90f822626e6828d4f3fa3908254763b9898d39	raw/biospecimenPerStudy_PDC000489_extended.json
2026-09-28T23:16:31Z	https://pdc.cancer.gov/graphql	biospecimenPerStudy(PDC000489) [confirmatory] minimal-fields (Step-0-proven)	200	81e5b84239b12a0e5d3b280aa3a7fd3b98b9bde2b1acc42fb103df56a0c93b41	raw/biospecimenPerStudy_PDC000489.json
2026-09-28T23:16:31Z	https://pdc.cancer.gov/graphql	biospecimenPerStudy(PDC000153) [discovery] extended-fields attempt	400	d3b2a7819bd2cb46011947831e90f822626e6828d4f3fa3908254763b9898d39	raw/biospecimenPerStudy_PDC000153_extended.json
2026-09-28T23:16:32Z	https://pdc.cancer.gov/graphql	biospecimenPerStudy(PDC000153) [discovery] minimal-fields (Step-0-proven)	200	aa597692e176c7e50f1b3a3f6a12baacc18c5a9d1275b5855fffbf6e32ccc30f	raw/biospecimenPerStudy_PDC000153.json
2026-09-28T23:17:02Z	https://pdc.cancer.gov/graphql	probe single field 'aliquot_id' on Biospecimen (PDC000153)	200	1a95f1c50cb84fc5f69367fd4fb907961c594662245b38e69160019580472192	raw/probe_field_aliquot_id.json
2026-09-28T23:17:03Z	https://pdc.cancer.gov/graphql	probe single field 'aliquot_submitter_id' on Biospecimen (PDC000153)	200	89621835ca53054e7cf454ac2cb31521f7299dd8dc396b3490918ff6c58c7781	raw/probe_field_aliquot_submitter_id.json
2026-09-28T23:17:03Z	https://pdc.cancer.gov/graphql	probe single field 'case_id' on Biospecimen (PDC000153)	200	7723ba46dcfaf60dca5ff5e2a51b257199d49562a7d6a9fbf72c68c618eb4308	raw/probe_field_case_id.json
2026-09-28T23:17:03Z	https://pdc.cancer.gov/graphql	probe single field 'case_submitter_id' on Biospecimen (PDC000153)	200	646fff88db0ab119e78b603b68b7effc5ca89c16d85b59045625831930a7a34d	raw/probe_field_case_submitter_id.json
2026-09-28T23:17:04Z	https://pdc.cancer.gov/graphql	probe single field 'sample_id' on Biospecimen (PDC000153)	200	4dbb463f8d47e0f8c6c778dd1a66111a68070782698c8e668ff38d4e9a6a8fa4	raw/probe_field_sample_id.json
2026-09-28T23:17:04Z	https://pdc.cancer.gov/graphql	probe single field 'sample_submitter_id' on Biospecimen (PDC000153)	200	d915d3f799939260568737088aa4202fd9f4ee989d18561c988f92016775c652	raw/probe_field_sample_submitter_id.json
2026-09-28T23:17:05Z	https://pdc.cancer.gov/graphql	probe single field 'sample_type' on Biospecimen (PDC000153)	200	1cfe09ab1c85cdea4f2561bb2cab2b381e1ba12ed20e1c19334e81d022255d19	raw/probe_field_sample_type.json
2026-09-28T23:17:05Z	https://pdc.cancer.gov/graphql	probe single field 'portion_id' on Biospecimen (PDC000153)	400	1c9f0e059d7bbbc5d7bbd33219ac15b27dd35918446b02f661fcd7357068f377	raw/probe_field_portion_id.json
2026-09-28T23:17:05Z	https://pdc.cancer.gov/graphql	probe single field 'portion_submitter_id' on Biospecimen (PDC000153)	400	34370e70b1794d6ad7f15d11252539db19a2f7bdc7901fd4e42cceed815cbb3e	raw/probe_field_portion_submitter_id.json
2026-09-28T23:17:06Z	https://pdc.cancer.gov/graphql	probe single field 'biospecimen_id' on Biospecimen (PDC000153)	400	9cd8c8fc0ae5183ac7f12f1311823f0a6463c3aff2980633013f165d8d1c598c	raw/probe_field_biospecimen_id.json
2026-09-28T23:17:06Z	https://pdc.cancer.gov/graphql	probe single field 'aliquot_status' on Biospecimen (PDC000153)	200	cd9a8a8cdc6f71a4de64feca82e3491ef0ccf171f59f42ea6d72c64e768fb911	raw/probe_field_aliquot_status.json
2026-09-28T23:17:06Z	https://pdc.cancer.gov/graphql	probe single field 'case_status' on Biospecimen (PDC000153)	200	844a99e55c909869b4afc7817edaf01992030e7c993679be41cc34fb1fe3dcd8	raw/probe_field_case_status.json
2026-09-28T23:17:07Z	https://pdc.cancer.gov/graphql	probe single field 'sample_status' on Biospecimen (PDC000153)	200	045e3129cb58a3e1909da4c83e5c55399374543c34925051c86aa4be6bc8d085	raw/probe_field_sample_status.json
2026-09-28T23:17:07Z	https://pdc.cancer.gov/graphql	biospecimenPerStudy(PDC000489) [confirmatory] final valid-field-set (superset of Step-0)	200	aee89a981667787db06112d62c4bcf42581e48820e05867cc0c753c6331e15c0	raw/biospecimenPerStudy_PDC000489.json
2026-09-28T23:17:08Z	https://pdc.cancer.gov/graphql	biospecimenPerStudy(PDC000153) [discovery] final valid-field-set (superset of Step-0)	200	ee43a3fd7007a9b9637c43aca744ad94115ee3d92cb7d64e1a4c9055c717aa13	raw/biospecimenPerStudy_PDC000153.json
2026-09-28T23:21:45Z	https://pdc.cancer.gov/graphql	probe root query name via deliberately-wrong 'studyExperimentalDesignXYZ'	400	9070447e07e8c56574a37bc5dea161f6dfbd9e951eddb3e92e3a38c33ac170a4	raw/probe_query_name_xyz.json
2026-09-28T23:21:45Z	https://pdc.cancer.gov/graphql	probe root query name 'studyExperimentalDesign' (task-suggested name)	400	1b4b4e9f27c7c7fac0f06c1a74935821174cb1ed61173218819a863d5e88dfba	raw/probe_query_name_studyExperimentalDesign.json
2026-09-28T23:21:46Z	https://pdc.cancer.gov/graphql	probe root query name 'experimentalDesign'	400	7b7b06f26540433fa353ce4175d5ce648d115fdaafdf051146baa4e018c04f97	raw/probe_query_name_experimentalDesign.json
2026-09-28T23:21:46Z	https://pdc.cancer.gov/graphql	probe root query name 'studyExperimentDesign'	400	446581083ed14de69bb6bb7773174044b8bd708602742f99478d0e025788c35f	raw/probe_query_name_studyExperimentDesign.json
2026-09-28T23:21:46Z	https://pdc.cancer.gov/graphql	probe root query name 'studyExperimentalDesigns'	400	421d072c6401bc72ca9c27ce6a84a04c144a6a61dc82a55836e63a2eb88f7f32	raw/probe_query_name_studyExperimentalDesigns.json
2026-09-28T23:21:47Z	https://pdc.cancer.gov/graphql	probe root query name 'experimentalDesignPerStudy'	400	9620c4e0b0ca5d5f0d4af03860f5f8b8a7a9e26f32a55eee26e98ec961c066ba	raw/probe_query_name_experimentalDesignPerStudy.json
2026-09-28T23:21:47Z	https://pdc.cancer.gov/graphql	probe root query name 'study_experimental_design'	400	dcf0e5e128b08a9d5a6915c97eba587ac048dff0840a5ab495dc04267ba1986b	raw/probe_query_name_study_experimental_design.json
2026-09-28T23:22:17Z	https://pdc.cancer.gov/graphql	probe StudyExperimentalDesign top-level fields via bogus field	400	cc4b44348d0302464daccb629fc39fae23ef3951467952f6f78ebcc2ca10f690	raw/probe_design_fields_bogus.json
2026-09-28T23:22:18Z	https://pdc.cancer.gov/graphql	probe StudyExperimentalDesign field 'study_id'	200	0351f37eb7cd79a8edb1b79aa3ef97fb9aaf7e4df7b1ada5703fbb7a595e4166	raw/probe_design_field_study_id.json
2026-09-28T23:22:18Z	https://pdc.cancer.gov/graphql	probe StudyExperimentalDesign field 'pdc_study_id'	200	54b448b48c88809a2d64b8b8dd9fe8f6856bdf9cd431d2d66a054e9b4a76c42c	raw/probe_design_field_pdc_study_id.json
2026-09-28T23:22:19Z	https://pdc.cancer.gov/graphql	probe StudyExperimentalDesign field 'study_run_metadata'	400	d5c350d9fbe2153885d4e54b998160f7eaaf449caf7680911d15aa8999e15cde	raw/probe_design_field_study_run_metadata.json
2026-09-28T23:22:19Z	https://pdc.cancer.gov/graphql	probe StudyExperimentalDesign field 'number_of_studyrun'	400	ed689f197b65c287bd76f7e390284018ace9a99b439e9b4e665240566932fd6f	raw/probe_design_field_number_of_studyrun.json
2026-09-28T23:22:19Z	https://pdc.cancer.gov/graphql	probe StudyExperimentalDesign field 'number_of_studyrun_locations'	400	e04a15e7d37c516af78cad0a705eee26f8aed58654e85fd59efff9df4fd0a9be	raw/probe_design_field_number_of_studyrun_locations.json
2026-09-28T23:22:20Z	https://pdc.cancer.gov/graphql	probe StudyExperimentalDesign field 'study_run_metadata_id'	200	0b61ae2379033feaadbbbaee2e0587cd5c1031147246f012af0f48aba5b8c796	raw/probe_design_field_study_run_metadata_id.json
2026-09-28T23:22:20Z	https://pdc.cancer.gov/graphql	probe StudyExperimentalDesign field 'aliquot_run_metadata'	400	04ffb3cab001b215a3defc3a2cb7399e348560b54b26b071f9d8c2027df6507e	raw/probe_design_field_aliquot_run_metadata.json
2026-09-28T23:22:20Z	https://pdc.cancer.gov/graphql	probe StudyExperimentalDesign field 'number_of_plex'	400	4e0cb081cf267ba43710d4665c0d4ce4afa7be1f6ffdaadf49ac6653129183b8	raw/probe_design_field_number_of_plex.json
2026-09-28T23:22:21Z	https://pdc.cancer.gov/graphql	probe StudyExperimentalDesign field 'plex_count'	400	9f95af2ae6e2f6f446306f5960c979363fca0661974ffb889ca2a31bc2e10018	raw/probe_design_field_plex_count.json
2026-09-28T23:22:44Z	https://pdc.cancer.gov/graphql	probe StudyExperimentalDesign field 'number_of_fractions' (round 2)	200	c2f85453a220818992662af4b6519d42dcdd3aae3b855141e83641de490ab028	raw/probe_design_field2_number_of_fractions.json
2026-09-28T23:22:44Z	https://pdc.cancer.gov/graphql	probe StudyExperimentalDesign field 'study_run_metadata_submitter_id' (round 2)	200	c449220225f4ff838492c6fe0dd0be27ebd842307b5bf24b631372b5cabf4dfb	raw/probe_design_field2_study_run_metadata_submitter_id.json
2026-09-28T23:22:45Z	https://pdc.cancer.gov/graphql	probe StudyExperimentalDesign field 'experiment_number' (round 2)	200	84884dfa36a2d4a77ae3a716a0043daebb4f81dcb7552ae4ab52c968ca4149b5	raw/probe_design_field2_experiment_number.json
2026-09-28T23:22:45Z	https://pdc.cancer.gov/graphql	probe StudyExperimentalDesign field 'experiment_type' (round 2)	200	c049caf6f887900bb8b8c956022e907aa8daec371c9cb6634c8f335204386955	raw/probe_design_field2_experiment_type.json
2026-09-28T23:22:46Z	https://pdc.cancer.gov/graphql	probe StudyExperimentalDesign field 'fraction' (round 2)	400	4f10381f78c89746a962d6f218ef78ceac9bfed72f1380262cbdb9562de145ff	raw/probe_design_field2_fraction.json
2026-09-28T23:22:46Z	https://pdc.cancer.gov/graphql	probe StudyExperimentalDesign field 'aliquot_id' (round 2)	400	54ab2327de7c2df77410eb19fd7d753e426e43dbeb63d5f5913dd73454f9f48d	raw/probe_design_field2_aliquot_id.json
2026-09-28T23:22:46Z	https://pdc.cancer.gov/graphql	probe StudyExperimentalDesign field 'aliquot_submitter_id' (round 2)	400	89cbc85c7933823a401f41dce423e21d7b4cccf2c0a268998a2b381d23a634c9	raw/probe_design_field2_aliquot_submitter_id.json
2026-09-28T23:22:47Z	https://pdc.cancer.gov/graphql	probe StudyExperimentalDesign field 'label' (round 2)	400	9e14bd51a4711323b7dd89e5de7b27d43bff004696fc47ef3c33f63567f2bb79	raw/probe_design_field2_label.json
2026-09-28T23:22:47Z	https://pdc.cancer.gov/graphql	probe StudyExperimentalDesign field 'analyte' (round 2)	200	975796b0aeb52ae59f32296a20a6a0e0570964dc634f0929fcaa33101882476d	raw/probe_design_field2_analyte.json
2026-09-28T23:22:47Z	https://pdc.cancer.gov/graphql	probe StudyExperimentalDesign field 'plex_or_fraction' (round 2)	400	9364b9f29ec5c5c60c5a447020942c7b2a03a258ff2e289e4ba2ab926947f071	raw/probe_design_field2_plex_or_fraction.json
2026-09-28T23:22:48Z	https://pdc.cancer.gov/graphql	probe StudyExperimentalDesign field 'replicate_number' (round 2)	400	769f4aafca61d6a682681d30d33cb9bb28dea508c3e73281bdb64db3b22c63f5	raw/probe_design_field2_replicate_number.json
2026-09-28T23:22:48Z	https://pdc.cancer.gov/graphql	probe StudyExperimentalDesign field 'study_submitter_id' (round 2)	200	d5ac8a4bef5b95f8e090e345192847fed49685cb821b1b8995bdf593e8c84cf2	raw/probe_design_field2_study_submitter_id.json
2026-09-28T23:22:49Z	https://pdc.cancer.gov/graphql	probe StudyExperimentalDesign field 'aliquot_is_ref' (round 2)	200	00e310ebcfce050699fc99cb66f19a2f30b2acf25be4ae316be57c856c987521	raw/probe_design_field2_aliquot_is_ref.json
2026-09-28T23:22:49Z	https://pdc.cancer.gov/graphql	probe StudyExperimentalDesign field 'label_name' (round 2)	400	0f8bcee764a28d498e6306d0a9fd4f3341efb221783be8a1dc5f0ca22975fa6d	raw/probe_design_field2_label_name.json
2026-09-28T23:22:49Z	https://pdc.cancer.gov/graphql	probe StudyExperimentalDesign field 'channel' (round 2)	400	e1ed6446c9d7d2444f6b1bc69133ee7748081f2aa095c7c56e5fedb80613aa69	raw/probe_design_field2_channel.json
2026-09-28T23:22:50Z	https://pdc.cancer.gov/graphql	probe StudyExperimentalDesign field 'case_submitter_id' (round 2)	400	aaff6d67ee1b71a98f68f574fa0238de142d36e1aec5702b8257f54e5affb43e	raw/probe_design_field2_case_submitter_id.json
2026-09-28T23:22:50Z	https://pdc.cancer.gov/graphql	probe StudyExperimentalDesign field 'case_id' (round 2)	400	3fbdc5193a2de96b2f6eebd51842a96b5954e92c73df8fb995e467b04437581c	raw/probe_design_field2_case_id.json
2026-09-28T23:22:51Z	https://pdc.cancer.gov/graphql	probe StudyExperimentalDesign field 'sample_id' (round 2)	400	7df51af5d337931c66c9c198fec12239db1b7b985d9a745a617e4dc229c6f6c6	raw/probe_design_field2_sample_id.json
2026-09-28T23:22:51Z	https://pdc.cancer.gov/graphql	probe StudyExperimentalDesign field 'sample_submitter_id' (round 2)	400	fb4b00de7fbac7e9a71f15ec80b72d16dc2ea79df7ba59c8d205cdef8823c8f3	raw/probe_design_field2_sample_submitter_id.json
2026-09-28T23:22:51Z	https://pdc.cancer.gov/graphql	probe StudyExperimentalDesign field 'study_name' (round 2)	400	a6fb1c1c88a9a62bb46b3d3607e36f647625e7fb1827bf1655173665d06aac02	raw/probe_design_field2_study_name.json
2026-09-28T23:23:43Z	https://pdc.cancer.gov/graphql	probe root query 'aliquotRunMetadataXYZ' (bogus, for did-you-mean)	400	6eebc0a86cb960312ff675961fafa2dc23c766863a684cce25f9a8a1f3600971	raw/probe_root_aliquotrunmetadataxyz.json
2026-09-28T23:23:43Z	https://pdc.cancer.gov/graphql	probe root query 'aliquotRunMetadata'	400	c7029e07b4f509941218a6ab3b13326f70e64cf6a372e90b4c6525cc3ad95328	raw/probe_root_aliquotrunmetadata.json
2026-09-28T23:23:44Z	https://pdc.cancer.gov/graphql	probe root query 'aliquotRunMetadataPerStudy'	400	61cafc0da0f736b21c52463e67bd62117dd046fa0486f17096af4f6857691c68	raw/probe_root_aliquotrunmetadataperstudy.json
2026-09-28T23:23:44Z	https://pdc.cancer.gov/graphql	probe root query 'filesPerStudy'	400	4291b286250bbc1d035fc2d7ea12acee77cac5fbcbdb9f11b028f3bc538d0767	raw/probe_root_filesperstudy.json
2026-09-28T23:23:45Z	https://pdc.cancer.gov/graphql	probe root query 'studyRunMetadataXYZ' (bogus, for did-you-mean)	400	bbf46f6ef7b7d2ce44d27953b7ca1cc50ea1b8b31bba787c67ad958117cc6a34	raw/probe_root_studyrunmetadataxyz.json
2026-09-28T23:23:45Z	https://pdc.cancer.gov/graphql	probe root query 'uiStudyExperimentalDesign' (seen in earlier did-you-mean)	400	8a2b0088f173990c349f3e110a3e054bce4a97343b592cc5d770e31d60758e06	raw/probe_root_uistudyexperimentaldesign.json
2026-09-28T23:24:11Z	https://pdc.cancer.gov/graphql	probe filesPerStudy field 'file_id'	200	49f6e6ae0758dc4ee0675e3ffffeecaf77d02410751b28c7b75b2894f985a4d4	raw/probe_filesPerStudy_file_id.json
2026-09-28T23:24:12Z	https://pdc.cancer.gov/graphql	probe filesPerStudy field 'file_name'	200	9d882dfcfa8acf018fe32933551e449d851f7d2b21f9c98839ff33b729f37dc3	raw/probe_filesPerStudy_file_name.json
2026-09-28T23:24:12Z	https://pdc.cancer.gov/graphql	probe filesPerStudy field 'file_type'	200	219bd86846649b65a4613e9df3166888ab2c2812a7c108401ae7c6637a0337d5	raw/probe_filesPerStudy_file_type.json
2026-09-28T23:24:13Z	https://pdc.cancer.gov/graphql	probe filesPerStudy field 'file_size'	200	eb7b79bce48b6f07fc93029ab5cb86764077e4f6deb3eafb8c00275e5d54952f	raw/probe_filesPerStudy_file_size.json
2026-09-28T23:24:13Z	https://pdc.cancer.gov/graphql	probe filesPerStudy field 'md5sum'	200	305c3dd9fa40ff82bb8f51b5ceda7003066b690c849ecfb70c5ed5054bd29f96	raw/probe_filesPerStudy_md5sum.json
2026-09-28T23:24:13Z	https://pdc.cancer.gov/graphql	probe filesPerStudy field 'study_run_metadata_id'	400	6002cee2040c3b8bc8e4a167f7c94959ec7eb03a6af1a8dccc792c6d5df8e773	raw/probe_filesPerStudy_study_run_metadata_id.json
2026-09-28T23:24:14Z	https://pdc.cancer.gov/graphql	probe filesPerStudy field 'data_category'	200	69d2ac45c2ee56c6c3b9135c8af2553b8f1aba809b02087267aa5c1478eb6aca	raw/probe_filesPerStudy_data_category.json
2026-09-28T23:24:14Z	https://pdc.cancer.gov/graphql	probe filesPerStudy field 'file_location'	200	c0b0fea87ac838701e7e3e2bed7d33bdc073b831f5de01944df46e970fadfae8	raw/probe_filesPerStudy_file_location.json
2026-09-28T23:24:14Z	https://pdc.cancer.gov/graphql	probe filesPerStudy field 'signedUrl'	400	e1f9ece691e1e77d9409fcd18dbd52369e6b0d86a6bc1479ac5076025cd5b99f	raw/probe_filesPerStudy_signedUrl.json
2026-09-28T23:24:15Z	https://pdc.cancer.gov/graphql	probe filesPerStudy field 'downloadUrl'	400	c59719ad5cb2c06404d70da14d948efa71c49c305bbce69fc63145e72376170a	raw/probe_filesPerStudy_downloadUrl.json
2026-09-28T23:24:15Z	https://pdc.cancer.gov/graphql	probe filesPerStudy field 'url'	400	2f5edf38d5f16db3c082b88a22f06062ef578f8a2e5221c3a847e77e61e7e4cf	raw/probe_filesPerStudy_url.json
2026-09-28T23:24:16Z	https://pdc.cancer.gov/graphql	probe uiStudyExperimentalDesign field 'study_id'	200	643f5174bd7018dcf251f92909794a6d9236d3ddd88b3090766ac655e5228d1d	raw/probe_uiStudyExperimentalDesign_study_id.json
2026-09-28T23:24:16Z	https://pdc.cancer.gov/graphql	probe uiStudyExperimentalDesign field 'study_submitter_id'	200	171a1b2bf4dd8a18613341031d09590077aef421ed189f07dba576da75671021	raw/probe_uiStudyExperimentalDesign_study_submitter_id.json
2026-09-28T23:24:16Z	https://pdc.cancer.gov/graphql	probe uiStudyExperimentalDesign field 'study_run_metadata_submitter_id'	200	58f70df9b310070849f8b9286f08249ad0a0f2462d6a7c7afe96853d08ae3011	raw/probe_uiStudyExperimentalDesign_study_run_metadata_submitter_id.json
2026-09-28T23:24:17Z	https://pdc.cancer.gov/graphql	probe uiStudyExperimentalDesign field 'aliquot_submitter_id'	400	89cbc85c7933823a401f41dce423e21d7b4cccf2c0a268998a2b381d23a634c9	raw/probe_uiStudyExperimentalDesign_aliquot_submitter_id.json
2026-09-28T23:24:17Z	https://pdc.cancer.gov/graphql	probe uiStudyExperimentalDesign field 'aliquot_run_metadata_submitter_id'	400	8b12622c4919f78767aaa5f543c37cd0a8d64ec012fb9c3903f0245675fcdc72	raw/probe_uiStudyExperimentalDesign_aliquot_run_metadata_submitter_id.json
2026-09-28T23:24:18Z	https://pdc.cancer.gov/graphql	probe uiStudyExperimentalDesign field 'label'	400	9e14bd51a4711323b7dd89e5de7b27d43bff004696fc47ef3c33f63567f2bb79	raw/probe_uiStudyExperimentalDesign_label.json
2026-09-28T23:24:18Z	https://pdc.cancer.gov/graphql	probe uiStudyExperimentalDesign field 'aliquot_is_ref'	200	c99ab2ef5a7967c283b73153c01ae2dbe2c41a9304fdd3f6be8df16dacb94ed8	raw/probe_uiStudyExperimentalDesign_aliquot_is_ref.json
2026-09-28T23:24:18Z	https://pdc.cancer.gov/graphql	probe uiStudyExperimentalDesign field 'case_submitter_id'	400	aaff6d67ee1b71a98f68f574fa0238de142d36e1aec5702b8257f54e5affb43e	raw/probe_uiStudyExperimentalDesign_case_submitter_id.json
2026-09-28T23:24:19Z	https://pdc.cancer.gov/graphql	probe uiStudyExperimentalDesign field 'sample_submitter_id'	400	fb4b00de7fbac7e9a71f15ec80b72d16dc2ea79df7ba59c8d205cdef8823c8f3	raw/probe_uiStudyExperimentalDesign_sample_submitter_id.json
2026-09-28T23:24:19Z	https://pdc.cancer.gov/graphql	probe uiStudyExperimentalDesign field 'experiment_number'	200	56bc7b0deeb0bffe3834bf5991f6c05fecc4c1e976f16cdc2f9af1e980c52f2c	raw/probe_uiStudyExperimentalDesign_experiment_number.json
2026-09-28T23:24:19Z	https://pdc.cancer.gov/graphql	probe uiStudyExperimentalDesign field 'analyte'	200	2d8cb302e39539628ffe442e6e87214a72c2665cefac8087d560a9118f1f721f	raw/probe_uiStudyExperimentalDesign_analyte.json
2026-09-28T23:24:20Z	https://pdc.cancer.gov/graphql	probe uiStudyExperimentalDesign field 'channel'	400	e1ed6446c9d7d2444f6b1bc69133ee7748081f2aa095c7c56e5fedb80613aa69	raw/probe_uiStudyExperimentalDesign_channel.json
2026-09-28T23:24:20Z	https://pdc.cancer.gov/graphql	probe uiStudyExperimentalDesign field 'tmt_channel'	400	79ec6378e8885a787a73094050e5da3f1f3b51c767fb2d360f8b4d84b11f47cc	raw/probe_uiStudyExperimentalDesign_tmt_channel.json
2026-09-28T23:25:08Z	https://pdc.cancer.gov/graphql	studyExperimentalDesign(PDC000489) [confirmatory] full run-level field set	200	3f52678eefb93a8ac1845f10127a0c038148f6392e199b2a501e1cff81448e23	raw/studyExperimentalDesign_PDC000489.json
2026-09-28T23:25:08Z	https://pdc.cancer.gov/graphql	studyExperimentalDesign(PDC000153) [discovery] full run-level field set	200	378790c26e532ef7b02ab7707c6bbf6f813fa6e94bb356ea054318a9d81e66cb	raw/studyExperimentalDesign_PDC000153.json
