patient,lib_size,n_genes_detected,N_unmapped,N_multimapping,N_noFeature,N_ambiguous,n_rna_files
C3L-00017,37794183.0,38209.0,1821121.0,9977046.0,28452215.0,6610275.0,1
C3L-00102,37334871.0,38470.0,2083583.0,10386056.0,33829351.0,6417318.0,1
C3L-00189,35436378.0,41607.0,1206051.0,10561918.0,32272536.0,5571359.0,1
C3L-00277,41819910.0,36482.0,1324145.0,10560988.0,38537518.0,6343027.0,1
C3L-00401,32752579.0,35381.0,1382159.0,12141182.0,23457221.0,6481399.0,1
C3L-00589,40746365.0,41928.0,706815.0,9098198.0,35742328.0,7416985.0,1
C3L-00598,36966347.0,40588.0,1744356.0,10912356.0,33753372.0,5460672.0,1
C3L-00599,34401740.0,41661.0,1527223.0,13192643.0,31882274.0,6240222.0,1
C3L-00622,41869400.0,42476.0,1645432.0,11980816.0,41073274.0,6404940.0,1
C3L-00625,32193410.0,40607.0,1556000.0,12383981.0,33425780.0,5619767.0,1
C3L-00640,30017696.0,40094.0,734281.0,7172159.0,26702804.0,4841754.0,1
C3L-00819,44960834.0,40806.0,808895.0,10884741.0,33704405.0,8090974.0,1
C3L-00881,36847468.0,41197.0,1918683.0,10704549.0,36493702.0,6445979.0,1
C3L-00928,32124465.0,40292.0,823293.0,6468571.0,29112552.0,5756236.0,1
C3L-01031,45206243.0,41385.0,1175159.0,11019700.0,32383870.0,8229419.0,1
C3L-01036,30452875.0,42067.0,3390618.0,16958746.0,40314772.0,5937677.0,1
C3L-01037,41186543.0,41954.0,1304096.0,13536286.0,36533430.0,6288925.0,1
C3L-01051,37973829.0,42142.0,1374872.0,12150593.0,33355953.0,6861475.0,1
C3L-01052,39693443.0,41977.0,1187647.0,13727892.0,28434174.0,8512599.0,1
C3L-01053,45328020.0,42150.0,1036179.0,14664080.0,32612828.0,8374413.0,1
C3L-01054,46198248.0,41982.0,1417851.0,14980751.0,33120076.0,9104486.0,1
C3L-01124,33856000.0,41795.0,684484.0,6580635.0,35014963.0,5491614.0,1
C3L-01328,38201058.0,41434.0,1468133.0,15393624.0,34533922.0,7134990.0,1
C3L-01453,35284086.0,42332.0,1146428.0,8304097.0,34556905.0,7101353.0,1
C3L-01598,39985930.0,41491.0,1893797.0,11980454.0,32097348.0,7612943.0,1
C3L-01637,47317489.0,40810.0,1057486.0,13663380.0,32945387.0,9464009.0,1
C3L-01662,39939419.0,41556.0,1011358.0,13071643.0,32830861.0,8135669.0,1
C3L-01687,35261342.0,40872.0,1237382.0,9591200.0,34513991.0,7291686.0,1
C3L-01689,40432703.0,40274.0,1477531.0,9626305.0,33752542.0,7045780.0,1
C3L-01703,32793810.0,41639.0,1357786.0,11025854.0,28962127.0,6945987.0,1
C3L-01971,34364544.0,41608.0,1224588.0,11166096.0,31440340.0,6355252.0,1
C3L-02109,31455368.0,41031.0,901838.0,7851899.0,30519214.0,4850469.0,1
C3L-02112,42157317.0,42712.0,1279216.0,11479273.0,36183290.0,8293725.0,1
C3L-02116,41071730.0,43215.0,1339426.0,12056093.0,44264389.0,7500048.0,1
C3L-02118,40851571.0,41599.0,821760.0,8932944.0,37122022.0,7045813.0,1
C3L-02463,35571390.0,40322.0,2494136.0,15547729.0,29081378.0,6063738.0,1
C3L-02604,43769766.0,40576.0,1244921.0,12305619.0,40945703.0,6224458.0,1
C3L-02606,35454556.0,40854.0,1349456.0,8321008.0,31247763.0,5385396.0,1
C3L-02610,34739752.0,41441.0,1082944.0,8763867.0,27798929.0,7298216.0,1
C3L-02613,38354568.0,40138.0,1159808.0,9266760.0,29866578.0,6217145.0,1
C3L-02701,42108609.0,41164.0,1023201.0,8421889.0,30364483.0,6725565.0,1
C3L-02809,33500606.0,41175.0,878420.0,8523146.0,37232915.0,4510876.0,1
C3L-02897,45868875.0,42564.0,954783.0,12811454.0,38731746.0,5953589.0,1
C3L-02899,40017721.0,41590.0,1293864.0,13985028.0,38419960.0,5703615.0,1
C3L-03123,27986875.0,38738.0,1181012.0,9411532.0,28513811.0,3969298.0,1
C3L-03356,36379294.0,42636.0,875845.0,10201470.0,35245312.0,4859691.0,1
C3L-03388,35839131.0,41206.0,897284.0,6039853.0,32065014.0,5267353.0,1
C3L-03394,24378381.0,43010.0,30732859.0,16240871.0,33434062.0,3373561.0,1
C3L-03395,41655996.0,42014.0,1197137.0,10021360.0,36929040.0,6924179.0,1
C3L-03628,34166450.0,42064.0,793546.0,6877916.0,33680736.0,5551716.0,1
C3L-03630,38211457.0,42024.0,754098.0,7622039.0,37750004.0,5874897.0,1
C3L-03632,33317595.0,41163.0,608055.0,7802525.0,29147489.0,5144777.0,1
C3L-03635,41342278.0,42614.0,676684.0,7325842.0,39567797.0,6037114.0,1
C3L-03639,39328781.0,40736.0,1184151.0,10997525.0,36659473.0,5917113.0,1
C3L-03743,40359057.0,42254.0,875272.0,7533857.0,37365202.0,7247100.0,1
C3L-04027,40686605.0,41982.0,1057422.0,7865916.0,35001185.0,5848836.0,1
C3L-04072,21062581.0,40055.0,22884537.0,11199551.0,22814229.0,2593720.0,1
C3L-04080,39111770.0,41671.0,953244.0,8678746.0,36091110.0,6535024.0,1
C3L-04473,34381111.0,41785.0,671448.0,7463534.0,34175960.0,6047392.0,1
C3L-04475,33602591.0,41306.0,631292.0,7523380.0,32812003.0,5714500.0,1
C3L-04479,35201428.0,41713.0,662275.0,6533020.0,32733416.0,5726397.0,1
C3L-04495,29785023.0,41164.0,981814.0,9027094.0,31818900.0,3867470.0,1
C3L-04848,31353281.0,42896.0,46172757.0,18511183.0,37821222.0,4533274.0,1
C3L-04853,38682689.0,41118.0,919536.0,7651430.0,30234194.0,6658454.0,1
C3N-00198,38374420.0,40632.0,2412685.0,12427514.0,37184168.0,6866258.0,1
C3N-00249,38885667.0,42147.0,1177752.0,12993122.0,38450817.0,7598127.0,1
C3N-00302,33160009.0,41154.0,1392731.0,11062897.0,34818971.0,5355743.0,1
C3N-00303,33871933.0,42404.0,2678909.0,12263505.0,41526022.0,6204240.0,1
C3N-00436,45087732.0,43066.0,1412014.0,10383326.0,38765053.0,7524930.0,1
C3N-00511,34008198.0,41211.0,891487.0,8941890.0,34219829.0,5850454.0,1
C3N-00512,37477548.0,41692.0,2973761.0,18100110.0,33276317.0,7055272.0,1
C3N-00513,36481626.0,41596.0,931898.0,9615746.0,30766494.0,6398701.0,1
C3N-00514,42641562.0,42470.0,1388461.0,9214034.0,38503308.0,6969983.0,1
C3N-00516,38687040.0,41828.0,903851.0,9178041.0,33372890.0,6273555.0,1
C3N-00517,41831989.0,41569.0,1686695.0,16032222.0,30677991.0,7844641.0,1
C3N-00518,38373269.0,40918.0,1128849.0,6832076.0,31992307.0,6608760.0,1
C3N-00709,32357449.0,43275.0,845526.0,8128700.0,42011734.0,4761392.0,1
C3N-00957,34333975.0,41324.0,1699396.0,10693529.0,33160234.0,6235366.0,1
C3N-01011,42664994.0,42352.0,996695.0,12029305.0,42541012.0,8277273.0,1
C3N-01012,57813845.0,42974.0,1408818.0,13734094.0,40435816.0,10015848.0,1
C3N-01165,40873869.0,42483.0,1595843.0,12379221.0,36690926.0,7283464.0,1
C3N-01166,40239719.0,42294.0,1426799.0,12407838.0,40133951.0,8177990.0,1
C3N-01167,49520823.0,42141.0,915873.0,10476575.0,43803263.0,9436258.0,1
C3N-01168,37991783.0,41063.0,1270332.0,10429812.0,31663266.0,6807886.0,1
C3N-01375,45560055.0,40429.0,694273.0,9022386.0,38550586.0,7303865.0,1
C3N-01380,40604009.0,42464.0,811358.0,11365301.0,36536835.0,7700837.0,1
C3N-01381,39000740.0,42636.0,1791220.0,13403599.0,37817569.0,6514749.0,1
C3N-01382,36797471.0,41283.0,1036965.0,11789226.0,31726134.0,6252038.0,1
C3N-01383,30029203.0,40756.0,1468716.0,8287608.0,26556273.0,4442307.0,1
C3N-01388,39028591.0,40552.0,746254.0,8999813.0,32297516.0,6100320.0,1
C3N-01502,34353954.0,41697.0,5613037.0,14704211.0,33646144.0,6602658.0,1
C3N-01714,55683821.0,42412.0,2147450.0,16093925.0,38749634.0,9717957.0,1
C3N-01715,44903610.0,41091.0,1191269.0,10325503.0,34336027.0,8476284.0,1
C3N-01716,42275269.0,42550.0,1552770.0,12827197.0,34332821.0,8696352.0,1
C3N-01719,29834724.0,40312.0,582951.0,6151660.0,31404773.0,4382404.0,1
C3N-01998,39494985.0,42375.0,949275.0,11713439.0,31668477.0,7483922.0,1
C3N-02010,40937697.0,40443.0,964993.0,6627337.0,35709087.0,7166179.0,1
C3N-02295,32828737.0,42959.0,1382263.0,10508914.0,37436715.0,4426084.0,1
C3N-02573,35870302.0,42500.0,928681.0,10081028.0,37661284.0,5234689.0,1
C3N-02579,59657428.0,42635.0,906522.0,10587863.0,45888964.0,10996288.0,1
C3N-02585,38632500.0,42400.0,849253.0,10957873.0,38069142.0,5006484.0,1
C3N-02589,42864280.0,42774.0,739954.0,7674687.0,38821576.0,7125449.0,1
C3N-02592,39300016.0,41335.0,995738.0,11219660.0,39107931.0,4836046.0,1
C3N-02768,40858274.0,41794.0,690572.0,8520465.0,34705095.0,7166726.0,1
C3N-02940,42227662.0,42034.0,937015.0,8490844.0,34851416.0,6973167.0,1
C3N-02944,37141612.0,42291.0,937982.0,7178005.0,34145332.0,5861275.0,1
C3N-02971,34820145.0,42370.0,2190996.0,11484735.0,36868535.0,6481529.0,1
C3N-02998,36730248.0,41313.0,695147.0,8217867.0,35393356.0,6371029.0,1
C3N-03000,38048134.0,41987.0,866822.0,6461062.0,35454757.0,5869380.0,1
C3N-03006,44734251.0,41618.0,1108658.0,9620547.0,37025783.0,7545008.0,1
C3N-03007,38450577.0,40695.0,928363.0,7631460.0,31205081.0,5794136.0,1
C3N-03039,28965008.0,40323.0,1037836.0,7133177.0,25319792.0,4423030.0,1
C3N-03061,43427292.0,41472.0,1270877.0,8158883.0,40572908.0,6657158.0,1
C3N-03069,39436587.0,39431.0,835608.0,7476885.0,32920275.0,5795666.0,1
C3N-03086,37089527.0,40524.0,842445.0,5789768.0,34264230.0,5011073.0,1
C3N-03173,39816735.0,42700.0,1105255.0,7586821.0,44191399.0,6272099.0,1
C3N-03190,46102986.0,41554.0,996244.0,11594547.0,39555628.0,7194037.0,1
C3N-03211,28335275.0,42008.0,29760325.0,16649606.0,29910887.0,4204323.0,1
C3N-03426,16865056.0,38374.0,15431743.0,12892136.0,16255690.0,2424025.0,1
C3N-03428,34128388.0,41443.0,794446.0,7802305.0,33642762.0,5936141.0,1
C3N-03430,17744297.0,38960.0,11926879.0,9745235.0,16138724.0,2453964.0,1
C3N-03439,37100308.0,40944.0,1010071.0,6713361.0,31498216.0,6292220.0,1
C3N-03440,45723046.0,42240.0,939754.0,9953750.0,36699161.0,7783306.0,1
C3N-03665,16838395.0,39030.0,7967248.0,9731171.0,15816851.0,2413595.0,1
C3N-03666,29755870.0,41331.0,7665855.0,14810523.0,26483363.0,4200291.0,1
C3N-03670,35296076.0,44277.0,15503080.0,14612103.0,35717258.0,5278157.0,1
C3N-03754,35006994.0,42513.0,12690255.0,13844694.0,30968030.0,5200752.0,1
C3N-03780,18997483.0,41221.0,6466639.0,10429130.0,21978727.0,2615605.0,1
C3N-03839,39290435.0,40761.0,758249.0,6964613.0,32917053.0,6888479.0,1
C3N-03840,34700006.0,41580.0,648561.0,6219669.0,30493019.0,5382783.0,1
C3N-03853,26865686.0,40498.0,569382.0,5370269.0,28701880.0,4687935.0,1
C3N-03884,18225652.0,38937.0,16819933.0,10924749.0,18113793.0,2540058.0,1
C3N-04119,36534911.0,41590.0,853063.0,7042312.0,33879195.0,6321739.0,1
C3N-04126,40635353.0,42694.0,1102335.0,9731807.0,43185760.0,6736612.0,1
C3N-04282,41539234.0,40621.0,649863.0,6720274.0,33856152.0,6360241.0,1
C3N-04283,40019764.0,41484.0,2186725.0,7922373.0,32709433.0,6860619.0,1
C3N-04284,40230211.0,41335.0,1069193.0,12797698.0,31663140.0,5509092.0,1
