variant,arm,set,n_genes,N_set,N_null_mean,N_z,Nc_set,Nc_null_mean,Nc_z,D_set,D_null_mean,D_z,theta_raw,theta_pc,lambda_hat,dp_spline_mean,dp_linear_published_mean
spline,operator,all,9154,46.33921175013731,-43.42122486707746,4.03306256806206,162.8241162678439,-156.98712940645146,3.8899563378201814,619.2190292597365,124.97760499279698,5.75908258015516,0.07483492845097942,0.18161253227680726,0.15369888801607795,-0.16562218662801437,-0.15773039641578593
spline,operator,all|depthT1,3017,15.744433867853118,-9.918020956590171,3.7667637379110848,61.433479025345434,-34.073949788840594,3.8450189184910166,174.20981943005302,43.835721361558555,5.119931568623187,0.09037627109288558,0.19683706506610724,0.1644643793307278,-0.1851759572541871,-0.17631695545654677
spline,operator,all|depthT2,3068,17.479462692161377,-14.127581454866295,4.18491685417583,61.83340465312637,-51.122087797624374,4.012606766744408,208.89800657125377,40.42049644408647,5.72321146662058,0.0836746265752385,0.1876039367104285,0.15796843620279413,-0.1683240744891049,-0.16198158618429248
spline,operator,all|depthT3,3069,13.115315190122809,-19.375622455620995,3.4860184904877567,39.557232589372084,-71.7910918199865,3.270364184833427,236.11120325842973,40.72138718715197,6.022336341885313,0.055547195597354874,0.16628777435304606,0.14257868255996073,-0.14369872037288597,-0.1352089565866058
spline,operator,all|miss0-5,44,0.05340985081952392,-0.038410322562793635,0.4905793240712213,0.14461026219759487,-0.15242052525957095,0.3805555557796504,0.5120720771246258,0.2777766942784414,0.4953491487283931,0.10430143178169286,0.39189920120021227,0.28155717085136905,-0.27425419467055817,-0.2686938871303932
spline,operator,all|miss5-20,805,3.78826400217759,-2.0625169060880633,5.286392640866694,12.439371389737946,-8.581290089567563,4.909813579641038,21.1859795879597,4.169621122335635,3.941207651200735,0.17880995242393774,0.34383272543800864,0.25585976508046404,-0.40927929598750984,-0.32853953299501293
spline,operator,all|miss20+,697,1.1805810871354159,-2.759687855341754,2.7819526808217154,3.7265569175222613,-7.268765382321799,2.979697479526912,11.12072706839583,1.9280829617784019,1.7659184803936097,0.10616042277402239,0.42863281736760844,0.30003007921755925,-0.8048091883372175,-0.7664799176494009
spline,operator,all|miss<=5,9198,46.39262160095683,-43.45963518964027,4.027070164893909,162.9687265300415,-157.13954993171103,3.8835376756512954,619.7311013368611,125.25538168707543,5.748314183493978,0.07485927606486163,0.18171217153844338,0.1537702461859867,-0.16614184398329504,-0.15826120676493166
spline,operator,pinned_sig,682,9.775718366719001,-7.024803646854491,5.654493565442019,32.406910069349195,-25.163048263520565,5.20351643002858,129.10252926440904,30.160680076043295,9.487850939957806,0.07572057977809091,0.16980198117773818,0.14515446537950313,0.06673437058398697,0.06913264714527374
spline,operator,pinned_sig|depthT1,226,3.4928871524238936,-1.8294902050625366,6.258212906863419,12.428132652555522,-6.3489642751172894,5.686841609003597,44.677296916585234,11.723128297176508,9.773434032277994,0.07818035990282246,0.16150847011056915,0.13905061759488888,0.07075360448152089,0.07194896605678246
spline,operator,pinned_sig|depthT2,228,3.457422599749447,-2.19168618478253,4.966334845008553,11.065883475739652,-8.262405593580112,4.528524850517782,42.467567175345906,9.040884418295018,9.226777435160425,0.08141324850265068,0.16899998200809735,0.14456799367763098,0.06546297488583988,0.066628259950102
spline,operator,pinned_sig|depthT3,228,2.825408614545659,-3.0036272570094233,5.220223018902747,8.912893941054019,-10.551678394823165,4.855260505100098,41.9576651724779,9.396667360571769,9.029637171121598,0.06733951002590544,0.17901895713477364,0.15183721690940546,0.06402178882229781,0.06884541998079212
spline,operator,pinned_sig|miss<=5,683,9.763166628282026,-7.02376192777693,5.650831276935129,32.302922769964816,-25.158228332434636,5.193777184615634,129.2764091930053,30.182112660808063,9.500232936202488,0.07552164149072202,0.16940357965611705,0.14486322994319295,0.06675445213045088,0.06914596223706186
spline,operator,ecm,199,0.9050010061221755,-1.866324584854025,2.6756354706736953,3.617540834534677,-5.876949635430826,2.713776347960486,10.768971668664513,2.2724034644782676,4.145390992466049,0.08403782960591695,0.3261699929167606,0.24594885622422105,-0.14649820328080407,-0.1445441562041849
spline,operator,ecm|depthT1,64,0.4853592964374537,-0.4031907307787084,2.6382989569019903,2.0954461971086027,-1.1852997427659617,2.724954616387613,3.338230766800105,0.8867328433780293,2.9562027968152504,0.14539417144690084,0.3624518783910795,0.266029123038899,-0.18543302966732378,-0.1833489965052053
spline,operator,ecm|depthT2,67,0.6817363011743872,-0.6910800822367869,3.7367362677518274,2.374461575510559,-2.1469400475702276,3.7297648251803173,2.915579304443231,0.352818602298576,3.543483291783685,0.23382533280279744,0.5356787242220189,0.3488221304188452,-0.1477857195604688,-0.14113784918013136
spline,operator,ecm|depthT3,68,-0.2620945914896657,-0.7720537718385299,1.134751679020065,-0.852366938084484,-2.544709845094637,1.114591469143965,4.515161597421174,1.0328520188016628,4.2913844755679005,-0.05804766581097796,0.1464428043617612,0.12773668586396483,-0.10858507858264525,-0.11137816784163021
spline,operator,ecm|miss20+,19,-0.05362999769371192,-0.1855932514468622,0.659165338874777,-0.006461071466495535,-0.3751820853990466,0.7118405258526501,1.0485740226399907,0.022418565670044587,2.27658491609611,-0.05114564783770619,0.128599670602361,0.1139462237603917,-0.40992119727421905,-0.43000891600243124
spline,operator,ecm|miss<=5,199,0.9050010061221755,-1.866324584854025,2.6756354706736953,3.617540834534677,-5.876949635430826,2.713776347960486,10.768971668664513,2.2724034644782676,4.145390992466049,0.08403782960591695,0.3261699929167606,0.24594885622422105,-0.14649820328080407,-0.1445441562041849
spline,operator,pinned_sig&ecm,13,-0.10824374961113804,-0.33135970557388966,1.9409914825444397,-0.3414782611604075,-1.0713934485627519,1.918200912941638,2.1462929352646194,0.6584158889394836,5.992916357205107,-0.05043288725068301,0.1499559096726569,0.13040144270865386,0.062454616177032636,0.06516985526248051
spline,operator,folding,183,1.9126248295480779,-0.34310305726635965,3.6858894508399533,6.525680997092337,-1.4892559929921867,3.190998591709676,16.625300849756734,3.3670943173938332,5.056045294801782,0.11504302068470923,0.1701382371219117,0.1454001174599559,-0.1517779908811532,-0.14099492156864277
spline,operator,folding|depthT1,61,0.42149979429395484,-0.2349305650794765,2.6190792817272013,1.7416710326938691,-1.00033796236246,2.569877642079843,5.600215772174205,1.0057028845660174,4.709160403246726,0.07526492039614993,0.14287267778568707,0.12501189376799393,-0.16893969930893435,-0.14025858509816586
spline,operator,folding|depthT2,61,0.37358209436366335,-0.18184821250721472,2.6383920687791753,1.0442440909376625,-0.7557200681672935,2.079886963061527,5.711276576547161,1.0413980327563153,5.750088656386423,0.06541131205197527,0.11893891921651543,0.10629616789073425,-0.154855344167246,-0.1509490999688346
spline,operator,folding|depthT3,61,1.1175429408904596,0.07367572032033155,3.52208473103506,3.7397658734608057,0.2668020375375669,3.0402386023005596,5.313808501035366,1.3199934000715006,3.905587600857401,0.21030922372771102,0.2613709433664572,0.20721179978102838,-0.13153892916727916,-0.13177707963892785
spline,operator,folding|miss<=5,183,1.9126248295480779,-0.34310305726635965,3.6858894508399533,6.525680997092337,-1.4892559929921867,3.190998591709676,16.625300849756734,3.3670943173938332,5.056045294801782,0.11504302068470923,0.1701382371219117,0.1454001174599559,-0.1517779908811532,-0.14099492156864277
spline,operator,pinned_sig&folding,14,0.4577647387819934,0.041845492934940526,4.625567578262471,1.7124716267140316,0.18294678949678705,4.084338780943802,2.733236959468411,0.6458095617384885,6.6019184977943,0.1674808095932613,0.19924968231200044,0.16614528671616777,0.054572741546248985,0.06397962896914056
spline,operator,ptm,989,7.003762100479133,-4.27999613342038,4.811800965908763,26.655204874776246,-16.12936682177706,4.725792310261106,74.32489008405837,13.797468982337428,5.6979358938276405,0.09423171823810528,0.18642390553756283,0.15713094170425965,-0.18477018949138607,-0.17555253315337047
spline,operator,ptm|depthT1,328,1.7145598291110349,-1.0635862451569096,3.739888399133769,6.730704278635859,-4.532393568743069,3.761465107533014,19.52207160581976,3.5045554099532183,5.012149602654777,0.08782673600069699,0.1734442494264416,0.14780783110166335,-0.21066138424673847,-0.19939609069742928
spline,operator,ptm|depthT2,330,2.136082154374569,-1.4656923660597847,4.172524749516235,8.976977714946507,-4.886410340776622,4.15638780741845,25.029651022286878,4.582790798622858,5.693767737398124,0.08534206699376515,0.17615293893709255,0.14977043639944024,-0.18667219235929564,-0.17772267771255726
spline,operator,ptm|depthT3,331,3.1531201169935286,-1.750717522203687,4.445267718137529,10.947522881193882,-6.7105629122573704,4.27172684940243,29.77316745595172,5.710122773761351,5.574564237873861,0.10590475876167528,0.20379123689308784,0.16929117827694165,-0.1572174014969276,-0.14976149212925288
spline,operator,ptm|miss5-20,66,0.45491258445090293,0.07215280472512603,1.9933009151550984,1.4737734638276228,0.4827055479703853,1.248579210678148,3.051348640730576,0.24872645686411904,4.778776581357531,0.14908574470270447,0.13657202241856484,0.12016134457361252,-1.2739888410405351,-0.3079677749798094
spline,operator,ptm|miss20+,50,-0.29922064165901435,-0.2022369709768383,-0.33364917681751677,0.10896207168692547,-0.512981890967108,0.8179874397669232,0.5040533962795043,-0.07744427947228377,0.724702446978747,-0.5936288573147368,-0.1667825594604328,-0.2001669088352607,-0.6637861395495418,-0.6400970408409319
spline,operator,ptm|miss<=5,992,6.965121387597255,-4.28740030314764,4.79439053210158,26.447431884142752,-16.134265627040563,4.70023579119461,74.48713262227469,13.842141473301119,5.687363544229021,0.09350771257255243,0.18554742077714603,0.15650780181826604,-0.1849371848457399,-0.1757531146574681
spline,operator,pinned_sig&ptm,79,1.8556801048954086,-0.7820498193067246,5.3927540229900535,6.023884221981849,-2.768376840316847,4.896018539341902,14.854910471099625,3.067525429686633,8.186534166217083,0.12492031564280731,0.22377566482599096,0.18285676963335407,0.06511631950635328,0.06927154477691705
spline,operator,pinned_sig&ptm|depthT1,26,0.5725881150326526,-0.3131325656629138,4.539938972002136,1.8536703422394554,-1.1615768626681504,4.154825167914754,4.78649971316786,0.8425670096633084,8.41523824470413,0.11962564490653553,0.22457804107776003,0.1833921837109763,0.06806921631041558,0.060590471250681746
spline,operator,pinned_sig&ptm|depthT2,26,0.8413252943163524,-0.07484305976569607,5.014957850491932,2.8165309109432264,-0.2133893861915971,4.404747487190563,4.983141313435148,1.1618670109598328,7.129975127061489,0.1688343238527148,0.23975466861632522,0.1933888007729081,0.05895339973910146,0.06797949558325775
spline,operator,pinned_sig&ptm|depthT3,27,0.44176669554640313,-0.3940741938781147,4.448623613567746,1.3536829687991656,-1.3934105914570998,4.039279424840451,5.085269444496621,1.0630914090634924,7.53897919729133,0.08687183646178115,0.20780802889907637,0.1720538561815113,0.06820745273016543,0.07887529258126001
spline,operator,pinned_sig&ptm|miss<=5,79,1.8556801048954086,-0.7820498193067246,5.3927540229900535,6.023884221981849,-2.768376840316847,4.896018539341902,14.854910471099625,3.067525429686633,8.186534166217083,0.12492031564280731,0.22377566482599096,0.18285676963335407,0.06511631950635328,0.06927154477691705
spline,operator,secretion,1502,7.150068422613378,-5.602865003233616,3.563339715660951,25.526933196005096,-21.494581944223654,3.408528484568503,113.95726261439442,24.811593348813584,5.4809974356402105,0.06274342028386196,0.14305724025531438,0.12515317275218954,-0.17063466815917244,-0.15966162134936193
spline,operator,secretion|depthT1,495,2.6156686769928643,-1.8956680033743287,3.8980579394184534,10.284886004861205,-6.598033891641965,3.8738641712959745,33.37362995242974,8.238283534085342,5.12260426106106,0.07837531250634704,0.17948177857913697,0.15217003080399405,-0.18275595204723566,-0.17784510369737544
spline,operator,secretion|depthT2,503,2.831198888630227,-1.6723937469515255,3.457808004212764,9.905129162190331,-6.598011854878912,3.268907918478244,35.84614817136936,8.095999099611127,5.438108295620558,0.07898195574863831,0.1622907546887786,0.13963008312170086,-0.17218420454708888,-0.16243710092392702
spline,operator,secretion|depthT3,504,1.7032008569902874,-2.0348032529077624,2.5869376966547772,5.33691802895356,-8.298536197702777,2.3629845786798995,44.737484490595335,8.477310715117115,5.005767449927731,0.03807100189882899,0.10308842238439467,0.09345435986134511,-0.1571833738581541,-0.13903287137262996
spline,operator,secretion|miss5-20,64,0.555911356327333,-0.07143230817554912,2.9895467073152795,1.515927202778251,-0.6201804093901719,2.628546458220899,2.239407263895129,0.8647116206781811,2.326722681107093,0.24824040061404673,0.4563509512802594,0.3133523213474658,-0.3148100933165541,-0.3112760584945287
spline,operator,secretion|miss20+,61,-0.06797133226212689,-0.29591365439961914,0.5213460184561429,0.9241804049979626,-0.71583448943591,1.6552640772636298,2.0954051077834652,0.3572001670376768,1.9758874703067675,-0.032438277452720085,0.13113662077136434,0.11593349411845352,-0.644491734604819,-0.6439619147479212
spline,operator,secretion|miss<=5,1505,7.165866463105621,-5.6034511568559,3.569550799968973,25.765271689560507,-21.503866109138844,3.4249227901494588,113.94325730199357,24.79948654445694,5.471649100881428,0.06288978069244862,0.14324408213214318,0.1252961501143254,-0.17104146086343563,-0.16006633286403205
spline,operator,pinned_sig&secretion,98,0.3955961576832451,-1.1464766793611245,3.7283402946914794,1.5310111154242283,-4.099013713956316,3.582897956527592,19.098811853169885,4.741704638306802,8.520714869905207,0.020713129210578975,0.10740832494779665,0.09699071474188158,0.06534095938166329,0.07382116164637632
spline,operator,pinned_sig&secretion|depthT1,33,0.2814038521504074,-0.3142921926432497,3.7092645978751038,1.1568067114148706,-1.0161200829884733,3.491895507825877,6.363364555441989,1.55062383016464,7.5394368408983015,0.04422249420076822,0.12377480500143259,0.11014200038171776,0.06523358009018136,0.07627924526040646
spline,operator,pinned_sig&secretion|depthT2,32,0.22743074534020583,-0.3506040891202864,3.4491127067959058,0.7512292098480973,-1.2846987878237162,3.2105564749601907,6.081246240117029,1.4784652551741766,9.347059696628106,0.037398706837404615,0.1255838234214112,0.11157216442545961,0.06368626216424622,0.07482593008163188
spline,operator,pinned_sig&secretion|depthT3,33,-0.11323843980736817,-0.4815803975975882,1.9047066652691136,-0.37702480583873965,-1.798194843144126,1.8659457808144735,6.6542010576108686,1.7126155529679858,6.417107312421483,-0.01701758615752218,0.07453922581004481,0.06936854795026508,0.06705289355064055,0.07038875712543172
spline,operator,pinned_sig&secretion|miss<=5,98,0.3955961576832451,-1.1464766793611245,3.7283402946914794,1.5310111154242283,-4.099013713956316,3.582897956527592,19.098811853169885,4.741704638306802,8.520714869905207,0.020713129210578975,0.10740832494779665,0.09699071474188158,0.06534095938166329,0.07382116164637632
spline,operator,splicing,230,6.8806151487031855,-1.599076022184986,4.139707893279475,24.425103041490175,-6.036928202216384,3.824838552933262,29.581219989398708,2.544228792028374,4.800290947802691,0.23260079033822995,0.3136329449155911,0.23875234412284319,-0.09119898328418563,-0.0822992484228714
spline,operator,splicing|depthT1,77,1.8545539626730436,-0.572640310105299,4.338042718133475,7.4061360669412855,-2.122012228976461,4.171794711741144,9.820159249292443,0.9386838815963882,5.072682856045335,0.18885171977294227,0.2732872830573398,0.21463128289567066,-0.09968292557089384,-0.09295742244439956
spline,operator,splicing|depthT2,76,2.4287239448637257,-0.307417784970356,4.165939378404638,8.486308985225735,-1.3098513756426815,3.671578732963632,10.120935377357988,0.4919711844399832,4.806447675473509,0.23997030455279225,0.2841574311644531,0.22127927952477272,-0.08805322152875843,-0.07783497354968265
spline,operator,splicing|depthT3,77,2.5973372411664153,-0.7190179271093311,3.6883090481313,8.532657989323152,-2.605064597597242,3.382744637563478,9.640125362748282,1.1135737259920022,4.215530985198969,0.26942981999001164,0.3889444771529435,0.28002881580277517,-0.08581994870413287,-0.07604737167877626
spline,operator,splicing|miss<=5,230,6.8806151487031855,-1.599076022184986,4.139707893279475,24.425103041490175,-6.036928202216384,3.824838552933262,29.581219989398708,2.544228792028374,4.800290947802691,0.23260079033822995,0.3136329449155911,0.23875234412284319,-0.09119898328418563,-0.0822992484228714
spline,operator,pinned_sig&splicing,43,1.3675858395015175,-0.34885909311569824,3.7506676190961623,4.333346165741995,-1.5533690777477558,3.2310522886994733,10.228632078787834,1.0889447751728625,6.110916575006157,0.1337017334251,0.1878012754263835,0.15810832949221132,0.08748342915788451,0.09001487384100823
spline,operator,pinned_sig&splicing|depthT3,15,0.34623948164138324,-0.19656544275121107,3.1311034141244134,1.093170715282588,-0.7470268151613487,2.833400032249675,3.374571192785643,0.4786296188190841,5.62019423949526,0.10260251210038016,0.18743642111850922,0.15784964801900966,0.08011455634312008,0.08699928021481623
spline,operator,pinned_sig&splicing|miss<=5,43,1.3675858395015175,-0.34885909311569824,3.7506676190961623,4.333346165741995,-1.5533690777477558,3.2310522886994733,10.228632078787834,1.0889447751728625,6.110916575006157,0.1337017334251,0.1878012754263835,0.15810832949221132,0.08748342915788451,0.09001487384100823
spline,operator,translation,1322,10.213065481818386,-4.051439337538475,4.703691825744467,37.72029378178386,-14.199197159769046,4.206928955254228,107.21185027133521,23.377796005578134,5.3537283031171885,0.09526060277824541,0.17015167576338192,0.14540993213753986,-0.198668237693034,-0.1839250245782345
spline,operator,translation|depthT1,437,2.9703859373758847,-0.328546591746657,3.557650876213205,12.282485585773381,-0.30721769426114565,3.248582143385824,30.795111140826798,10.005124536460261,4.461738499537902,0.09645641231142947,0.15867891557129069,0.13694813415419188,-0.22224353494055993,-0.20601266047876512
spline,operator,translation|depthT2,442,3.714560713503177,-1.6101007169988781,4.623229704165364,14.327168035837467,-5.492640903043117,4.321558384316721,33.95988649674433,5.928235009213094,5.519163126771743,0.10938083417502838,0.189951756244919,0.15962979612244269,-0.19034385897051567,-0.18734388715531336
spline,operator,translation|depthT3,443,3.528118830939325,-2.11279202879294,4.466135429955265,11.110640160173018,-8.399338562464782,3.763325006592867,42.45685263376406,7.444436459904776,5.000620607308098,0.08309892542843762,0.16111172767173496,0.1387564381894555,-0.18371783249706167,-0.15872539896288304
spline,operator,translation|miss5-20,79,0.5323235571858135,0.14798191309831701,1.7198258499223458,1.977925305046841,0.869471980027577,1.0952268851586116,3.079352687311956,0.21922757164771334,4.271168139990885,0.17286865495439305,0.13437931158414937,0.11846065087037774,-1.1506137757664983,-0.34034158445586915
spline,operator,translation|miss20+,57,-0.3573090749775999,-0.2724510256687218,-0.27757408196218064,-0.09935444399272263,-0.669704030532315,0.6732253308553755,-0.0481097932572693,-0.25549099452326635,0.23062698257403302,7.426950955013949,-0.40918872487403085,-0.692587873829568,-0.6732134970764375,-0.6641620812150704
spline,operator,translation|miss<=5,1327,10.180545049043761,-4.055498431897862,4.690174151460857,37.684820497867904,-14.150669757926577,4.195081784526098,107.4339830426903,23.55607781975855,5.337442153354159,0.09476093839877824,0.16972340264226782,0.14509703940169325,-0.19901884316212592,-0.1842843093456166
spline,operator,pinned_sig&translation,112,2.525187222975413,-0.899160021854793,5.347616126168758,8.172511194692284,-3.300852057524553,4.7075313134259655,23.03484578408631,4.835738591245109,8.390849651628212,0.10962466372229615,0.1881601777793367,0.15836263603027564,0.07076137907802084,0.07732897745729302
spline,operator,pinned_sig&translation|depthT1,37,1.1283016965914368,-0.2535554043839648,5.05661601428591,3.9884547994132573,-0.8174903670113569,4.472189670528128,7.532272003282262,1.790386813427262,7.23860046043572,0.1497956653848624,0.2406626143303812,0.19397909758107224,0.07518885885645613,0.07170257404077873
spline,operator,pinned_sig&translation|depthT2,37,0.7304223050357338,-0.1864000903123154,4.329177598079823,2.2325908758137243,-0.8043811556343741,3.5095595905420276,7.676146305465642,1.446132870640742,8.048232761693587,0.09515481805182004,0.14716218591490363,0.1282836792580784,0.06229460722335765,0.07324869739221851
spline,operator,pinned_sig&translation|depthT3,38,0.6664632213482433,-0.4592045271585129,4.87775772616038,1.9514655194653008,-1.6789805348788218,4.393983899423488,7.826427475338406,1.5992189071771044,7.874427269299665,0.08515548421656155,0.1807660264122373,0.15309216421266425,0.07469437399434804,0.08678022189989262
spline,operator,pinned_sig&translation|miss<=5,112,2.525187222975413,-0.899160021854793,5.347616126168758,8.172511194692284,-3.300852057524553,4.7075313134259655,23.03484578408631,4.835738591245109,8.390849651628212,0.10962466372229615,0.1881601777793367,0.15836263603027564,0.07076137907802084,0.07732897745729302
rnapc,operator,all,9205,2.043191983255749,-0.7281397014269114,0.8955056489830123,16.175674916576455,-7.847630754605014,0.7985199890031701,-25.46869456316793,-18.83512465412314,-0.22564306558569697,-0.08022366353282012,-0.4177737964145043,-0.7175455069554547,,
rnapc,operator,all|depthT1,3068,1.2169876724019977,-0.04250541643348056,1.11369687205725,10.873215692739782,-1.8269916293111572,1.0713702209752651,-13.549395931155487,-5.084175183633275,-0.7458783143175224,-0.08981859254726299,-0.14878443532664334,-0.17479054836566282,,
rnapc,operator,all|depthT2,3068,0.4546657273940222,-0.2437746881100072,0.6283432438912944,6.865558631440681,-0.7465781783354747,0.7463495310810537,-8.244930943692978,-7.20960294622204,-0.1052883426786169,-0.05514487998736026,-0.6746078703658688,-2.073215080906823,,
rnapc,operator,all|depthT3,3069,0.3715385834597289,-0.44185959688342374,0.6773975529654771,-1.5630994076040112,-5.274060946958384,0.30873096598276734,-3.674367688319462,-6.541346524267832,0.3174331935623229,-0.1011163321081943,0.28371265603503776,0.22100947178579042,,
rnapc,operator,all|miss0-5,44,0.0311568226172375,0.07243649820803175,-0.8340054288142652,0.31852321213234264,0.7055096178216398,-0.6553162548849828,-0.3669392066704479,-0.16423874869988064,-0.5674773861719652,-0.08491003973096771,0.20364865478887173,0.1691927739699033,,
rnapc,operator,all|miss5-20,810,-0.05230514577956735,0.08211888704174988,-0.40074385086396863,-1.4915409093560856,0.5763164254734137,-0.740835240088777,-17.20059568551621,-7.1750568950185185,-3.1040113101506077,0.0030408915328212142,0.013408160462031797,0.013230760304829958,,
rnapc,operator,all|miss20+,704,0.4843067844583302,0.6243874773863015,-0.35270001800046735,0.5587392551191397,4.434705356048365,-1.2974831361440757,-19.821502801905556,-8.563101521449187,-3.2939023058182415,-0.024433403929987135,0.012442325463308857,0.01228941654292758,,
rnapc,operator,all|miss<=5,9249,2.0743488058729866,-0.6557032032188798,0.8812117385189151,16.494198128708796,-7.142121136783376,0.7853815652521716,-25.835633769838378,-18.999363402823022,-0.23087512299629095,-0.08029022335402006,-0.3993481624518866,-0.6648579717695412,,
rnapc,operator,pinned_sig,684,0.4808525177926193,0.008384812000142102,1.7404875139045677,-1.0528927662921352,-2.0798819524583734,0.3262517720410485,14.221285391148772,5.035554018267789,3.483274803625049,0.033812169896534,0.05143495782898057,0.04891882036639173,,
rnapc,operator,pinned_sig|depthT1,228,0.28253625618577594,0.04011337836463738,2.005112032386557,1.9403703736988942,0.0754006951058917,1.3804060178395081,6.122194252472727,2.7189910044498107,3.280300901271109,0.046149508580467014,0.071233734853178,0.06649691149144141,,
rnapc,operator,pinned_sig|depthT2,228,0.1829899287828729,0.015395744699397253,1.3939967496467822,-0.06736376076614048,-0.9752784732939145,0.6113625419253781,4.501217622458672,1.429048741279985,3.292219336603966,0.04065342850117953,0.05455239948240588,0.051730382965494384,,
rnapc,operator,pinned_sig|depthT3,228,0.015326332823970487,-0.04712431106389252,0.46434781870290437,-2.925899379224889,-1.1800041742703502,-1.1026181534012203,3.5978735162173727,0.8875142725379936,3.3508401090524322,0.004259830912589678,0.023041463611696258,0.022522511971657323,,
rnapc,operator,pinned_sig|miss<=5,685,0.47506458298619636,0.0025152672312033085,1.7378917277522197,-1.199766826288379,-2.231464421277553,0.3269036385937766,14.365781554768606,5.092567371085002,3.5051553330429823,0.033069177696670636,0.05095852488627433,0.04848766500256385,,
rnapc,operator,ecm,202,-0.45824009323114606,-0.2692131696995541,-0.7744116175341851,-4.5377677937694,-2.5921345095565367,-0.8740970639870865,-1.5197860379076369,-1.2359788941340906,-0.2898364160212631,0.30151618833268623,0.6660400475416474,0.3997743322703639,,
rnapc,operator,ecm|depthT1,67,-0.118866476384049,-0.08835384543981832,-0.32804912413878773,-0.8460431239784625,-0.5626063045921087,-0.3483468073084708,-0.8441496435729547,-0.40411273531483266,-1.0416674545469682,0.14081209094744596,0.06934107201374166,0.06484467288174131,,
rnapc,operator,ecm|depthT2,67,-0.24459812372861078,-0.16837945874110413,-0.707393777612384,-2.4430905935570864,-1.7046579693663408,-0.7760394562385581,-0.3342002109604044,-0.33631841691249015,0.006441709286975707,0.7318909914081126,-35.98265074860008,,,
rnapc,operator,ecm|depthT3,68,-0.09477549311848628,-0.012479865518631667,-0.7985224165429224,-1.2486340762338515,-0.3248702355980877,-0.9400282115233752,-0.34143618337427795,-0.49554774190676765,0.3885232315181639,0.2775789378321237,-0.5340003591132659,-1.1459244004933904,,
rnapc,operator,ecm|miss20+,19,-0.010280402347986918,0.028133410855892497,-0.505869144601543,-0.1429139533581226,0.09893919255922308,-0.46471841525204166,-0.12291930220370369,-0.3493247117711614,1.0862057511568617,0.08363537836352246,-0.16966826577716546,-0.20433792758260627,,
rnapc,operator,ecm|miss<=5,202,-0.45824009323114606,-0.2692131696995541,-0.7744116175341851,-4.5377677937694,-2.5921345095565367,-0.8740970639870865,-1.5197860379076369,-1.2359788941340906,-0.2898364160212631,0.30151618833268623,0.6660400475416474,0.3997743322703639,,
rnapc,operator,pinned_sig&ecm,13,-0.030681594351994343,-0.031304948429747806,0.02385438434687869,-0.5709367980899399,-0.4197463336510967,-0.46538422680284464,0.3057832132452306,0.09338818085642413,2.1777342213626203,-0.10033773282180948,0.0029348806831431084,0.002926292364210159,,
rnapc,operator,folding,183,0.018967532450957975,0.02818606328872616,-0.05819170376270699,2.141450292323951,0.5812853127571183,0.940220546400784,0.7474545949247628,-0.017619088059136468,0.8832888436550238,0.025376166766179563,-0.012049206557222782,-0.01219616061568625,,
rnapc,operator,folding|depthT1,61,0.026030928067305524,0.00939793256729318,0.30103262961973076,1.0025103948758611,0.14517528433295934,1.273457468268485,0.513295366000037,-0.04050176117319561,1.5737337152704323,0.05071335100910233,0.030034456092094163,0.029158690677245476,,
rnapc,operator,folding|depthT2,61,-0.0866977747597494,-0.03682619653491177,-0.6045913629600365,0.31708233061226887,0.2573087350073881,0.07773033674064617,0.15003440581713945,0.045980207304365715,0.3281363565156152,-0.5778526217874042,-0.47928463183266334,-0.9204349653045785,,
rnapc,operator,folding|depthT3,61,0.07963437914340185,0.05561432725634475,0.27365880034946216,0.8218575668358212,0.17880129341677076,0.7097866979882114,0.08412482310758647,-0.023097534190306596,0.28731515541640423,0.9466216534156413,0.22402092709380397,0.18302050409031603,,
rnapc,operator,folding|miss<=5,183,0.018967532450957975,0.02818606328872616,-0.05819170376270699,2.141450292323951,0.5812853127571183,0.940220546400784,0.7474545949247628,-0.017619088059136468,0.8832888436550238,0.025376166766179563,-0.012049206557222782,-0.01219616061568625,,
rnapc,operator,pinned_sig&folding,14,0.060586226677772165,0.01272605510673436,1.9117280192941042,0.8666541804932514,0.13458975052017366,2.4745001071539634,0.4703292047611123,0.15492321304321713,2.9664291719889926,0.12881663750509578,0.15174147869024887,0.13174959962613142,,
rnapc,operator,ptm,992,-0.07921849101340506,-0.17772395648619185,0.24165289402950865,0.5241804990052525,-2.053137481515212,0.6230089650220089,-0.9857513595008609,-2.4474818676671752,0.38702471559814133,0.08036356252505465,0.06738962135801502,0.06313497902694311,,
rnapc,operator,ptm|depthT1,331,0.012086750433881327,0.014940859688287924,-0.01643669736795997,-1.2549365880873902,-0.8740197118400925,-0.22021307271937865,-1.6209087613960593,-0.8397792149812128,-0.5354421927344132,-0.007456774077444821,0.0036538231942526227,0.003640521372821435,,
rnapc,operator,ptm|depthT2,330,-0.05902022280005562,-0.12617145580760306,0.37108271198674314,1.5670020050849898,-1.2029567991440175,1.5270025164541572,-0.030924198520203117,-0.8893611632202675,0.6870438006095503,1.9085449461688415,0.07822500168199292,0.07254979392980564,,
rnapc,operator,ptm|depthT3,331,-0.03228501864723078,-0.06649336036687671,0.15358154102450075,0.21211508200765294,0.023839029468898015,0.08240777102585765,0.6660816004154017,-0.718341489465695,1.0113562782453651,-0.04847006526992524,0.024709456212973133,0.02411362173263441,,
rnapc,operator,ptm|miss5-20,66,0.09494199743006482,-0.027353768050397038,1.5193735245026005,0.4629049180535825,-0.1012683074435715,0.7345227942018936,-1.157841480192731,-0.6564742145051007,-1.2877367417166452,-0.08199913291607158,-0.24392451173040178,-0.3226192562976254,,
rnapc,operator,ptm|miss20+,51,-0.18458826733501477,0.08872205405852174,-2.4420027819778687,-0.9009779130585747,0.3443579051218187,-1.6015147130834415,-1.3809735254817332,-0.49137624044577366,-1.9076431313855318,0.13366531937722972,0.30722926653546234,0.23502324680177122,,
rnapc,operator,ptm|miss<=5,995,-0.06840141280958842,-0.16165539979460347,0.22777298589943096,0.6837579093139468,-1.8839987080911667,0.6194211812697259,-0.9615207781977467,-2.4644317979756356,0.39673045305396637,0.0711387776120642,0.062048907591879136,0.0584237761070445,,
rnapc,operator,pinned_sig&ptm,79,0.04113218378851084,-0.026952438211925358,1.0985312294924003,-0.5809788228610494,-0.7180117781111616,0.1643908207577903,1.3016638025297027,0.34076568231701176,2.7030693515231907,0.031599698561620135,0.07085519324917187,0.0661669231244835,,
rnapc,operator,pinned_sig&ptm|depthT1,26,0.022742217730336443,-0.03181824808456553,1.4323485745593534,-0.35982138507359307,-0.7008680108916421,0.7502495157865958,0.4814515971499207,0.10810854391659594,2.5340008188347514,0.04723676869069493,0.14614030003339534,0.12750646672936744,,
rnapc,operator,pinned_sig&ptm|depthT2,26,-0.009113162246750219,0.017922721623092715,-0.7970801164253154,-0.31330900771978404,0.1801831728349132,-1.1617647654398864,0.40060344261673253,0.1572979602968661,1.6958362244320966,-0.022748586949785682,-0.11111909033886737,-0.12501009880078223,,
rnapc,operator,pinned_sig&ptm|depthT3,27,0.02750312830492464,-0.013056911750452552,1.0865658223027912,0.09215156993232737,-0.19732694005443263,0.6082454214561009,0.4196087627630496,0.07535917810354968,2.402182822912999,0.06554469483387668,0.11782160927077215,0.10540287313611235,,
rnapc,operator,pinned_sig&ptm|miss<=5,79,0.04113218378851084,-0.026952438211925358,1.0985312294924003,-0.5809788228610494,-0.7180117781111616,0.1643908207577903,1.3016638025297027,0.34076568231701176,2.7030693515231907,0.031599698561620135,0.07085519324917187,0.0661669231244835,,
rnapc,operator,secretion,1511,0.07218290662100643,-0.2802214784360212,0.5749388843950649,2.906195385452473,-1.1278664053408398,0.6282740402663272,-1.9338134753546514,-2.0391517420346044,0.019747197366218366,-0.0373267161186621,3.34545456427274,0.7698744779840171,,
rnapc,operator,secretion|depthT1,504,0.06341155512228783,0.01851811739666993,0.1747484939601829,1.3446734399397515,0.18001262591960235,0.42600574092377347,-2.1752987455659825,-0.6291219060763844,-0.760569552564999,-0.029150734009083898,-0.02903512494756905,-0.029903373122535652,,
rnapc,operator,secretion|depthT2,503,0.16746122342644781,-0.09641410574070072,1.0422306652363023,2.9691141013550135,-0.3546164060070409,1.3398835416479955,-0.95178092094901,-1.2574877883161728,0.17128901584296566,-0.17594513584016175,0.863164545303546,0.463278751991773,,
rnapc,operator,secretion|depthT3,504,-0.1586898719277291,-0.2023254900919904,0.13939226052431827,-1.4075921558422904,-0.9532626252534016,-0.13416694715150096,1.1932661911603408,-0.15254204764204765,0.6831713154486035,-0.13298782208303236,0.03242335490759954,0.031405096323592355,,
rnapc,operator,secretion|miss5-20,66,0.04749892156427668,0.04667286771721996,0.010188339071863697,1.0721500152371544,0.4103332180464461,0.8969308501278259,-1.4469613500206864,-0.44072685560331903,-2.369233811368193,-0.03282666918753401,-0.0008209357278444599,-0.0008216102170259785,,
rnapc,operator,secretion|miss20+,62,-0.11372525756194689,0.08957615401639649,-1.4510046712741878,-0.7489271802807773,0.3360274397914755,-1.1672715785634964,-1.1846721881538214,-0.6213178024602106,-1.1713289220227425,0.09599723763176625,0.36087659338630246,0.26517951380758514,,
rnapc,operator,secretion|miss<=5,1514,0.08545483759890704,-0.2688628439734512,0.5796919519570948,3.1837855131912205,-0.9618216581475779,0.647369192500536,-2.015443525939882,-2.0696516971473797,0.010167280845234215,-0.042400015926547,6.536241191685,0.8673078561891922,,
rnapc,operator,pinned_sig&secretion,98,0.07197251014656336,-0.040659348062471075,1.602739022812971,0.2693716905346789,-0.7177241128932841,1.2819823774807941,2.279148638078256,0.5993825548513647,4.229049924916365,0.03157868203244941,0.06705210882259544,0.06283864514974993,,
rnapc,operator,pinned_sig&secretion|depthT1,33,0.015923594229020885,-0.03164225497825857,1.071503822748977,0.27476999320614387,-0.3001511357028454,1.2096406489760212,0.8070910295780113,0.2296398590536241,3.5650666562416675,0.019729613693447393,0.08237207167505539,0.07610328631962776,,
rnapc,operator,pinned_sig&secretion|depthT2,32,0.03536817570245295,0.0030657464301928022,0.8490474502451234,-0.02255371675665835,-0.10173577977618573,0.18392501966122127,0.821322054372184,0.25807439700092044,3.2692687463804675,0.043062493590882905,0.05735031269019211,0.054239651704719345,,
rnapc,operator,pinned_sig&secretion|depthT3,33,0.020680740215089522,-0.012082839514405306,0.7760403988377832,0.01715541408519304,-0.3158371974142529,0.7113481343025188,0.6507355541280614,0.11166829879682012,3.0953408202861867,0.03178055983555443,0.06077827841604394,0.05729593040573773,,
rnapc,operator,pinned_sig&secretion|miss<=5,98,0.07197251014656336,-0.040659348062471075,1.602739022812971,0.2693716905346789,-0.7177241128932841,1.2819823774807941,2.279148638078256,0.5993825548513647,4.229049924916365,0.03157868203244941,0.06705210882259544,0.06283864514974993,,
rnapc,operator,splicing,230,0.1912056140196768,0.008062347676471994,2.3820143604620476,3.4807861380649037,0.30827334342019,2.124608797410787,2.0425696411281535,0.127732431158129,1.7275199131678354,0.09361032797592643,0.09564430093045445,0.08729502891516015,,
rnapc,operator,splicing|depthT1,77,0.07468030066500034,0.0008064197511864821,1.4540720917435466,1.6152340072277933,0.11036749475129735,2.124447117881055,0.7914685197890182,-0.027717496099122788,1.9239873270771308,0.09435662796153645,0.09017961669392226,0.08271996220898066,,
rnapc,operator,splicing|depthT2,76,0.07313344982668318,0.012395576004641657,1.7104073580924504,1.1341704586231636,0.3834532967510622,0.9907989794381499,0.4764435828110899,0.08750986521425809,0.9935741557285436,0.1534986564310189,0.15616510236585435,0.1350716277859404,,
rnapc,operator,splicing|depthT3,77,0.043391863527993346,-0.005139648079356147,1.14706226477337,0.7313816722139456,-0.18554744808216952,0.9258997656771811,0.7746575385280452,0.0679400620429937,1.7497742074277267,0.056014253227876405,0.06867172982438058,0.06425895614892489,,
rnapc,operator,splicing|miss<=5,230,0.1912056140196768,0.008062347676471994,2.3820143604620476,3.4807861380649037,0.30827334342019,2.124608797410787,2.0425696411281535,0.127732431158129,1.7275199131678354,0.09361032797592643,0.09564430093045445,0.08729502891516015,,
rnapc,operator,pinned_sig&splicing,43,0.008378922244189445,-0.0016517520107688923,0.3660454084223286,-0.20815462856410394,-0.06222669898205288,-0.23398171219432531,1.000991810181672,0.2169960345011303,2.8672414785670264,0.008370620177870125,0.012794296303766798,0.012632670178396633,,
rnapc,operator,pinned_sig&splicing|depthT3,15,-0.0056447442416819055,-0.009137952371240281,0.1761612958404376,-0.3962744166781007,-0.4078901120135281,0.031927441747875596,0.3457533900520627,0.0764317769466348,2.6910300566072363,-0.0163259259463282,0.01297039658005811,0.012804319478484405,,
rnapc,operator,pinned_sig&splicing|miss<=5,43,0.008378922244189445,-0.0016517520107688923,0.3660454084223286,-0.20815462856410394,-0.06222669898205288,-0.23398171219432531,1.000991810181672,0.2169960345011303,2.8672414785670264,0.008370620177870125,0.012794296303766798,0.012632670178396633,,
rnapc,operator,translation,1327,-0.09505191987885953,-0.1685055006932904,0.14949892159350878,1.7763570868809664,-0.7696140104052672,0.4714367997792701,1.1557608379696305,-0.2346219744931578,0.26038711513240587,-0.08224185900418714,0.052829753184536546,0.05017881858366964,,
rnapc,operator,translation|depthT1,442,0.07829564587766834,0.04224279873100294,0.17290220512592236,-0.5688352753807702,-0.4840229092771302,-0.039512019178390693,-1.018370221087346,0.29549053174462386,-0.6206972955454645,-0.0768832829715598,-0.027440386714463503,-0.028214606425783384,,
rnapc,operator,translation|depthT2,442,-0.11078786682386316,-0.19326109246817783,0.3696885558538799,2.5621777007504436,-0.6868877692808466,1.4330739794065332,0.12029396953514948,-0.8734621074581586,0.5773699949968185,-0.9209760659821882,0.08299141766644014,0.07663164851782914,,
rnapc,operator,translation|depthT3,443,-0.06255969893266469,-0.01748720695611547,-0.1766957516923368,-0.21698533848870716,0.4012966681527094,-0.19825684681086791,2.0538370895218274,0.34334960122037644,0.8952343107726684,-0.03045991293653665,-0.026350670370180334,-0.027063820174557947,,
rnapc,operator,translation|miss5-20,79,0.09031698231676702,-0.012655328486815588,1.2801200157869805,0.06356120931375306,-0.03399701596071342,0.12042871864639937,-1.3582032147466292,-0.6673398549987438,-1.4592991690361687,-0.06649739990021708,-0.14904873641172686,-0.17515543226673327,,
rnapc,operator,translation|miss20+,58,-0.19321416980258754,0.10202940824756163,-2.6482819843224226,-0.9566631216831387,0.4159319709110564,-1.6497997017271238,-1.5183951848793655,-0.6799404986268317,-1.7673882215911236,0.12724893474812893,0.3521282460352603,0.26042518309027146,,
rnapc,operator,translation|miss<=5,1332,-0.08675254663759992,-0.14049547346561692,0.10885032750464119,1.979345226543411,-0.4738910731040412,0.4538942711929256,1.117865328676959,-0.23023614226313158,0.2518750182476489,-0.0776055437198998,0.03986563918704108,0.03833729828615909,,
rnapc,operator,pinned_sig&translation,112,0.005304063559339392,-0.03694557454796132,0.5978810184151324,-0.8833621761188799,-0.45987025858504876,-0.41734355820687763,2.6261463317143905,0.7408080399631237,3.672333429095156,0.0020197136371592874,0.022409579380078024,0.02191839731555109,,
rnapc,operator,pinned_sig&translation|depthT1,37,0.048542337370601304,-0.00947047209507238,1.4192706167639586,0.5157590387384989,0.10498608740563303,0.7849466189034651,0.8805990833985795,0.24926035011399045,2.887932760496585,0.05512421973374905,0.09188856378866146,0.08415562433388284,,
rnapc,operator,pinned_sig&translation|depthT2,37,-0.055571512794222996,-0.023077777289533533,-0.8849281118675616,-1.0732792368619117,-0.45648930546425537,-1.1056418433415134,1.0247162020208544,0.3828941098492361,2.785723636813529,-0.05423112534439271,-0.05062732476961994,-0.05332713494975451,,
rnapc,operator,pinned_sig&translation|depthT3,38,0.012333238982961072,-0.0043973251633554035,0.3980054176051766,-0.32584197799546694,-0.10836704052642634,-0.3834922459828662,0.7208310462949563,0.10865357999989705,3.349076164392904,0.01710974998420704,0.027329598143445266,0.026602560845939194,,
rnapc,operator,pinned_sig&translation|miss<=5,112,0.005304063559339392,-0.03694557454796132,0.5978810184151324,-0.8833621761188799,-0.45987025858504876,-0.41734355820687763,2.6261463317143905,0.7408080399631237,3.672333429095156,0.0020197136371592874,0.022409579380078024,0.02191839731555109,,
