set,role,arm,universe,overlap_with_published,background,source,source_sha256,n_selected,n_background,auc_obs,auc_null_mean,auc_null_sd,p_auc,margin,rho_obs,rho_null_mean,rho_null_sd,p_rho,note,p_set_secondary,p_set_holm_secondary
S6,primary,unrestricted,10095.0,940.0,universe minus set,pinned/posthoc/ucec_ffpe_only.csv,7801a0337e68be95972446a029eb9be715f99f90d45609343685477ebb3f1623,1550,8545.0,0.6164311142150664,0.4900702765246607,0.023265752289550266,0.000999000999000999,0.12636083769040568,0.329387578428423,0.2028699661135069,0.032917808931052533,0.000999000999000999,,,
S6,primary,within-operator,10095.0,940.0,universe minus set,pinned/posthoc/ucec_ffpe_only.csv,7801a0337e68be95972446a029eb9be715f99f90d45609343685477ebb3f1623,1550,8545.0,0.6164311142150664,0.5235161367334227,0.02053375411124271,0.000999000999000999,0.09291497748164368,0.329387578428423,0.23399442507123333,0.02763708267805922,0.000999000999000999,,,
S6,primary,residualised,10095.0,940.0,universe minus set,pinned/posthoc/ucec_ffpe_only.csv,7801a0337e68be95972446a029eb9be715f99f90d45609343685477ebb3f1623,1550,8545.0,0.5929926197172465,0.5055419156269465,0.020467876006073586,0.000999000999000999,0.08745070409029998,0.3107458984221851,0.21073656725846188,0.028558685114542418,0.000999000999000999,,,
S1,secondary,unrestricted,10146.0,171.0,universe minus set,results/ucec__sitepack_operator.csv,805d747b9af63d5bb01ddc5f39a61940161d5163b356d92d7955ecc11c1d480f,198,9948.0,0.6493478207893165,0.4930689007079236,0.02736467936811844,0.000999000999000999,0.15627892008139294,0.3305528424015419,0.25544920075222527,0.02758683934808431,0.002997002997002997,,0.000999000999000999,0.005994005994005994
S1,secondary,within-operator,10146.0,171.0,universe minus set,results/ucec__sitepack_operator.csv,805d747b9af63d5bb01ddc5f39a61940161d5163b356d92d7955ecc11c1d480f,198,9948.0,0.6493478207893165,0.5156914790242595,0.02379367782855725,0.000999000999000999,0.13365634176505703,0.3305528424015419,0.26062263686538417,0.023210587643522202,0.000999000999000999,,0.000999000999000999,0.005994005994005994
S1,secondary,residualised,10146.0,171.0,universe minus set,results/ucec__sitepack_operator.csv,805d747b9af63d5bb01ddc5f39a61940161d5163b356d92d7955ecc11c1d480f,198,9948.0,0.633392123892727,0.4945331846815562,0.02536466474645673,0.000999000999000999,0.13885893921117082,0.33098005126078806,0.2555898746157555,0.02452461546765383,0.001998001998001998,,0.000999000999000999,0.005994005994005994
S2,secondary,unrestricted,10146.0,200.0,universe minus set,results/ucec__sitepack_operator.csv,805d747b9af63d5bb01ddc5f39a61940161d5163b356d92d7955ecc11c1d480f,248,9898.0,0.6576797039480117,0.4946382794015083,0.029493138436086072,0.000999000999000999,0.1630414245465034,0.3405147935852784,0.23862860588552903,0.03961117375494549,0.006993006993006993,,0.000999000999000999,0.005994005994005994
S2,secondary,within-operator,10146.0,200.0,universe minus set,results/ucec__sitepack_operator.csv,805d747b9af63d5bb01ddc5f39a61940161d5163b356d92d7955ecc11c1d480f,248,9898.0,0.6576797039480117,0.5340888608158051,0.02626523664711606,0.000999000999000999,0.12359084313220658,0.3405147935852784,0.24795428761478777,0.0337130208477429,0.002997002997002997,,0.000999000999000999,0.005994005994005994
S2,secondary,residualised,10146.0,200.0,universe minus set,results/ucec__sitepack_operator.csv,805d747b9af63d5bb01ddc5f39a61940161d5163b356d92d7955ecc11c1d480f,248,9898.0,0.6577179977708106,0.5213565220083562,0.02736163988550313,0.000999000999000999,0.1363614757624544,0.32936117813443727,0.23688577227368246,0.034281006493882625,0.003996003996003996,,0.000999000999000999,0.005994005994005994
S3,secondary,unrestricted,10146.0,738.0,universe minus set,pinned/posthoc/ucec_medium.csv,566bd72574ad787ef375861cbb24bd37f33b2d942aaf92f9d929233918f64e40,833,9313.0,0.5921461035826335,0.5102665871674559,0.03194250183494374,0.007992007992007992,0.08187951641517766,0.27451031057707787,0.24443183167294913,0.04403026298052916,0.25074925074925075,,0.06293706293706294,0.06293706293706294
S3,secondary,within-operator,10146.0,738.0,universe minus set,pinned/posthoc/ucec_medium.csv,566bd72574ad787ef375861cbb24bd37f33b2d942aaf92f9d929233918f64e40,833,9313.0,0.5921461035826335,0.5505263572625443,0.027113595655324247,0.06293706293706294,0.041619746320089246,0.27451031057707787,0.2854951981682139,0.0374500923820222,0.6283716283716284,,0.06293706293706294,0.06293706293706294
S3,secondary,residualised,10146.0,738.0,universe minus set,pinned/posthoc/ucec_medium.csv,566bd72574ad787ef375861cbb24bd37f33b2d942aaf92f9d929233918f64e40,833,9313.0,0.6278969012709776,0.5641522888979493,0.026031649127084392,0.01098901098901099,0.06374461237302831,0.32216398708380284,0.29347739456449584,0.03496850138255809,0.2127872127872128,,0.06293706293706294,0.06293706293706294
S4,secondary,unrestricted,10146.0,1725.0,universe minus set,pinned/posthoc/ucec_plex.csv,85d108df8d6f7ebd87ec4e6912551838d2da2fce5e4ccc5d8f8c19bd1a18f83b,2112,8034.0,0.5903448459577101,0.5013276948914085,0.04181859703382489,0.02097902097902098,0.08901715106630159,0.3040653387770824,0.18740299657942713,0.05416993955716135,0.013986013986013986,,0.02097902097902098,0.04195804195804196
S4,secondary,within-operator,10146.0,1725.0,universe minus set,pinned/posthoc/ucec_plex.csv,85d108df8d6f7ebd87ec4e6912551838d2da2fce5e4ccc5d8f8c19bd1a18f83b,2112,8034.0,0.5903448459577101,0.49780735755614397,0.03672110673463876,0.007992007992007992,0.09253748840156611,0.3040653387770824,0.18834615475558952,0.04692170022636096,0.006993006993006993,,0.02097902097902098,0.04195804195804196
S4,secondary,residualised,10146.0,1725.0,universe minus set,pinned/posthoc/ucec_plex.csv,85d108df8d6f7ebd87ec4e6912551838d2da2fce5e4ccc5d8f8c19bd1a18f83b,2112,8034.0,0.5516604737630223,0.4808802357381696,0.03510706761850916,0.026973026973026972,0.07078023802485267,0.25877610230620396,0.1636465823154465,0.045687519037796,0.01898101898101898,,0.02097902097902098,0.04195804195804196
S5,secondary,unrestricted,10146.0,1749.0,universe minus set,pinned/posthoc/ucec_plex.csv,85d108df8d6f7ebd87ec4e6912551838d2da2fce5e4ccc5d8f8c19bd1a18f83b,2328,7818.0,0.5935694260931026,0.4867180260835204,0.0394833106270335,0.004995004995004995,0.10685140000958221,0.2934687813110771,0.15879229487302535,0.053853685174168324,0.006993006993006993,,0.004995004995004995,0.014985014985014984
S5,secondary,within-operator,10146.0,1749.0,universe minus set,pinned/posthoc/ucec_plex.csv,85d108df8d6f7ebd87ec4e6912551838d2da2fce5e4ccc5d8f8c19bd1a18f83b,2328,7818.0,0.5935694260931026,0.49533174028301946,0.03484185393417157,0.003996003996003996,0.09823768581008313,0.2934687813110771,0.1672175362336732,0.04665417621898058,0.004995004995004995,,0.004995004995004995,0.014985014985014984
S5,secondary,residualised,10146.0,1749.0,universe minus set,pinned/posthoc/ucec_plex.csv,85d108df8d6f7ebd87ec4e6912551838d2da2fce5e4ccc5d8f8c19bd1a18f83b,2328,7818.0,0.5556513231866896,0.4753034139429759,0.03351334064480643,0.015984015984015984,0.08034790924371371,0.2555709457320419,0.1435603612015118,0.04627326180825549,0.01098901098901099,,0.004995004995004995,0.014985014985014984
S7,secondary,unrestricted,10135.0,1720.0,universe minus set,pinned/posthoc/ucec_arm_Q.csv,1bfdf902462eb3b2bb5ba83ce5447202036d1878d22fd9a25f7912d42a6aead1,2328,7807.0,0.6038011860005802,0.48794869559303766,0.039393074948500854,0.000999000999000999,0.11585249040754253,0.3202047683348211,0.16290146668124006,0.05544546330941104,0.001998001998001998,,0.001998001998001998,0.007992007992007992
S7,secondary,within-operator,10135.0,1720.0,universe minus set,pinned/posthoc/ucec_arm_Q.csv,1bfdf902462eb3b2bb5ba83ce5447202036d1878d22fd9a25f7912d42a6aead1,2328,7807.0,0.6038011860005802,0.4956223362415526,0.03385840315805394,0.001998001998001998,0.10817884975902758,0.3202047683348211,0.17464219219105673,0.04682860811607534,0.001998001998001998,,0.001998001998001998,0.007992007992007992
S7,secondary,residualised,10135.0,1720.0,universe minus set,pinned/posthoc/ucec_arm_Q.csv,1bfdf902462eb3b2bb5ba83ce5447202036d1878d22fd9a25f7912d42a6aead1,2328,7807.0,0.5588651386521128,0.4693134543763483,0.03288735256490658,0.004995004995004995,0.08955168427576454,0.26605263562965836,0.13674032309548703,0.04729167441828422,0.002997002997002997,,0.001998001998001998,0.007992007992007992
S3both,untestable,,,,,pinned/posthoc/ucec_medium.csv,,0,,,,,,,,,,,untestable: 0 genes selected,,
S6new,descriptive,unrestricted,9155.0,,universe minus full set,pinned/posthoc/ucec_ffpe_only.csv,,610,8545.0,0.6081572005486863,0.5003734414718606,0.01853868087841598,0.000999000999000999,0.10778375907682569,,,,,,,
S6new,descriptive,within-operator,9155.0,,universe minus full set,pinned/posthoc/ucec_ffpe_only.csv,,610,8545.0,0.6081572005486863,0.5404064819806425,0.01704444303734645,0.000999000999000999,0.06775071856804382,,,,,,,
S6new,descriptive,residualised,9155.0,,universe minus full set,pinned/posthoc/ucec_ffpe_only.csv,,610,8545.0,0.5925094725129257,0.5231389998944834,0.017193604852526037,0.000999000999000999,0.06937047261844231,,,,,,,
S1new,descriptive,unrestricted,9975.0,,universe minus full set,results/ucec__sitepack_operator.csv,,27,9948.0,0.599126569271322,0.456177392812998,0.04680423775603188,0.003996003996003996,0.142949176458324,,,,,,,
S1new,descriptive,within-operator,9975.0,,universe minus full set,results/ucec__sitepack_operator.csv,,27,9948.0,0.599126569271322,0.5265158825894652,0.040717695106594426,0.04095904095904096,0.07261068668185677,,,,,,,
S1new,descriptive,residualised,9975.0,,universe minus full set,results/ucec__sitepack_operator.csv,,27,9948.0,0.5779237218722543,0.49053240182281194,0.03934055795521916,0.011988011988011988,0.08739132004944233,,,,,,,
S2new,descriptive,unrestricted,9946.0,,universe minus full set,results/ucec__sitepack_operator.csv,,48,9898.0,0.5934847949080623,0.5210071458038661,0.03660877010101799,0.028971028971028972,0.07247764910419618,,,,,,,
S2new,descriptive,within-operator,9946.0,,universe minus full set,results/ucec__sitepack_operator.csv,,48,9898.0,0.5934847949080623,0.5392634096955614,0.029777933488652503,0.03296703296703297,0.05422138521250086,,,,,,,
S2new,descriptive,residualised,9946.0,,universe minus full set,results/ucec__sitepack_operator.csv,,48,9898.0,0.5750719842392402,0.5193143901124806,0.030697991716208354,0.03496503496503497,0.055757594126759624,,,,,,,
S3new,descriptive,unrestricted,9408.0,,universe minus full set,pinned/posthoc/ucec_medium.csv,,95,9313.0,0.6037310607130949,0.5218490632788348,0.029795257161471824,0.003996003996003996,0.08188199743426006,,,,,,,
S3new,descriptive,within-operator,9408.0,,universe minus full set,pinned/posthoc/ucec_medium.csv,,95,9313.0,0.6037310607130949,0.5538523207514114,0.02690341740255478,0.03596403596403597,0.04987873996168346,,,,,,,
S3new,descriptive,residualised,9408.0,,universe minus full set,pinned/posthoc/ucec_medium.csv,,95,9313.0,0.6216641141132656,0.5545881896839167,0.025322723858308062,0.004995004995004995,0.06707592442934895,,,,,,,
S4new,descriptive,unrestricted,8421.0,,universe minus full set,pinned/posthoc/ucec_plex.csv,,387,8034.0,0.5728415860499853,0.5323510773656406,0.019304178354165983,0.014985014985014986,0.04049050868434467,,,,,,,
S4new,descriptive,within-operator,8421.0,,universe minus full set,pinned/posthoc/ucec_plex.csv,,387,8034.0,0.5728415860499853,0.531122023711886,0.016087136158862928,0.01098901098901099,0.04171956233809926,,,,,,,
S4new,descriptive,residualised,8421.0,,universe minus full set,pinned/posthoc/ucec_plex.csv,,387,8034.0,0.5715955895454654,0.5423030093678095,0.01602285117531965,0.03296703296703297,0.029292580177655902,,,,,,,
S5new,descriptive,unrestricted,8397.0,,universe minus full set,pinned/posthoc/ucec_plex.csv,,579,7818.0,0.5731125771049582,0.501300262093897,0.017707897487282707,0.000999000999000999,0.07181231501106122,,,,,,,
S5new,descriptive,within-operator,8397.0,,universe minus full set,pinned/posthoc/ucec_plex.csv,,579,7818.0,0.5731125771049582,0.5150092448629464,0.015075054237615732,0.000999000999000999,0.05810333224201181,,,,,,,
S5new,descriptive,residualised,8397.0,,universe minus full set,pinned/posthoc/ucec_plex.csv,,579,7818.0,0.55846478897509,0.5112662194899419,0.015631295439422464,0.002997002997002997,0.04719856948514811,,,,,,,
S7new,descriptive,unrestricted,8415.0,,universe minus full set,pinned/posthoc/ucec_arm_Q.csv,,608,7807.0,0.5844499791010767,0.49951617454477426,0.01907998087614294,0.000999000999000999,0.0849338045563024,,,,,,,
S7new,descriptive,within-operator,8415.0,,universe minus full set,pinned/posthoc/ucec_arm_Q.csv,,608,7807.0,0.5844499791010767,0.512985900811013,0.016745436659282527,0.000999000999000999,0.07146407829006363,,,,,,,
S7new,descriptive,residualised,8415.0,,universe minus full set,pinned/posthoc/ucec_arm_Q.csv,,608,7807.0,0.5695481197710557,0.5023356592514815,0.01792760552147419,0.001998001998001998,0.06721246051957419,,,,,,,
D01,reference,unrestricted,10095.0,1413.0,universe minus set,pinned/posthoc/ucec_arm_D01.csv,9f8c1c92b7d779701e91edf31460269b577821479dc9bd06f6f4257cba480480,1831,8264.0,0.5824718346980025,0.4806529593723879,0.043948707261004874,0.011988011988011988,0.10181887532561457,0.2882304291797973,0.168155964457771,0.05216788478584665,0.008991008991008992,,,
D01,reference,within-operator,10095.0,1413.0,universe minus set,pinned/posthoc/ucec_arm_D01.csv,9f8c1c92b7d779701e91edf31460269b577821479dc9bd06f6f4257cba480480,1831,8264.0,0.5824718346980025,0.48497536986702605,0.037959514473608076,0.006993006993006993,0.0974964648309764,0.2882304291797973,0.18227510405700964,0.0452433186190981,0.007992007992007992,,,
D01,reference,residualised,10095.0,1413.0,universe minus set,pinned/posthoc/ucec_arm_D01.csv,9f8c1c92b7d779701e91edf31460269b577821479dc9bd06f6f4257cba480480,1831,8264.0,0.5450040789395074,0.46606748801034986,0.03624374944867399,0.01998001998001998,0.07893659092915756,0.24867419636427926,0.15595916118479256,0.044767488581669276,0.023976023976023976,,,
D02,reference,unrestricted,10090.0,1052.0,universe minus set,pinned/posthoc/ucec_arm_D02.csv,1f35cea6151f3f51708c7f465e04debc6bd315212fdf6c6cb63b34fb51a71991,1382,8708.0,0.5867019664204182,0.47960702777092706,0.04526071728645598,0.013986013986013986,0.1070949386494911,0.27947029022735004,0.19151446938137598,0.04615696851813066,0.030969030969030968,,,
D02,reference,within-operator,10090.0,1052.0,universe minus set,pinned/posthoc/ucec_arm_D02.csv,1f35cea6151f3f51708c7f465e04debc6bd315212fdf6c6cb63b34fb51a71991,1382,8708.0,0.5867019664204182,0.4860389914591901,0.03970476994916147,0.007992007992007992,0.10066297496122806,0.27947029022735004,0.2000397946223545,0.0400875641033535,0.023976023976023976,,,
D02,reference,residualised,10090.0,1052.0,universe minus set,pinned/posthoc/ucec_arm_D02.csv,1f35cea6151f3f51708c7f465e04debc6bd315212fdf6c6cb63b34fb51a71991,1382,8708.0,0.5428955824841605,0.45837136061654965,0.037908619680497635,0.02097902097902098,0.08452422186761083,0.2468934250102925,0.17625802595134218,0.04013448435953376,0.03496503496503497,,,
D03,reference,unrestricted,10083.0,1456.0,universe minus set,pinned/posthoc/ucec_arm_D03.csv,fef537a798d4498481f69df6638bd758b090cc413d391bcabe7b6b4d168e7506,2017,8066.0,0.5908380304726955,0.4877801394568189,0.037265233106792764,0.004995004995004995,0.10305789101587653,0.27420524124559564,0.16510205302938907,0.04899443425173908,0.015984015984015984,,,
D03,reference,within-operator,10083.0,1456.0,universe minus set,pinned/posthoc/ucec_arm_D03.csv,fef537a798d4498481f69df6638bd758b090cc413d391bcabe7b6b4d168e7506,2017,8066.0,0.5908380304726955,0.49603187572138185,0.0322748423299664,0.003996003996003996,0.0948061547513136,0.27420524124559564,0.17214116241706293,0.04251018479471866,0.00999000999000999,,,
D03,reference,residualised,10083.0,1456.0,universe minus set,pinned/posthoc/ucec_arm_D03.csv,fef537a798d4498481f69df6638bd758b090cc413d391bcabe7b6b4d168e7506,2017,8066.0,0.5568634865483214,0.4787563348532269,0.03128511067237465,0.01098901098901099,0.07810715169509452,0.23990763633107673,0.1494341313869733,0.04283125856660679,0.017982017982017984,,,
D04,reference,unrestricted,10096.0,1396.0,universe minus set,pinned/posthoc/ucec_arm_D04.csv,6f4c0120480ab551f5451590f27cf29fc6cf2265a771a59dcf2ae3e87469d60c,1844,8252.0,0.6093252355571724,0.49947511422985075,0.03698360836225351,0.000999000999000999,0.10985012132732169,0.3182934839554269,0.18629685668885684,0.04671263249969479,0.000999000999000999,,,
D04,reference,within-operator,10096.0,1396.0,universe minus set,pinned/posthoc/ucec_arm_D04.csv,6f4c0120480ab551f5451590f27cf29fc6cf2265a771a59dcf2ae3e87469d60c,1844,8252.0,0.6093252355571724,0.512815390510734,0.03304968907620588,0.002997002997002997,0.09650984504643845,0.3182934839554269,0.2050317117502983,0.04063601103893163,0.003996003996003996,,,
D04,reference,residualised,10096.0,1396.0,universe minus set,pinned/posthoc/ucec_arm_D04.csv,6f4c0120480ab551f5451590f27cf29fc6cf2265a771a59dcf2ae3e87469d60c,1844,8252.0,0.5717796803088819,0.4918179254907507,0.03152570512107617,0.01098901098901099,0.07996175481813123,0.28779643667468197,0.1786813496468604,0.039941542323268145,0.005994005994005994,,,
D05,reference,unrestricted,10089.0,1356.0,universe minus set,pinned/posthoc/ucec_arm_D05.csv,c0e19d7aacd440ed2f7d25a04df187e3061d5f71ecc457ee19b9a794b63f34b9,1799,8290.0,0.5888119052871486,0.48766662078047646,0.0437173831303385,0.014985014985014986,0.1011452845066721,0.2830251387705907,0.1686980690802437,0.051116370927999956,0.011988011988011988,,,
D05,reference,within-operator,10089.0,1356.0,universe minus set,pinned/posthoc/ucec_arm_D05.csv,c0e19d7aacd440ed2f7d25a04df187e3061d5f71ecc457ee19b9a794b63f34b9,1799,8290.0,0.5888119052871486,0.4915933813920212,0.037672201908812056,0.006993006993006993,0.09721852389512736,0.2830251387705907,0.17376231993041596,0.04406990795615628,0.008991008991008992,,,
D05,reference,residualised,10089.0,1356.0,universe minus set,pinned/posthoc/ucec_arm_D05.csv,c0e19d7aacd440ed2f7d25a04df187e3061d5f71ecc457ee19b9a794b63f34b9,1799,8290.0,0.5404124124714775,0.4627383576588253,0.03629653808082759,0.025974025974025976,0.07767405481265222,0.24639334383549003,0.14596040873508861,0.044086531145677336,0.012987012987012988,,,
D06,reference,unrestricted,10089.0,1069.0,universe minus set,pinned/posthoc/ucec_arm_D06.csv,178a96fc46952a1492dba984bd2ac1bf4c349f57217be1babf68afccad1f2682,1362,8727.0,0.5850932352159744,0.4784421430310545,0.05205209424449934,0.023976023976023976,0.10665109218491997,0.30804416659098327,0.1954716558824042,0.049377591818021364,0.008991008991008992,,,
D06,reference,within-operator,10089.0,1069.0,universe minus set,pinned/posthoc/ucec_arm_D06.csv,178a96fc46952a1492dba984bd2ac1bf4c349f57217be1babf68afccad1f2682,1362,8727.0,0.5850932352159744,0.47142217361112165,0.04452422751254298,0.007992007992007992,0.1136710616048528,0.30804416659098327,0.19623238858933412,0.041872934844146135,0.004995004995004995,,,
D06,reference,residualised,10089.0,1069.0,universe minus set,pinned/posthoc/ucec_arm_D06.csv,178a96fc46952a1492dba984bd2ac1bf4c349f57217be1babf68afccad1f2682,1362,8727.0,0.5221941896526165,0.43951337343707064,0.042621250741184925,0.03296703296703297,0.0826808162155459,0.2616122538998566,0.16202565140307434,0.04244609967136052,0.011988011988011988,,,
D07,reference,unrestricted,10090.0,1376.0,universe minus set,pinned/posthoc/ucec_arm_D07.csv,198efb3016c378b9b5fb8f68de36020937f4f3da4447ea6901f1894d898de84b,1854,8236.0,0.5811153234176476,0.47867187003095835,0.04393086113330934,0.014985014985014986,0.10244345338668925,0.2898090495310031,0.17296606827768687,0.051742415115598975,0.013986013986013986,,,
D07,reference,within-operator,10090.0,1376.0,universe minus set,pinned/posthoc/ucec_arm_D07.csv,198efb3016c378b9b5fb8f68de36020937f4f3da4447ea6901f1894d898de84b,1854,8236.0,0.5811153234176476,0.48464323381235225,0.03740236846594961,0.006993006993006993,0.09647208960529535,0.2898090495310031,0.18141987484137426,0.04463393952821837,0.008991008991008992,,,
D07,reference,residualised,10090.0,1376.0,universe minus set,pinned/posthoc/ucec_arm_D07.csv,198efb3016c378b9b5fb8f68de36020937f4f3da4447ea6901f1894d898de84b,1854,8236.0,0.5371021557683714,0.4541512042533818,0.03564782804570246,0.015984015984015984,0.0829509515149896,0.2545376840536403,0.15216434713619778,0.0442994395306955,0.01098901098901099,,,
D08,reference,unrestricted,10084.0,835.0,universe minus set,pinned/posthoc/ucec_arm_D08.csv,1e7cdf230b792f4d3be0253f00fc2e4db9e1d9ccd2964e126626e43512358b04,1085,8999.0,0.5961546162579252,0.4731456086006484,0.04865077461256874,0.006993006993006993,0.12300900765727679,0.2727940656154038,0.178575648820247,0.045360287461728765,0.01898101898101898,,,
D08,reference,within-operator,10084.0,835.0,universe minus set,pinned/posthoc/ucec_arm_D08.csv,1e7cdf230b792f4d3be0253f00fc2e4db9e1d9ccd2964e126626e43512358b04,1085,8999.0,0.5961546162579252,0.46826594383502934,0.04198339574042115,0.002997002997002997,0.12788867242289587,0.2727940656154038,0.1703824183911572,0.03841738523933813,0.008991008991008992,,,
D08,reference,residualised,10084.0,835.0,universe minus set,pinned/posthoc/ucec_arm_D08.csv,1e7cdf230b792f4d3be0253f00fc2e4db9e1d9ccd2964e126626e43512358b04,1085,8999.0,0.538387419390685,0.4378256800678826,0.03966715863345377,0.01098901098901099,0.10056173932280243,0.23711939211527194,0.1465205143265912,0.039372438509724716,0.014985014985014986,,,
D09,reference,unrestricted,10087.0,1114.0,universe minus set,pinned/posthoc/ucec_arm_D09.csv,f3c607f759a3d16d5c98a31392482f17a8929cdb4ed996060aa36d4c49908a73,1392,8695.0,0.5860133978439187,0.4733400382040147,0.05184965955492347,0.01898101898101898,0.11267335963990399,0.3086683569113096,0.18724346959822702,0.05196540938537944,0.006993006993006993,,,
D09,reference,within-operator,10087.0,1114.0,universe minus set,pinned/posthoc/ucec_arm_D09.csv,f3c607f759a3d16d5c98a31392482f17a8929cdb4ed996060aa36d4c49908a73,1392,8695.0,0.5860133978439187,0.4710382742426946,0.04498618532650376,0.006993006993006993,0.11497512360122408,0.3086683569113096,0.19296801438636124,0.04413041455203791,0.004995004995004995,,,
D09,reference,residualised,10087.0,1114.0,universe minus set,pinned/posthoc/ucec_arm_D09.csv,f3c607f759a3d16d5c98a31392482f17a8929cdb4ed996060aa36d4c49908a73,1392,8695.0,0.5232652865631588,0.4336738380162995,0.04338596845630136,0.030969030969030968,0.08959144854685935,0.2563854621271601,0.15146928488009206,0.04546473717487271,0.014985014985014986,,,
D10,reference,unrestricted,10092.0,1427.0,universe minus set,pinned/posthoc/ucec_arm_D10.csv,2513945452843562c70eb13bbe3ab66ca644cd23cdd2cff3d505d27d67ba7de4,1912,8180.0,0.5883574081083569,0.483303108727788,0.04094494418781579,0.007992007992007992,0.10505429938056893,0.31403321560258934,0.17873642180296315,0.05138126408469934,0.002997002997002997,,,
D10,reference,within-operator,10092.0,1427.0,universe minus set,pinned/posthoc/ucec_arm_D10.csv,2513945452843562c70eb13bbe3ab66ca644cd23cdd2cff3d505d27d67ba7de4,1912,8180.0,0.5883574081083569,0.48708456793280885,0.03487180350083605,0.003996003996003996,0.10127284017554805,0.31403321560258934,0.1910472173305959,0.043478360488490284,0.002997002997002997,,,
D10,reference,residualised,10092.0,1427.0,universe minus set,pinned/posthoc/ucec_arm_D10.csv,2513945452843562c70eb13bbe3ab66ca644cd23cdd2cff3d505d27d67ba7de4,1912,8180.0,0.5458731879980767,0.4630087720969607,0.033561490291094606,0.013986013986013986,0.08286441590111604,0.27472079454899206,0.15926463758735734,0.044103775493474696,0.004995004995004995,,,
D11,reference,unrestricted,10095.0,1224.0,universe minus set,pinned/posthoc/ucec_arm_D11.csv,d7f90eec98dc1b5b477153bf740fa77b2d403c67f5a6cde505db3982dcfc5ba5,1568,8527.0,0.5980276785863871,0.48633227123088013,0.046197727143307374,0.008991008991008992,0.11169540735550693,0.3017245615223931,0.19025928954355784,0.04870118877443021,0.008991008991008992,,,
D11,reference,within-operator,10095.0,1224.0,universe minus set,pinned/posthoc/ucec_arm_D11.csv,d7f90eec98dc1b5b477153bf740fa77b2d403c67f5a6cde505db3982dcfc5ba5,1568,8527.0,0.5980276785863871,0.48565385649246207,0.04026398361187711,0.003996003996003996,0.11237382209392499,0.3017245615223931,0.18677604217626034,0.04313500755944984,0.004995004995004995,,,
D11,reference,residualised,10095.0,1224.0,universe minus set,pinned/posthoc/ucec_arm_D11.csv,d7f90eec98dc1b5b477153bf740fa77b2d403c67f5a6cde505db3982dcfc5ba5,1568,8527.0,0.5424952671346479,0.45497711171955585,0.038400374362720126,0.02197802197802198,0.08751815541509206,0.25381434231502403,0.15803973848011366,0.04298584539172298,0.01898101898101898,,,
D12,reference,unrestricted,10088.0,1155.0,universe minus set,pinned/posthoc/ucec_arm_D12.csv,0ef0d7b5cbf4a2109dd3475e61b6b4dcdb1f1ddf9be2103a29ac3dd8bac85fb6,1425,8663.0,0.5989414144850757,0.4815823748103955,0.04712820182416632,0.005994005994005994,0.11735903967468014,0.2952182421952152,0.19243224839204295,0.04752944909989244,0.015984015984015984,,,
D12,reference,within-operator,10088.0,1155.0,universe minus set,pinned/posthoc/ucec_arm_D12.csv,0ef0d7b5cbf4a2109dd3475e61b6b4dcdb1f1ddf9be2103a29ac3dd8bac85fb6,1425,8663.0,0.5989414144850757,0.4792723106739491,0.04141233098867702,0.004995004995004995,0.11966910381112655,0.2952182421952152,0.19365424296200584,0.0409308150276595,0.00999000999000999,,,
D12,reference,residualised,10088.0,1155.0,universe minus set,pinned/posthoc/ucec_arm_D12.csv,0ef0d7b5cbf4a2109dd3475e61b6b4dcdb1f1ddf9be2103a29ac3dd8bac85fb6,1425,8663.0,0.5400557725839474,0.4470521017191484,0.0394680010324391,0.016983016983016984,0.09300367086479905,0.26294113897907123,0.16738834505116237,0.04117505451563692,0.013986013986013986,,,
D13,reference,unrestricted,10088.0,1110.0,universe minus set,pinned/posthoc/ucec_arm_D13.csv,3fbae265bbac8924ffebe106b69f3b91121f1baac945e7e15fcf9fbdd062aa67,1446,8642.0,0.590347231491609,0.4745071957915331,0.04277724276749383,0.002997002997002997,0.11584003570007584,0.2930417963935001,0.17926316108320245,0.045869460077048216,0.005994005994005994,,,
D13,reference,within-operator,10088.0,1110.0,universe minus set,pinned/posthoc/ucec_arm_D13.csv,3fbae265bbac8924ffebe106b69f3b91121f1baac945e7e15fcf9fbdd062aa67,1446,8642.0,0.590347231491609,0.4761011088693866,0.036343293177020786,0.002997002997002997,0.11424612262222233,0.2930417963935001,0.18969031078397416,0.039278225040333056,0.003996003996003996,,,
D13,reference,residualised,10088.0,1110.0,universe minus set,pinned/posthoc/ucec_arm_D13.csv,3fbae265bbac8924ffebe106b69f3b91121f1baac945e7e15fcf9fbdd062aa67,1446,8642.0,0.544302200037579,0.4527594450915676,0.03493698789100146,0.008991008991008992,0.09154275494601138,0.25701585506646346,0.16445631373188627,0.040385534992874846,0.013986013986013986,,,
D14,reference,unrestricted,10100.0,1573.0,universe minus set,pinned/posthoc/ucec_arm_D14.csv,66842e4753079fcc38e13d30d633f77bcde7a76b142be84ea19e2093d5523a17,2134,7966.0,0.5794784817668154,0.47541328604629657,0.04059339512384215,0.007992007992007992,0.10406519572051881,0.2973671393033765,0.15535624986104268,0.05391587944248136,0.005994005994005994,,,
D14,reference,within-operator,10100.0,1573.0,universe minus set,pinned/posthoc/ucec_arm_D14.csv,66842e4753079fcc38e13d30d633f77bcde7a76b142be84ea19e2093d5523a17,2134,7966.0,0.5794784817668154,0.4828426502655028,0.03520106188252341,0.003996003996003996,0.09663583150131255,0.2973671393033765,0.1732918212238282,0.04610718357907534,0.004995004995004995,,,
D14,reference,residualised,10100.0,1573.0,universe minus set,pinned/posthoc/ucec_arm_D14.csv,66842e4753079fcc38e13d30d633f77bcde7a76b142be84ea19e2093d5523a17,2134,7966.0,0.5460217993012006,0.4650494846184381,0.033723570310392664,0.016983016983016984,0.08097231468276256,0.2618450835946344,0.1463530330778264,0.04510126151527186,0.004995004995004995,,,
D15,reference,unrestricted,10087.0,1270.0,universe minus set,pinned/posthoc/ucec_arm_D15.csv,3a9d98cc0f61e44cc297c7555383b17057138adf9fe3c3ee3cca278231f2d0fa,1679,8408.0,0.57525831208713,0.471603950887127,0.04308545303051967,0.012987012987012988,0.10365436120000299,0.29214481758590466,0.17924488328175323,0.04893837317906293,0.008991008991008992,,,
D15,reference,within-operator,10087.0,1270.0,universe minus set,pinned/posthoc/ucec_arm_D15.csv,3a9d98cc0f61e44cc297c7555383b17057138adf9fe3c3ee3cca278231f2d0fa,1679,8408.0,0.57525831208713,0.4751560721120417,0.03715168299418448,0.004995004995004995,0.10010223997508827,0.29214481758590466,0.19229162045111078,0.04177321024047049,0.008991008991008992,,,
D15,reference,residualised,10087.0,1270.0,universe minus set,pinned/posthoc/ucec_arm_D15.csv,3a9d98cc0f61e44cc297c7555383b17057138adf9fe3c3ee3cca278231f2d0fa,1679,8408.0,0.5402356529332795,0.4543286291339426,0.035133451916934094,0.01098901098901099,0.08590702379933685,0.26700415556439866,0.16574675346062645,0.04174439153989952,0.00999000999000999,,,
D16,reference,unrestricted,10088.0,991.0,universe minus set,pinned/posthoc/ucec_arm_D16.csv,eb9611f719774d34604da2ac47b750409c8eca67aef655bb3321bd4df21ae899,1266,8822.0,0.5998036289428662,0.48870054559851983,0.040569327937953786,0.000999000999000999,0.11110308334434638,0.305705048423297,0.20158127438835519,0.04181104242890847,0.005994005994005994,,,
D16,reference,within-operator,10088.0,991.0,universe minus set,pinned/posthoc/ucec_arm_D16.csv,eb9611f719774d34604da2ac47b750409c8eca67aef655bb3321bd4df21ae899,1266,8822.0,0.5998036289428662,0.4876353550992546,0.03550793385617049,0.002997002997002997,0.11216827384361161,0.305705048423297,0.19588998815060896,0.036419105068426036,0.003996003996003996,,,
D16,reference,residualised,10088.0,991.0,universe minus set,pinned/posthoc/ucec_arm_D16.csv,eb9611f719774d34604da2ac47b750409c8eca67aef655bb3321bd4df21ae899,1266,8822.0,0.5530097096766915,0.463882390909843,0.034544049846036255,0.00999000999000999,0.08912731876684848,0.2790532186441722,0.17978987905487706,0.037119539708854926,0.005994005994005994,,,
D17,reference,unrestricted,10092.0,993.0,universe minus set,pinned/posthoc/ucec_arm_D17.csv,ffbf8df70619e9e1b34209a696015432ad1163570f45180126989944f836c20d,1361,8731.0,0.6122358607850564,0.493269120368099,0.03867256763726556,0.000999000999000999,0.11896674041695743,0.3091866547343361,0.20203595091244508,0.04135413388321468,0.004995004995004995,,,
D17,reference,within-operator,10092.0,993.0,universe minus set,pinned/posthoc/ucec_arm_D17.csv,ffbf8df70619e9e1b34209a696015432ad1163570f45180126989944f836c20d,1361,8731.0,0.6122358607850564,0.5142087726799817,0.033188444614285315,0.001998001998001998,0.09802708810507477,0.3091866547343361,0.2212700438253574,0.03569947533985819,0.006993006993006993,,,
D17,reference,residualised,10092.0,993.0,universe minus set,pinned/posthoc/ucec_arm_D17.csv,ffbf8df70619e9e1b34209a696015432ad1163570f45180126989944f836c20d,1361,8731.0,0.5639999559029869,0.4832887739187374,0.031226124143729373,0.00999000999000999,0.08071118198424948,0.27201725313712605,0.18600658785634108,0.035061825999445136,0.008991008991008992,,,
D18,reference,unrestricted,10089.0,1296.0,universe minus set,pinned/posthoc/ucec_arm_D18.csv,5117c5f2e196f7437bc3b5cc672023f6df559409a160edec3706d4bba231d51e,1683,8406.0,0.6020085955636193,0.48961478453341406,0.047324832077008605,0.01098901098901099,0.11239381103020524,0.3043579557443461,0.18818780312933256,0.051787790394637497,0.012987012987012988,,,
D18,reference,within-operator,10089.0,1296.0,universe minus set,pinned/posthoc/ucec_arm_D18.csv,5117c5f2e196f7437bc3b5cc672023f6df559409a160edec3706d4bba231d51e,1683,8406.0,0.6020085955636193,0.48753878111565896,0.040897820428284555,0.005994005994005994,0.11446981444796034,0.3043579557443461,0.18809375949189083,0.04460942970170968,0.008991008991008992,,,
D18,reference,residualised,10089.0,1296.0,universe minus set,pinned/posthoc/ucec_arm_D18.csv,5117c5f2e196f7437bc3b5cc672023f6df559409a160edec3706d4bba231d51e,1683,8406.0,0.5436034499308631,0.4550989542314017,0.03915099969190235,0.01898101898101898,0.0885044956994614,0.2558002852865541,0.15262799086112144,0.04524592019492554,0.016983016983016984,,,
D19,reference,unrestricted,10079.0,1205.0,universe minus set,pinned/posthoc/ucec_arm_D19.csv,0b3bc1955bd9187859fd78d133210c18fd5a7fda6f3dcba295067d2ce66f42f8,1699,8380.0,0.5949360216103534,0.487185905790434,0.03632492322744216,0.000999000999000999,0.10775011581991939,0.29219335741719926,0.17334607041215844,0.044902972151897994,0.003996003996003996,,,
D19,reference,within-operator,10079.0,1205.0,universe minus set,pinned/posthoc/ucec_arm_D19.csv,0b3bc1955bd9187859fd78d133210c18fd5a7fda6f3dcba295067d2ce66f42f8,1699,8380.0,0.5949360216103534,0.4982785167043368,0.031817669749246026,0.002997002997002997,0.0966575049060166,0.29219335741719926,0.1924866943716742,0.03918550422079068,0.004995004995004995,,,
D19,reference,residualised,10079.0,1205.0,universe minus set,pinned/posthoc/ucec_arm_D19.csv,0b3bc1955bd9187859fd78d133210c18fd5a7fda6f3dcba295067d2ce66f42f8,1699,8380.0,0.5531237664722053,0.47697834919038434,0.02998129936606856,0.008991008991008992,0.07614541728182095,0.2535495823086824,0.16320619955173565,0.03903075797031282,0.00999000999000999,,,
