case	sample_code	portion	slide_label	file	bytes	width	height	levels	openslide.vendor	openslide.objective-power	openslide.mpp-x	openslide.mpp-y	aperio.AppMag	aperio.MPP	aperio.ScanScope ID	aperio.Date	aperio.Filename	n_tiles
TCGA-A2-A0CM	01Z	00	DX1	TCGA-A2-A0CM-01Z-00-DX1.AC4901DE-4B6D-4185-BB9F-156033839828.svs	931808591	95758	76873	4	aperio	40	0.2485	0.2485	40	0.2485	SS1436CNTLR	10/06/10	TCGA-A2-A0CM-01Z-00-DX1	32146
TCGA-A2-A0D0	01Z	00	DX1	TCGA-A2-A0D0-01Z-00-DX1.4FF6B8E5-703B-400F-920A-104F56E0F874.svs	1149281117	112037	88255	4	aperio	40	0.2485	0.2485	40	0.2485	SS1436CNTLR	10/06/10	TCGA-A2-A0D0-01Z-00-DX1	43815
TCGA-A2-A0EQ	01Z	00	DX1	TCGA-A2-A0EQ-01Z-00-DX1.5FCD8890-4594-4BE2-93B1-B8F698BFD2A0.svs	1275159493	121613	87178	4	aperio	40	0.2485	0.2485	40	0.2485	SS1436CNTLR	10/06/10	TCGA-A2-A0EQ-01Z-00-DX1	44021
TCGA-A2-A0EV	01Z	00	DX1	TCGA-A2-A0EV-01Z-00-DX1.EA8C5594-BA4F-47A8-949B-D536E00E62C9.svs	1848347715	173323	78453	4	aperio	40	0.2485	0.2485	40	0.2485	SS1436CNTLR	10/07/10	TCGA-A2-A0EV-01Z-00-DX1	71637
TCGA-A2-A0EX	01Z	00	DX1	TCGA-A2-A0EX-01Z-00-DX1.F4C293E9-9BB2-48A1-8080-5F3082E219C5.svs	814804027	80437	73392	4	aperio	40	0.2485	0.2485	40	0.2485	SS1436CNTLR	10/07/10	TCGA-A2-A0EX-01Z-00-DX1	37066
TCGA-A2-A0EY	01Z	00	DX1	TCGA-A2-A0EY-01Z-00-DX1.2F2428B3-0767-48E0-AC22-443C244CBD16.svs	1979264021	112995	91820	4	aperio	40	0.2485	0.2485	40	0.2485	SS1436CNTLR	10/07/10	TCGA-A2-A0EY-01Z-00-DX1	96329
TCGA-A2-A0SW	01Z	00	DX1	TCGA-A2-A0SW-01Z-00-DX1.E1EA0407-B831-4D75-826E-80B82B821797.svs	1180528309	121855	85033	4	aperio	40	0.248	0.248	40	0.2480	SS1511CNTLR	01/10/11	TCGA-A2-A0SW-01Z-00-DX1	41563
TCGA-A2-A0SX	01Z	00	DX1	TCGA-A2-A0SX-01Z-00-DX1.219A994C-8974-4458-98FA-FB1F14868E04.svs	1315819883	182783	77308	4	aperio	40	0.248	0.248	40	0.2480	SS1511CNTLR	01/10/11	TCGA-A2-A0SX-01Z-00-DX1	35873
TCGA-A2-A0T1	01Z	00	DX1	TCGA-A2-A0T1-01Z-00-DX1.CD1E9C46-18A3-466B-AA0B-24F3055FA851.svs	1084575909	87583	88560	4	aperio	40	0.248	0.248	40	0.2480	SS1511CNTLR	01/10/11	TCGA-A2-A0T1-01Z-00-DX1	35294
TCGA-A2-A0T2	01Z	00	DX1	TCGA-A2-A0T2-01Z-00-DX1.29A5C4C8-6AE8-44EE-98C2-ACBCBFBE9D60.svs	1989570599	120903	93550	4	aperio	40	0.248	0.248	40	0.2480	SS1511CNTLR	01/10/11	TCGA-A2-A0T2-01Z-00-DX1	81498
TCGA-A2-A0T3	01Z	00	DX1	TCGA-A2-A0T3-01Z-00-DX1.5E96BC87-F4FB-4ABA-8D81-FAB7F4A80661.svs	729475689	144018	60462	4	aperio	40	0.2505	0.2505	40	0.2505	SS1248CNTLR	03/01/11	TCGA-A2-A0T3-01Z-00-DX1	39210
TCGA-A2-A0T6	01Z	00	DX1	TCGA-A2-A0T6-01Z-00-DX1.207A3883-5B41-40EB-95A1-D64C9610650B.svs	1406598329	108527	85330	4	aperio	40	0.248	0.248	40	0.2480	SS1511CNTLR	01/10/11	TCGA-A2-A0T6-01Z-00-DX1	68563
TCGA-A2-A0T7	01Z	00	DX1	TCGA-A2-A0T7-01Z-00-DX1.EA4DF9B5-8D04-4BCC-9ECB-CB8CB8ACBE1C.svs	1054121393	99959	81052	4	aperio	40	0.248	0.248	40	0.2480	SS1511CNTLR	01/10/11	TCGA-A2-A0T7-01Z-00-DX1	46271
TCGA-A2-A0YC	01Z	00	DX1	TCGA-A2-A0YC-01Z-00-DX1.F01F2268-17D8-45FD-8917-FD89454D0709.svs	1229519279	150739	78640	4	aperio	40	0.2505	0.2505	40	0.2505	SS1248CNTLR	02/04/11	TCGA-A2-A0YC-01Z-00-DX1	44954
TCGA-A2-A0YD	01Z	00	DX1	TCGA-A2-A0YD-01Z-00-DX1.B81FF541-F154-4C49-950B-B6CB723369E2.svs	1811438789	147858	85469	4	aperio	40	0.2505	0.2505	40	0.2505	SS1248CNTLR	02/04/11	TCGA-A2-A0YD-01Z-00-DX1	71830
TCGA-A2-A0YF	01Z	00	DX1	TCGA-A2-A0YF-01Z-00-DX1.6166E995-0669-43D6-B9C7-FE39BCE529CF.svs	1310284033	151699	66761	4	aperio	40	0.2505	0.2505	40	0.2505	SS1248CNTLR	02/07/11	TCGA-A2-A0YF-01Z-00-DX1	58997
TCGA-A2-A0YG	01Z	00	DX1	TCGA-A2-A0YG-01Z-00-DX1.89A39319-F880-47DE-B311-DA1F6A64B6F3.svs	772736769	100812	77998	4	aperio	40	0.2505	0.2505	40	0.2505	SS1248CNTLR	02/04/11	TCGA-A2-A0YG-01Z-00-DX1	29239
TCGA-A2-A0YI	01Z	00	DX1	TCGA-A2-A0YI-01Z-00-DX1.1CF2EC2D-C722-467F-8832-409B823E8D8F.svs	956053037	134417	62758	4	aperio	40	0.2505	0.2505	40	0.2505	SS1248CNTLR	02/04/11	TCGA-A2-A0YI-01Z-00-DX1	43436
TCGA-A2-A0YL	01Z	00	DX1	TCGA-A2-A0YL-01Z-00-DX1.69A438C7-B1E0-4990-B1E6-586C551DC79C.svs	848828043	79690	75773	4	aperio	40	0.2505	0.2505	40	0.2505	SS1248CNTLR	02/04/11	TCGA-A2-A0YL-01Z-00-DX1	45802
TCGA-A2-A0YM	01Z	00	DX1	TCGA-A2-A0YM-01Z-00-DX1.A48B4C96-2CC5-464C-98B7-F0F92AE56533.svs	863053399	85450	84350	4	aperio	40	0.2505	0.2505	40	0.2505	SS1248CNTLR	02/04/11	TCGA-A2-A0YM-01Z-00-DX1	30210
TCGA-A7-A0CD	01Z	00	DX1	TCGA-A7-A0CD-01Z-00-DX1.F045B9C8-049C-41BF-8432-EF89F236D34D.svs	280966835	96152	37492	4	aperio	40	0.2465	0.2465	40	0.2465	SS1540CNTLR	06/07/12	TCGA-A7-A0CD-01Z-00-DX1	6977
TCGA-A7-A0CD	01Z	00	DX2	TCGA-A7-A0CD-01Z-00-DX2.609CED8D-5947-4753-A75B-73A8343B47EC.svs	244932307	93296	45453	4	aperio	40	0.2465	0.2465	40	0.2465	SS1540CNTLR	06/07/12	TCGA-A7-A0CD-01Z-00-DX2	1444
TCGA-A7-A0CE	01Z	00	DX1	TCGA-A7-A0CE-01Z-00-DX1.E67322FB-ED25-4B85-B3B0-2B8BD277BB4A.svs	1218026009	191352	58998	4	aperio	40	0.2465	0.2465	40	0.2465	SS1540CNTLR	06/07/12	TCGA-A7-A0CE-01Z-00-DX1	44962
TCGA-A7-A0CE	01Z	00	DX2	TCGA-A7-A0CE-01Z-00-DX2.5AD1DB65-10E7-4996-AB5E-13D7851EC5FA.svs	773402563	131376	54056	4	aperio	40	0.2465	0.2465	40	0.2465	SS1540CNTLR	06/07/12	TCGA-A7-A0CE-01Z-00-DX2	28290
TCGA-A7-A0CJ	01Z	00	DX1	TCGA-A7-A0CJ-01Z-00-DX1.E26F2F62-D688-4373-BB7B-790A06734E49.svs	231625433	31416	77161	4	aperio	40	0.24560000000000001	0.24560000000000001	40	0.2456	SS1534CNTLR	06/07/12	TCGA-A7-A0CJ-01Z-00-DX1	9249
TCGA-A7-A0CJ	01Z	00	DX2	TCGA-A7-A0CJ-01Z-00-DX2.4B591117-5FC9-4B43-8A45-444CCCABC666.svs	266264945	39032	73883	4	aperio	40	0.24560000000000001	0.24560000000000001	40	0.2456	SS1534CNTLR	06/07/12	TCGA-A7-A0CJ-01Z-00-DX2	9616
TCGA-A7-A13F	01Z	00	DX1	TCGA-A7-A13F-01Z-00-DX1.AB4ADDD3-8E1C-4AB9-813E-D137A2CFB950.svs	588013275	88536	49122	4	aperio	40	0.24560000000000001	0.24560000000000001	40	0.2456	SS1534CNTLR	06/07/12	108858	24496
TCGA-A7-A13F	01Z	00	DX2	TCGA-A7-A13F-01Z-00-DX2.8CC23BAD-B3CC-4BBC-832A-A3879D6EF62D.svs	472724553	95200	47660	4	aperio	40	0.24560000000000001	0.24560000000000001	40	0.2456	SS1534CNTLR	06/07/12	TCGA-A7-A13F-01Z-00-DX2	16396
TCGA-A8-A06N	01Z	00	DX1	TCGA-A8-A06N-01Z-00-DX1.E25E65F8-DFE0-47CF-9FAB-B82EE8E321F7.svs	733518108	48896	54016	4	aperio	20	0.23250000000000001	0.23250000000000001	20	0.23250				13448
TCGA-A8-A06Z	01Z	00	DX1	TCGA-A8-A06Z-01Z-00-DX1.2BC8B71D-E01B-4CC1-B5E7-09BB54A5E1F8.svs	754183070	56576	38144	3	aperio	20	0.23250000000000001	0.23250000000000001	20	0.23250				13903
TCGA-A8-A076	01Z	00	DX1	TCGA-A8-A076-01Z-00-DX1.BAAC4F9C-0C04-42FB-95F4-D765305089B8.svs	1016046268	95744	73472	4	aperio	20	0.23250000000000001	0.23250000000000001	20	0.23250				16349
TCGA-A8-A079	01Z	00	DX1	TCGA-A8-A079-01Z-00-DX1.DC32BC20-A3BC-43B3-B69F-1E71E289EA34.svs	1620649694	58112	73472	4	aperio	20	0.23250000000000001	0.23250000000000001	20	0.23250				37382
TCGA-A8-A08G	01Z	00	DX1	TCGA-A8-A08G-01Z-00-DX1.C3BB7FEC-91B7-4B45-8DFC-36CABCC0FD57.svs	625819998	47872	51456	4	aperio	20	0.23250000000000001	0.23250000000000001	20	0.23250				11431
TCGA-A8-A08Z	01Z	00	DX1	TCGA-A8-A08Z-01Z-00-DX1.D0AADCA6-C27C-4FB8-89C1-94B5901146E7.svs	837094946	49920	96000	4	aperio	20	0.23250000000000001	0.23250000000000001	20	0.23250				14161
TCGA-A8-A09G	01Z	00	DX1	TCGA-A8-A09G-01Z-00-DX1.B834728C-DAC5-4463-961D-7E3B220905C1.svs	910425820	68096	40192	4	aperio	20	0.23250000000000001	0.23250000000000001	20	0.23250				19304
TCGA-A8-A09I	01Z	00	DX1	TCGA-A8-A09I-01Z-00-DX1.B738E479-8766-4766-B012-B32AC2F27533.svs	580709882	78336	45824	4	aperio	20	0.23250000000000001	0.23250000000000001	20	0.23250				9355
TCGA-AN-A0AJ	01Z	00	DX1	TCGA-AN-A0AJ-01Z-00-DX1.74EE47B0-FE27-44CF-9355-C738DE1BD017.svs	1493172611	161839	69397	4	aperio	40	0.248	0.248	40	0.2480	SS1511CNTLR	04/19/11	TCGA-AN-A0AJ-01Z-00-DX1	53283
TCGA-AN-A0AL	01Z	00	DX1	TCGA-AN-A0AL-01Z-00-DX1.D9E446A3-175F-4242-AFC1-78FFE3FC9AC4.svs	1304505591	152319	66427	4	aperio	40	0.248	0.248	40	0.2480	SS1511CNTLR	04/19/11	TCGA-AN-A0AL-01Z-00-DX1	46688
TCGA-AN-A0AM	01Z	00	DX1	TCGA-AN-A0AM-01Z-00-DX1.169CE39A-DD54-46D8-8D03-60B69A473CDB.svs	375571893	44743	50293	4	aperio	40	0.248	0.248	40	0.2480	SS1511CNTLR	04/19/11	TCGA-AN-A0AM-01Z-00-DX1	15689
TCGA-AN-A0AS	01Z	00	DX1	TCGA-AN-A0AS-01Z-00-DX1.51E551E9-E5F4-4C94-9B25-71DA41109E92.svs	439210803	59023	43937	3	aperio	40	0.248	0.248	40	0.2480	SS1511CNTLR	04/19/11	TCGA-AN-A0AS-01Z-00-DX1	18217
TCGA-AN-A0FK	01Z	00	DX1	TCGA-AN-A0FK-01Z-00-DX1.8966A1D5-CE3A-4B08-A1F6-E613BEB1ABD1.svs	1297449325	133279	68021	4	aperio	40	0.248	0.248	40	0.2480	SS1511CNTLR	04/19/11	TCGA-AN-A0FK-01Z-00-DX1	48638
TCGA-AN-A0FL	01Z	00	DX1	TCGA-AN-A0FL-01Z-00-DX1.20A041C6-A306-4599-A7D1-65032A252AA9.svs	1055798681	122807	71603	4	aperio	40	0.248	0.248	40	0.2480	SS1511CNTLR	04/19/11	TCGA-AN-A0FL-01Z-00-DX1	33675
TCGA-AO-A03O	01Z	00	DX1	TCGA-AO-A03O-01Z-00-DX1.054BBC89-69F4-4311-814D-E343472CD2C0.svs	707922860	59759	31937	3	aperio	20	0.49919999999999998	0.49919999999999998	20	0.4992	IPTH5003	02/04/11	254518	12927
TCGA-AO-A0J6	01Z	00	DX1	TCGA-AO-A0J6-01Z-00-DX1.D0C003CE-E112-4375-953D-78404C9D62DA.svs	1094306052	61751	46383	3	aperio	20	0.49919999999999998	0.49919999999999998	20	0.4992	IPTH5003	02/05/11	254525	20303
TCGA-AO-A0J9	01Z	00	DX1	TCGA-AO-A0J9-01Z-00-DX1.E37C342B-9B6A-4BEE-B064-A82C3579CC66.svs	780814062	55775	44164	3	aperio	20	0.49919999999999998	0.49919999999999998	20	0.4992	IPTH5003	02/05/11	254522	14052
TCGA-AO-A0JC	01Z	00	DX1	TCGA-AO-A0JC-01Z-00-DX1.C8DD421B-9799-4FE7-9224-5EAC6ED1028E.svs	910133620	59759	37971	3	aperio	20	0.49919999999999998	0.49919999999999998	20	0.4992	IPTH5003	02/05/11	254536	17559
TCGA-AO-A0JE	01Z	00	DX1	TCGA-AO-A0JE-01Z-00-DX1.82D33053-E305-47D8-9B02-B55511EBB06D.svs	746586716	61751	39098	3	aperio	20	0.49919999999999998	0.49919999999999998	20	0.4992	IPTH5003	02/07/11	254555	17115
TCGA-AO-A0JJ	01Z	00	DX1	TCGA-AO-A0JJ-01Z-00-DX1.D5B636F5-1B47-4033-9938-9DC8CD48CEE9.svs	728079632	55775	44667	3	aperio	20	0.49919999999999998	0.49919999999999998	20	0.4992	IPTH5003	02/05/11	254531	11190
TCGA-AO-A0JL	01Z	00	DX1	TCGA-AO-A0JL-01Z-00-DX1.473CC200-221A-4777-B19E-ADC41D10FC94.svs	960616448	63743	44485	3	aperio	20	0.49919999999999998	0.49919999999999998	20	0.4992	IPTH5003	02/05/11	254530	17064
TCGA-AO-A0JM	01Z	00	DX1	TCGA-AO-A0JM-01Z-00-DX1.94E75EFD-E5F5-4DF8-93A0-ED94CB4D203A.svs	1022793962	59759	45769	3	aperio	20	0.49919999999999998	0.49919999999999998	20	0.4992	IPTH5003	02/07/11	254552	21951
TCGA-AO-A126	01Z	00	DX1	TCGA-AO-A126-01Z-00-DX1.D9D6AA15-32F0-44BD-AF30-36191784FFA2.svs	550065516	57767	38616	3	aperio	20	0.49919999999999998	0.49919999999999998	20	0.4992	IPTH5003	02/06/11	254546	11171
TCGA-AO-A12B	01Z	00	DX1	TCGA-AO-A12B-01Z-00-DX1.B215230B-5FF7-4B0A-9C1E-5F1658534B11.svs	722809612	63743	42973	3	aperio	20	0.49919999999999998	0.49919999999999998	20	0.4992	IPTH5003	02/07/11	254550	11707
TCGA-AO-A12D	01Z	00	DX1	TCGA-AO-A12D-01Z-00-DX1.BA006BAD-5C6E-4099-BC99-3888E69F506E.svs	1052702068	55775	42281	3	aperio	20	0.49919999999999998	0.49919999999999998	20	0.4992	IPTH5003	02/06/11	254541	21222
TCGA-AO-A12E	01Z	00	DX1	TCGA-AO-A12E-01Z-00-DX1.F2797928-26EC-4B28-BC50-432EB380624B.svs	403159508	57767	44528	3	aperio	20	0.49919999999999998	0.49919999999999998	20	0.4992	IPTH5003	02/06/11	254540	6919
TCGA-AO-A12F	01Z	00	DX1	TCGA-AO-A12F-01Z-00-DX1.847C8E4F-3F37-4B1D-8E6E-ACD14391AD89.svs	1314142990	71711	44555	4	aperio	20	0.49919999999999998	0.49919999999999998	20	0.4992	IPTH5003	02/06/11	254539	25865
TCGA-AR-A0TR	01Z	00	DX1	TCGA-AR-A0TR-01Z-00-DX1.BBCE653F-7DD0-4830-BAD3-C06207A93853.svs	1506890479	124712	82845	4	aperio	40	0.24679999999999999	0.24679999999999999	40	0.2468	SS1552CNTLR	09/20/12	TCGA-AR-A0TR-01Z-00-DX1	51911
TCGA-AR-A0TT	01Z	00	DX1	TCGA-AR-A0TT-01Z-00-DX1.127C2A4F-62AC-4E83-99DB-13519BD2949D.svs	1298209095	126616	76587	4	aperio	40	0.24679999999999999	0.24679999999999999	40	0.2468	SS1552CNTLR	09/20/12	TCGA-AR-A0TT-01Z-00-DX1	37034
TCGA-AR-A0TV	01Z	00	DX1	TCGA-AR-A0TV-01Z-00-DX1.29AE9996-E73A-41F8-BCC9-23DEDCA5A7AC.svs	1007861893	79016	71663	4	aperio	40	0.24679999999999999	0.24679999999999999	40	0.2468	SS1552CNTLR	09/20/12	TCGA-AR-A0TV-01Z-00-DX1	35314
TCGA-AR-A0TX	01Z	00	DX1	TCGA-AR-A0TX-01Z-00-DX1.5BEA4E65-8CEC-49B2-9F29-DBE53E8ED46E.svs	488012489	71400	67084	4	aperio	40	0.24679999999999999	0.24679999999999999	40	0.2468	SS1552CNTLR	08/01/13	TCGA-AR-A0TX-01Z-00-DX1	9697
TCGA-AR-A0TY	01Z	00	DX1	TCGA-AR-A0TY-01Z-00-DX1.089EB6B4-9921-441D-84F3-C64C97AFC3B4.svs	969891489	86632	66370	4	aperio	40	0.24679999999999999	0.24679999999999999	40	0.2468	SS1552CNTLR	09/20/12	TCGA-AR-A0TY-01Z-00-DX1	36447
TCGA-AR-A0U4	01Z	00	DX1	TCGA-AR-A0U4-01Z-00-DX1.DE722DC5-859D-4866-ADCC-ED98EDBFB588.svs	1722083269	111384	91613	4	aperio	40	0.24679999999999999	0.24679999999999999	40	0.2468	SS1552CNTLR	09/20/12	TCGA-AR-A0U4-01Z-00-DX1	64418
TCGA-AR-A1AP	01Z	00	DX1	TCGA-AR-A1AP-01Z-00-DX1.F163EED5-0385-41AA-BA35-54E4910CD99E.svs	1023777825	104720	51990	4	aperio	40	0.24679999999999999	0.24679999999999999	40	0.2468	SS1552CNTLR	08/01/13	TCGA-AR-A1AP-01Z-00-DX1	33455
TCGA-AR-A1AQ	01Z	00	DX1	TCGA-AR-A1AQ-01Z-00-DX1.09D5D7FC-0FA8-4176-94B2-995F44D8ED4C.svs	824711291	99960	56617	4	aperio	40	0.24679999999999999	0.24679999999999999	40	0.2468	SS1552CNTLR	08/01/13	TCGA-AR-A1AQ-01Z-00-DX1	26625
TCGA-AR-A1AS	01Z	00	DX1	TCGA-AR-A1AS-01Z-00-DX1.72979519-0A90-42AD-9F23-1991F75C8CE7.svs	1820128441	135184	65369	4	aperio	40	0.24679999999999999	0.24679999999999999	40	0.2468	SS1552CNTLR	08/01/13	TCGA-AR-A1AS-01Z-00-DX1	76020
TCGA-AR-A1AV	01Z	00	DX1	TCGA-AR-A1AV-01Z-00-DX1.93698893-7C5C-44C1-A488-ED358D523693.svs	801769715	73304	64442	4	aperio	40	0.24679999999999999	0.24679999999999999	40	0.2468	SS1552CNTLR	08/01/13	TCGA-AR-A1AV-01Z-00-DX1	29249
TCGA-AR-A1AW	01Z	00	DX1	TCGA-AR-A1AW-01Z-00-DX1.E527CA46-D83F-4055-8C7E-AEFEF13C1E29.svs	975626387	99960	65334	4	aperio	40	0.24679999999999999	0.24679999999999999	40	0.2468	SS1552CNTLR	08/01/13	TCGA-AR-A1AW-01Z-00-DX1	31875
TCGA-BH-A0AV	01Z	00	DX1	TCGA-BH-A0AV-01Z-00-DX1.5A686DA4-A29D-4BA7-9BCA-B707F8755E83.svs	1180410963	117134	88825	4	aperio	40	0.2505	0.2505	40	0.2505	SS1248CNTLR	06/08/11	TCGA-BH-A0AV-01Z-00-DX1	47873
TCGA-BH-A0BV	01Z	00	DX1	TCGA-BH-A0BV-01Z-00-DX1.3C9CD4F7-A001-430D-AA8D-80CAD61C344E.svs	1370988687	91928	93215	4	aperio	40	0.2485	0.2485	40	0.2485	SS1436CNTLR	12/22/10	TCGA-BH-A0BV-01Z-00-DX1	56882
TCGA-BH-A0BZ	01Z	00	DX1	TCGA-BH-A0BZ-01Z-00-DX1.45EB3E93-A871-49C6-9EAE-90D98AE01913.svs	1173967467	112334	85047	4	aperio	40	0.2505	0.2505	40	0.2505	SS1248CNTLR	06/08/11	TCGA-BH-A0BZ-01Z-00-DX1	45423
TCGA-BH-A0C0	01Z	00	DX1	TCGA-BH-A0C0-01Z-00-DX1.2D32D35A-EB7E-4D0E-BE5F-E56F7B930463.svs	1480365431	105334	80638	4	aperio	40	0.2485	0.2485	40	0.2485	SS1436CNTLR	12/22/10	TCGA-BH-A0C0-01Z-00-DX1	67649
TCGA-BH-A0C1	01Z	00	DX1	TCGA-BH-A0C1-01Z-00-DX1.21FE357E-B182-4397-BFEF-7E96E994236A.svs	992971003	109453	85052	4	aperio	40	0.2505	0.2505	40	0.2505	SS1248CNTLR	06/08/11	TCGA-BH-A0C1-01Z-00-DX1	39508
TCGA-BH-A0C7	01Z	00	DX1	TCGA-BH-A0C7-01Z-00-DX1.C70D358E-C48F-4F69-86CE-3218E9C95837.svs	1743079165	122895	88812	4	aperio	40	0.2505	0.2505	40	0.2505	SS1248CNTLR	06/08/11	TCGA-BH-A0C7-01Z-00-DX1	81723
TCGA-BH-A0DD	01Z	00	DX1	TCGA-BH-A0DD-01Z-00-DX1.2242DD1F-0B7C-4B43-A7A9-8130D2BDEE78.svs	1168871643	107533	83541	4	aperio	40	0.2505	0.2505	40	0.2505	SS1248CNTLR	06/08/11	TCGA-BH-A0DD-01Z-00-DX1	49673
TCGA-BH-A0DG	01Z	00	DX1	TCGA-BH-A0DG-01Z-00-DX1.D3C4F57F-608F-46AA-A978-B558117C9DFB.svs	1352198923	114254	88832	4	aperio	40	0.2505	0.2505	40	0.2505	SS1248CNTLR	06/08/11	TCGA-BH-A0DG-01Z-00-DX1	64450
TCGA-BH-A0E0	01Z	00	DX1	TCGA-BH-A0E0-01Z-00-DX1.01E88024-83DF-4282-ABAF-F4E35807DA06.svs	1614215963	102461	84228	4	aperio	40	0.2485	0.2485	40	0.2485	SS1436CNTLR	12/23/10	TCGA-BH-A0E0-01Z-00-DX1	68809
TCGA-BH-A0E1	01Z	00	DX1	TCGA-BH-A0E1-01Z-00-DX1.257EB36A-1008-4890-927B-204EF05DBE90.svs	1761461611	102461	82446	4	aperio	40	0.2485	0.2485	40	0.2485	SS1436CNTLR	12/23/10	TCGA-BH-A0E1-01Z-00-DX1	69607
TCGA-BH-A0E9	01Z	00	DX1	TCGA-BH-A0E9-01Z-00-DX1.5FC4A5E1-3984-4869-9FFB-C0C7F9EAF5FE.svs	1173561805	97932	83815	4	aperio	40	0.2505	0.2505	40	0.2505	SS1248CNTLR	06/08/11	TCGA-BH-A0E9-01Z-00-DX1	70564
TCGA-BH-A0EE	01Z	00	DX1	TCGA-BH-A0EE-01Z-00-DX1.872EA586-25C8-4835-A138-152DFA1EBF30.svs	1692124169	125444	93788	4	aperio	40	0.2485	0.2485	40	0.2485	SS1436CNTLR	12/23/10	TCGA-BH-A0EE-01Z-00-DX1	61458
TCGA-BH-A0HK	01Z	00	DX1	TCGA-BH-A0HK-01Z-00-DX1.019036F5-647A-4EC4-8479-F2C100291AEF.svs	2057884625	133104	84302	4	aperio	40	0.2485	0.2485	40	0.2485	SS1436CNTLR	12/23/10	TCGA-BH-A0HK-01Z-00-DX1	81510
TCGA-BH-A0HP	01Z	00	DX1	TCGA-BH-A0HP-01Z-00-DX1.F1FF6E88-B2D1-40AA-8373-1714D82E666F.svs	1224432283	117783	92555	4	aperio	40	0.2485	0.2485	40	0.2485	SS1436CNTLR	12/23/10	TCGA-BH-A0HP-01Z-00-DX1	36229
TCGA-BH-A18N	01Z	00	DX1	TCGA-BH-A18N-01Z-00-DX1.FE0E24A1-8AE9-4021-B9C7-B408EE0DE329.svs	1383371133	121613	91000	4	aperio	40	0.2485	0.2485	40	0.2485	SS1436CNTLR	06/08/11	TCGA-BH-A18N-01Z-00-DX1	48232
TCGA-BH-A18Q	01Z	00	DX1	TCGA-BH-A18Q-01Z-00-DX1.E89E49C7-D62A-4408-A3D9-19E79FCB249E.svs	1516526731	115868	82107	4	aperio	40	0.2485	0.2485	40	0.2485	SS1436CNTLR	06/08/11	TCGA-BH-A18Q-01Z-00-DX1	59926
TCGA-BH-A18R	01Z	00	DX1	TCGA-BH-A18R-01Z-00-DX1.07E6FA7F-5072-4327-9982-A40F010B7532.svs	1776131415	148426	57180	4	aperio	40	0.2485	0.2485	40	0.2485	SS1436CNTLR	06/08/11	TCGA-BH-A18R-01Z-00-DX1	73003
TCGA-BH-A18U	01Z	00	DX1	TCGA-BH-A18U-01Z-00-DX1.63940315-59BC-462B-87A8-2BBB33C9503E.svs	1613632345	125444	90978	4	aperio	40	0.2485	0.2485	40	0.2485	SS1436CNTLR	06/08/11	TCGA-BH-A18U-01Z-00-DX1	52446
TCGA-BH-A18V	01Z	00	DX1	TCGA-BH-A18V-01Z-00-DX1.7797760A-05CD-436E-97DA-31D6201F943B.svs	1222805917	103419	84731	4	aperio	40	0.2485	0.2485	40	0.2485	SS1436CNTLR	06/08/11	TCGA-BH-A18V-01Z-00-DX1	44908
TCGA-C8-A12L	01Z	00	DX1	TCGA-C8-A12L-01Z-00-DX1.01863BE4-F4AB-45DE-894A-46544777C519.svs	1045512395	70448	72016	4	aperio	40	0.24560000000000001	0.24560000000000001	40	0.2456	SS1534CNTLR	08/18/11	TCGA-C8-A12L-01Z-00-DX1	45624
TCGA-C8-A12P	01Z	00	DX1	TCGA-C8-A12P-01Z-00-DX1.670B5DE8-07B0-4E4C-93FA-FA3DFFCCE50D.svs	300148309	53312	58924	4	aperio	40	0.24679999999999999	0.24679999999999999	40	0.2468	SS1552CNTLR	08/19/11	TCGA-C8-A12P-01Z-00-DX1	24401
TCGA-C8-A12Q	01Z	00	DX1	TCGA-C8-A12Q-01Z-00-DX1.CE74E5B7-FD30-4CBE-8716-ECCF2213AAC3.svs	857550913	76160	62955	4	aperio	40	0.24560000000000001	0.24560000000000001	40	0.2456	SS1534CNTLR	08/18/11	TCGA-C8-A12Q-01Z-00-DX1	40169
TCGA-C8-A12T	01Z	00	DX1	TCGA-C8-A12T-01Z-00-DX1.EF628C26-C570-4D15-A0C0-58B2CC40ABFC.svs	929342787	72969	73766	4	aperio	40	0.2505	0.2505	40	0.2505	SS1248CNTLR	08/18/11	TCGA-C8-A12T-01Z-00-DX1	47804
TCGA-C8-A12U	01Z	00	DX1	TCGA-C8-A12U-01Z-00-DX1.8E90FC9F-630E-4611-A5D2-D6F11DBE81EF.svs	1657634449	90440	88610	4	aperio	40	0.24560000000000001	0.24560000000000001	40	0.2456	SS1534CNTLR	08/18/11	TCGA-C8-A12U-01Z-00-DX1	67559
TCGA-C8-A12V	01Z	00	DX1	TCGA-C8-A12V-01Z-00-DX1.84B29360-B87B-4648-A697-B6610336C2BB.svs	1318438387	81394	75937	4	aperio	40	0.2485	0.2485	40	0.2485	SS1436CNTLR	08/18/11	TCGA-C8-A12V-01Z-00-DX1	57956
TCGA-C8-A12W	01Z	00	DX1	TCGA-C8-A12W-01Z-00-DX1.3727E7BB-831E-42DB-B5CB-F2D7C649290F.svs	928465089	81872	79990	4	aperio	40	0.24560000000000001	0.24560000000000001	40	0.2456	SS1534CNTLR	08/18/11	TCGA-C8-A12W-01Z-00-DX1	39332
TCGA-C8-A12Z	01Z	00	DX1	TCGA-C8-A12Z-01Z-00-DX1.22616420-7C80-42DE-9C44-0F00327681C6.svs	1003552201	75208	65593	4	aperio	40	0.24560000000000001	0.24560000000000001	40	0.2456	SS1534CNTLR	08/18/11	TCGA-C8-A12Z-01Z-00-DX1	45785
TCGA-C8-A130	01Z	00	DX1	TCGA-C8-A130-01Z-00-DX1.F6810204-C35A-4461-A18A-0A117739B988.svs	741021379	70448	60290	4	aperio	40	0.24560000000000001	0.24560000000000001	40	0.2456	SS1534CNTLR	08/18/11	TCGA-C8-A130-01Z-00-DX1	29240
TCGA-C8-A131	01Z	00	DX1	TCGA-C8-A131-01Z-00-DX1.5CB27A29-9951-40B9-B4DB-26A4D2EA89B8.svs	870167195	54264	76913	4	aperio	40	0.24560000000000001	0.24560000000000001	40	0.2456	SS1534CNTLR	08/18/11	TCGA-C8-A131-01Z-00-DX1	34067
TCGA-C8-A134	01Z	00	DX1	TCGA-C8-A134-01Z-00-DX1.78D10BCC-98B3-4587-897D-3E27DA28D2EB.svs	734483739	69496	71847	4	aperio	40	0.24560000000000001	0.24560000000000001	40	0.2456	SS1534CNTLR	08/18/11	TCGA-C8-A134-01Z-00-DX1	27166
TCGA-C8-A135	01Z	00	DX1	TCGA-C8-A135-01Z-00-DX1.B69A605E-B577-4F43-9471-2C95312B05D9.svs	1302983215	70448	94153	4	aperio	40	0.24560000000000001	0.24560000000000001	40	0.2456	SS1534CNTLR	08/18/11	TCGA-C8-A135-01Z-00-DX1	52855
TCGA-C8-A138	01Z	00	DX1	TCGA-C8-A138-01Z-00-DX1.845A0680-23A4-4A58-A9C4-2EE17BDBD371.svs	869990383	71400	62110	4	aperio	40	0.24560000000000001	0.24560000000000001	40	0.2456	SS1534CNTLR	08/18/11	TCGA-C8-A138-01Z-00-DX1	38400
TCGA-D8-A13Y	01Z	00	DX1	TCGA-D8-A13Y-01Z-00-DX1.02321E77-A11E-41A5-95FE-BB897EA5CE58.svs	1288034375	76159	87551	4	aperio	40	0.248	0.248	40	0.2480	SS1511CNTLR	12/01/10	TCGA-D8-A13Y-01Z-00-DX1	52848
TCGA-D8-A13Y	01Z	00	DX2	TCGA-D8-A13Y-01Z-00-DX2.0043D2BB-B04D-4A44-AAB1-1CAAD97AC246.svs	1113041087	69719	71638	4	aperio	40	0.25269999999999998	0.25269999999999998	40	0.2527	SS1764CNTLR	03/11/14	TCGA-D8-A13Y-01Z-00-DX2	41094
TCGA-D8-A142	01Z	00	DX1	TCGA-D8-A142-01Z-00-DX1.F6D58989-9120-40C9-918D-6B1650C1A8E8.svs	1286239095	106623	73532	4	aperio	40	0.248	0.248	40	0.2480	SS1511CNTLR	12/01/10	TCGA-D8-A142-01Z-00-DX1	47279
TCGA-E2-A10A	01Z	00	DX1	TCGA-E2-A10A-01Z-00-DX1.98B19EF1-0DAE-4DC6-8B0E-963CFABC6724.svs	1341476123	105671	93187	4	aperio	40	0.248	0.248	40	0.2480	SS1511CNTLR	01/18/11	TCGA-E2-A10A-01Z-00-DX1	49579
TCGA-E2-A150	01Z	00	DX1	TCGA-E2-A150-01Z-00-DX1.55643D23-83E6-4058-8EA5-18AAA8547839.svs	1611920503	117096	90605	4	aperio	40	0.24679999999999999	0.24679999999999999	40	0.2468	SS1552CNTLR	04/16/11	TCGA-E2-A150-01Z-00-DX1	57667
TCGA-E2-A154	01Z	00	DX1	TCGA-E2-A154-01Z-00-DX1.01FC9B1A-8ECD-4467-9EDD-0B02E4AEEF72.svs	1360743825	108528	90471	4	aperio	40	0.24679999999999999	0.24679999999999999	40	0.2468	SS1552CNTLR	04/16/11	TCGA-E2-A154-01Z-00-DX1	41995
TCGA-E2-A158	01Z	00	DX1	TCGA-E2-A158-01Z-00-DX1.994C60FE-E651-4224-95E7-4669834F2338.svs	835921309	126616	71160	4	aperio	40	0.24679999999999999	0.24679999999999999	40	0.2468	SS1552CNTLR	04/16/11	TCGA-E2-A158-01Z-00-DX1	16076
TCGA-E2-A159	01Z	00	DX1	TCGA-E2-A159-01Z-00-DX1.C8DC3356-CAE9-4E7A-AEFF-ABB4BE38192B.svs	1490421645	99960	77177	4	aperio	40	0.24679999999999999	0.24679999999999999	40	0.2468	SS1552CNTLR	04/16/11	TCGA-E2-A159-01Z-00-DX1	50979
TCGA-E2-A15A	01Z	00	DX1	TCGA-E2-A15A-01Z-00-DX1.B9D22735-FE9F-46D9-84E6-0C71A1BF84D6.svs	1693631287	115192	84360	4	aperio	40	0.24679999999999999	0.24679999999999999	40	0.2468	SS1552CNTLR	04/16/11	TCGA-E2-A15A-01Z-00-DX1	73581
