B_null,B_sel,D_all_nullmean,D_all_nullsd,D_all_z,D_sel_nullmean,D_sel_nullsd,D_sel_z,D_signal_nullmean,D_signal_nullsd,D_signal_z,G,K,N_all_nullmean,N_all_nullsd,N_all_z,N_pg_fracabove_sel,N_pg_fracbelow_sel,N_pg_rej_null,N_pg_rej_sel,N_sel_nullmean,N_sel_nullsd,N_sel_z,N_signal_nullmean,N_signal_nullsd,N_signal_z,Nc_all_nullmean,Nc_all_nullsd,Nc_all_z,Nc_pg_fracabove_sel,Nc_pg_fracbelow_sel,Nc_pg_rej_null,Nc_pg_rej_sel,Nc_sel_nullmean,Nc_sel_nullsd,Nc_sel_z,Nc_signal_nullmean,Nc_signal_nullsd,Nc_signal_z,R2rna,S_all_nullmean,S_all_nullsd,S_all_z,S_mean_all,S_mean_sel,S_mean_signal,S_nullmean_all,S_nullmean_sel,S_nullmean_signal,S_sel_nullmean,S_sel_nullsd,S_sel_z,S_signal_nullmean,S_signal_nullsd,S_signal_z,class_all,class_sel,delta_target,fX,fX_pop,fdr_realised,feasible,hyp,incr_p_mean_sel,incr_p_mean_signal,incr_p_pop,lam,lamhat_noise_sel,n,n_sel,n_sel_null,n_sel_perm_p,n_signal,pi1,rep,rho2_mean_sel,scenario,seconds,sel_rate_signal,theta_pc_all,theta_pc_sel,theta_pc_signal,theta_pop,theta_set_all,theta_set_sel,theta_set_sel_jkse,theta_set_sel_signalonly,theta_set_signal
200,200,-14.158196607914356,2.5131108278486405,13.471135077327807,,,,-2.896991520979767,1.3068682514745078,27.616826817707075,2000,20,-0.15156584513787208,1.1183757864422004,0.29768923053990354,0.6666666666666666,0.0,0.06,0.6666666666666666,,,,0.06464229213068762,0.5338389826866767,0.864968638302618,-0.29180000778439175,2.34699272356455,0.3790065962857951,0.6666666666666666,0.0,0.056875,0.6666666666666666,,,,0.13293900204257364,1.1317014260687108,0.8628710894310908,0.3,25.563879011258567,5.067909052819642,-8.096375879185564,-0.007733908800952318,,-0.0922194883615581,0.012781939505629284,,0.013766379659351256,,,,5.506551863740501,2.2744255757900467,-18.639584279920417,R1_post,R6_nosignal,0.1,nan,0.0,0.0,True,post,0.14959040441770768,-0.12249333327222135,0.1,0.6,0.2515833307728988,100,3,0,0,400,0.2,0,0.29187419985729096,0,41.075106382369995,0.0075,0.009834109665297274,,0.012793962146792473,0.0,0.009207971110430346,0.3361540985353946,,0.3361540985353946,0.01585790647560006
200,200,-13.803002158389413,2.7742194911991374,14.605343020034109,,,,-2.7707673032884963,1.2988931604174156,30.03806289438374,2000,20,0.0057971225815967205,1.1013037508903083,0.5464505188054598,0.0,0.0,0.04625,0.0,,,,0.022419840756454777,0.5034961423981453,1.7313656511432167,-0.019748061121903148,2.3273779134562385,0.5349555828050095,0.0,0.0,0.05125,0.0,,,,0.040274347682798355,1.0553855097835898,1.7814373338546026,0.3,25.63708092295886,5.528960103670217,-8.505270632325416,-0.010694110537047415,,-0.0997854442262545,0.012818540461479429,,0.01298588633090668,,,,5.194354532362671,2.430574009415482,-18.55879806502739,R1_post,R6_nosignal,0.1,nan,0.0,0.0,True,post,0.16364377582445008,-0.10305347017281409,0.1,0.6,0.05997673091379557,100,3,0,0,400,0.2,1,0.2864742674756237,0,40.03070688247681,0.0075,0.014852699041125964,,0.022342902610078146,0.0,0.022743606954064265,0.06380345347418781,,0.06380345347418781,0.02466945076677906
200,200,-14.578209209880983,2.5273399783929764,15.239780495235474,-0.19330785678005316,0.2820597563596954,19.31168649320653,-3.180131690337904,1.2094209162676937,31.789681912818963,2000,20,-0.07271695046736576,1.1155459222982762,-0.43021108157270005,0.043478260869565216,0.08695652173913043,0.048125,0.13043478260869565,-0.02472326472512422,0.1297034091698656,-0.17782515734595344,-0.031453626340973435,0.5380290474161203,0.07944487279687593,-0.15858738261306884,2.327744968702629,-0.45257139556446896,0.0,0.043478260869565216,0.05125,0.043478260869565216,-0.05167935746803622,0.2720887448071533,-0.1262889682051085,-0.05819285017927736,1.1250128090373956,0.21906701822464103,0.3,26.630879284857077,4.762437984747159,-10.374616440879088,-0.01138879406518912,-0.24890185895654762,-0.10327069288557605,0.013315439642428538,0.011610870942652283,0.014229163607203697,0.2670500316810025,0.5636659085249252,-10.630042897841875,5.691665442881479,2.4754754571742157,-18.98622846810362,R1_post,R1_post,0.1,nan,0.0,0.08695652173913043,True,post,0.12661904615237568,-0.10333503777999171,0.1,0.6,-0.009179450001244743,100,23,2,0,400,0.2,2,0.29376814307955823,0,42.77175283432007,0.0525,-0.012460247446927695,-0.004234315986101167,0.001111752051788501,0.0,-0.0230862870439918,-0.00909595414495749,0.02999756600208741,-0.016619664201952686,0.00032013017959343226
200,200,-14.479616955048527,2.62777122363913,13.660806210201693,-0.047975252730616036,0.1512711437216662,10.633681594325449,-2.8288812067125777,1.3484194995380077,27.80383295694592,2000,20,0.04864003404710411,1.0745911854030117,-0.7195936077518532,0.0,0.0,0.055,0.0,0.005221998943268533,0.06636647160153943,0.42463758831596554,-0.0011778702731489198,0.5331925970456814,-0.8361071796124752,0.10762978808609545,2.26052707513783,-0.5475904036046023,0.0,0.0,0.056875,0.0,0.010838857037033585,0.13603084843107355,0.3015591378459077,-0.004596441082959162,1.1187997973528092,-0.6081594879488577,0.3,26.661775995121165,4.9248569562279325,-9.43668218625368,-0.009906266956785963,-0.2563091009203057,-0.104631937922011,0.013330887997560582,0.018119441632592246,0.013241553926431013,0.10871664979555348,0.26114252508733027,-6.305258995104081,5.296621570572406,2.516222701086613,-18.73816523433992,R1_post,R1_post,0.1,nan,0.0,0.0,True,post,0.1530070849157322,-0.11957526682893675,0.1,0.6,0.02095592674721346,100,6,0,0,400,0.2,3,0.2911535927789347,0,43.34316897392273,0.015,-0.021541041015631434,0.017519730486923506,-0.01189094495728529,0.0,-0.03383293347103729,0.021404477407834424,0.023552929897070696,0.021404477407834424,-0.01289537603831547
200,200,-14.090043854923204,2.7609139174896065,26.058335623295626,-1.5308530526366924,1.235642732848325,42.54693305663908,-2.764407067763956,1.7088795916634387,43.459903243688764,2000,20,0.06443237242642004,1.2606483804685116,-0.3658617319349443,0.07555555555555556,0.07555555555555556,0.04625,0.13777777777777778,0.07089083423532638,0.38000254208924567,-0.42096071389837986,0.06846089224116664,0.5387225146407676,0.4959122886068695,0.1624886792878673,2.6563961040432003,-0.3368989699310906,0.035555555555555556,0.04,0.05,0.06666666666666667,0.15308126068158528,0.7915661204194795,-0.3100791282856091,0.15052052755379883,1.125230098985611,0.6603177380230107,0.3,26.752362970213916,5.498617227819222,-14.873453817826856,-0.027515533214838645,-0.2421708054075912,-0.19522989204046226,0.013376181485106959,0.013839742775432172,0.013884711069895235,3.113942124472239,2.196575162027665,-26.22372060693845,5.553884427958095,2.9942625748382574,-27.935372784944686,R1_post,R1_post,0.2,nan,0.0,0.03111111111111111,True,post,0.10179347983579372,0.02544990236631864,0.20000000000000004,0.6,-0.0017481898311249237,100,225,7,200,400,0.2,0,0.29747379872572055,1,41.92723536491394,0.545,-0.006410788021902155,-0.0030427543353763607,0.0035972430157817487,0.0,-0.006858389983326785,-0.0017451389968766843,0.009822274024104356,-0.0016800052713962016,0.004693767208003204
200,200,-13.74163756119255,2.7849075634989324,26.99329972558755,-1.785035796407054,1.4114532808795512,39.006992186386164,-2.9628688629882083,1.7971413853285012,42.379486978842294,2000,20,-0.12445785024447142,1.156381690841261,1.5890083207386905,0.05603448275862069,0.07327586206896551,0.04125,0.11206896551724138,-0.06565861222606702,0.40309904153670595,0.01771527295143516,-0.03151745331445148,0.4987230106563968,0.4429707331962429,-0.2348957933418378,2.4162695094542337,1.7151053816817228,0.008620689655172414,0.021551724137931036,0.050625,0.02586206896551724,-0.1299814358923442,0.8529570345043085,0.12197472410910132,-0.06254069573442562,1.050210299507471,0.6462036775827172,0.3,25.43078872912273,4.998611353899358,-15.556325814023552,-0.026164619054914316,-0.24276848652086191,-0.1987217544692082,0.012715394364561369,0.01287177912428035,0.013307367140112556,2.986252756833041,2.231942389526149,-26.572613122974865,5.322946856045022,2.890864830293676,-29.33781190837731,R1_post,R1_post,0.2,nan,0.0,0.021551724137931036,True,post,0.10410474395971898,0.029135426150176866,0.20000000000000004,0.6,-0.0010996863474555182,100,232,5,220,400,0.2,1,0.29647928239638605,1,41.121869802474976,0.5675,0.024443343814838973,0.0001297031856083036,0.00290065782039039,0.0,0.027885084418651146,-0.0010984783657936796,0.008943846623995149,-0.0013384141987259875,0.0025874955442715705
200,200,-14.221319223063453,2.7826189297629846,27.346450004102316,-1.8016939566340933,1.270719298704963,43.36328891096805,-3.04676729305948,1.794636555281999,43.539125579986425,2000,20,-0.2266864510879517,1.2316328102338017,0.3559625170281272,0.09170305676855896,0.048034934497816595,0.0425,0.11353711790393013,-0.0009989985180501304,0.3552220517425274,1.961835750382249,-0.022602848593104633,0.4740763817685439,1.7825418955012127,-0.45351245797476947,2.5748090978101925,0.2606213538292628,0.034934497816593885,0.021834061135371178,0.040625,0.039301310043668124,-0.0035342219433700727,0.7306094859770487,1.7778839721352495,-0.052983470365800776,0.9777195176296851,1.7683804810989041,0.3,25.39264000488939,5.447208390961715,-15.126706104749903,-0.028502840208265608,-0.23498639732674673,-0.195110838328966,0.012696320002444694,0.013455382283538639,0.013319409557230068,3.0812825429303485,2.04148560930593,-27.868512651465704,5.327763822892028,2.8474484720911994,-29.27958134154389,R1_post,R1_post,0.2,nan,0.0,0.017467248908296942,True,post,0.105964646579052,0.03073329851104347,0.20000000000000004,0.6,0.012887593449555717,100,229,4,209,400,0.2,2,0.2910321960304737,1,40.55020332336426,0.5625,0.005761437134535972,0.012647093316812475,0.010815132715605622,0.0,0.003421964215401523,0.01305585196177668,0.009459021036110122,0.013052504458118624,0.010952945005804321
200,200,-13.874776091343618,2.7617757055462784,27.80579247063679,-1.339771083640393,1.2591280065021173,42.25499562376543,-2.5246815980975144,1.8083068417495396,42.70917296060838,2000,20,0.03491966663446205,1.21357013007162,-0.25701158581902694,0.08520179372197309,0.07623318385650224,0.041875,0.14798206278026907,0.056325494785604946,0.3943093508572359,0.07984569037920126,0.05344018492949737,0.5222733087004537,-0.8920194605464971,0.043357864854654656,2.520944799823719,-0.12928260976539976,0.03139013452914798,0.03587443946188341,0.039375,0.05829596412556054,0.11058042543759652,0.8201748625657086,0.19248919091202565,0.10915728119553517,1.0923457701469759,-0.41494084217193383,0.3,25.298806474227863,5.042272558609591,-17.3500368097886,-0.031092404011326423,-0.2495636163918454,-0.20759068129637206,0.012649403237113931,0.012274862754947172,0.01224804312330917,2.737294394353219,2.1157258086043442,-27.598085069550944,4.8992172493236685,2.8604452219458336,-30.741889092364143,R1_post,R1_post,0.2,nan,0.0,0.026905829596412557,True,post,0.11128433435426248,0.03250630619972663,0.20000000000000004,0.6,0.001690186604626363,100,223,6,213,400,0.2,3,0.3045903953471887,1,41.98645997047424,0.5425,-0.004061569581361344,0.0005917531952000884,-0.006032243629172683,0.0,-0.004402227298573131,0.00169304817196761,0.010177986932149287,-0.0014042295043841507,-0.005520766914732402
200,200,-14.067541725374722,2.674420937926142,14.545672496109312,,,,-2.907774008602963,1.2264116444312485,32.29868612173692,2000,20,0.016402748222125108,1.1742920394122396,0.2277444594842138,0.0,0.0,0.04625,0.0,,,,0.026093810405141485,0.5345667584205985,-0.7222238849198954,0.04247937748195163,2.449090963137607,0.22435079752556672,0.0,0.0,0.045,0.0,,,,0.047948660977358365,1.1128023879129911,-0.5006756265273073,0.3,26.071816507121447,5.119721267834818,-9.181481642041057,-0.01046740516294014,,-0.10942497413427504,0.013035908253560727,,0.013445443803302919,,,,5.378177521321167,2.423522057469038,-20.27964508247056,R1_post,R6_nosignal,0.1,nan,0.0,0.0,True,post,0.15977647022211017,-0.10807348295832937,0.1,0.8,0.0438914844076653,100,3,0,0,400,0.2,0,0.32882859479165544,2,42.48011827468872,0.0075,0.006874804752268693,,-0.009746589489380366,0.0,0.011429676089207964,0.04590638373351727,,0.04590638373351727,-0.00980781134239268
200,200,-13.516298060688928,2.8871575528629414,12.775202801984854,-0.058726874051593325,0.1955154445853463,12.993829492281682,-2.416522945038383,1.3998862696934218,26.426550076275113,2000,20,-0.11643660913379232,1.2385309706566971,1.1827126337554659,0.1,0.0,0.04375,0.1,-0.02000888901564641,0.08774248720193976,0.8282086347538482,-0.027445166431465228,0.5349618327784439,2.013605635489052,-0.22115344011934604,2.5754229807143085,1.1490030148013555,0.0,0.0,0.04375,0.0,-0.03816006513680663,0.17839724400976784,0.7480387122325356,-0.038867351270025045,1.1123662373596375,2.0033820058292457,0.3,24.513295998312014,5.158881488521502,-7.756071777115948,-0.00774967955815164,-0.24980698773777607,-0.09749493409408137,0.012256647999156005,0.0040432915255121165,0.011408898145072737,0.04043291525512117,0.38256769497304594,-6.635434266882096,4.563559258029095,2.4567312414263562,-17.731501175664814,R1_post,R1_post,0.1,nan,0.0,0.0,True,post,0.1351305010279892,-0.10862868485744034,0.1,0.8,0.020777944106017805,100,10,0,0,400,0.2,1,0.28542975207478666,2,42.96168494224548,0.025,0.0397143830000193,0.0286043090528669,0.029118164248192652,0.0,0.05770307574701652,0.02121882772242967,0.03762953705003959,0.02121882772242967,0.030359415632861066
200,200,-14.162828794792443,2.5821136692824718,13.957371735259139,,,,-3.0721095715360422,1.3155470590950467,30.786863706830314,2000,20,0.06261185802970505,1.2443879320623024,1.0771741878630294,0.0,0.0,0.048125,0.0,,,,0.011393975216197932,0.5095161061651141,2.839685865601527,0.13944335739913272,2.6404703176882647,1.0342937338486728,0.0,0.0,0.04,0.0,,,,0.0223122832488471,1.0782122337985112,2.855154894092699,0.3,26.603410135868444,4.972881994564429,-7.911612605671501,-0.006370052869426121,,-0.0989822631871974,0.01330170506793422,,0.01401380730511402,,,,5.6055229220456075,2.3224276462790137,-19.461716393758007,R1_post,R6_nosignal,0.1,nan,0.0,0.0,True,post,0.18114729077912228,-0.09547268404836114,0.1,0.8,-0.009497047760817827,100,4,0,0,400,0.2,2,0.32876679904299744,2,43.51197361946106,0.01,0.0371931298552131,,0.03572369555369624,0.0,0.0641337569222488,-0.009407702362164788,,-0.009407702362164788,0.03896021265324165
200,200,-13.839784881524515,2.8012633854333706,13.508148535781958,,,,-2.5705534665414906,1.3252759983075666,28.28650460033524,2000,20,0.07138680124056805,1.216850714370641,-1.3624648458389623,0.0,0.0,0.050625,0.0,,,,0.04815027811876391,0.5288518259398792,-0.21083998010363333,0.16314442861079795,2.600804694760816,-1.2783255647015315,0.0,0.0,0.0475,0.0,,,,0.1186065663011069,1.118926797045774,-0.01949396217098537,0.3,26.34547018441027,5.74353852629985,-9.16552286283019,-0.013148531745973099,,-0.1060950789101323,0.013172735092205134,,0.012781440877937327,,,,5.112576351174931,2.597562918667539,-18.305854142544266,R1_post,R6_nosignal,0.1,nan,0.0,0.0,True,post,0.2453823940738199,-0.0977530784131611,0.1,0.8,0.013856947875285996,100,1,0,0,400,0.2,3,0.3459166048569816,2,44.06849408149719,0.0025,-0.043813993009320054,,-0.002974413596198583,0.0,-0.06610512943411072,0.014051661009455206,,0.014051661009455206,-0.001814390190986806
200,200,-13.91120696756191,3.195172790673416,23.623419190459952,-1.7714323302311308,1.366366120950432,39.8455645728682,-2.895026186356554,1.8434775500394185,41.85016550348396,2000,20,0.10081364400056027,1.085205209719128,-0.35225737824620174,0.05150214592274678,0.04721030042918455,0.05,0.08583690987124463,0.03169505527304816,0.4107789272702646,-0.8635409058375345,0.08221463247098658,0.524644336793878,-1.323013274899181,0.1971488421391066,2.3058111306997215,-0.03552811157376141,0.012875536480686695,0.034334763948497854,0.053125,0.04721030042918455,0.05935443115141853,0.8657954207525633,-0.47473930409095055,0.16658144119435406,1.0922105322163314,-0.7882870407758322,0.3,26.172278865815986,5.5073705234216765,-15.474066725811545,-0.029524570048697085,-0.24282059768189898,-0.20515084556515742,0.013086139432907994,0.013891293736418774,0.013587928887960106,3.2366714405855737,2.426701088711942,-24.648223458041027,5.435171555184041,3.1717204698128043,-27.586135226596255,R1_post,R1_post,0.2,nan,0.0,0.02145922746781116,True,post,0.09708398237116388,0.029499868254598695,0.20000000000000004,0.8,-0.0061706683244429185,100,233,5,215,400,0.2,0,0.2951071332484742,3,45.62990689277649,0.57,-0.0050644800278453915,-0.006515443775440906,-0.00899692620285043,0.0,-0.0045713703567129525,-0.006132824697343659,0.00914420591969196,-0.0071473421549945165,-0.008240499889184757
200,200,-14.355827717736526,2.8200172145308846,26.938173707618216,-1.8778044141189063,1.333679933016346,41.69487426170999,-3.0745363126947667,1.7590406785923172,44.11763354368465,2000,20,-0.05010451686165135,1.1306647332297273,0.009889805730043251,0.05240174672489083,0.09606986899563319,0.053125,0.13100436681222707,-0.019280139016178283,0.4010369556104039,-0.07062305719449251,-0.06231582707770336,0.5031419205907485,0.31495464948665014,-0.08525914296369606,2.3666301950981747,0.2135356844885825,0.013100436681222707,0.03056768558951965,0.05125,0.039301310043668124,-0.029056492641970362,0.8360674337252839,0.09797341291636993,-0.12239523299224997,1.053204674276475,0.6595910260489439,0.3,26.14940306090918,5.442940581317426,-15.352199217655,-0.02870585253667511,-0.24113672791073748,-0.19791491401571087,0.013074701530454591,0.013683877495633701,0.013094462731463528,3.133607946500118,2.190910832730265,-26.634547497906613,5.237785092585411,2.846140150888223,-29.655514565050282,R1_post,R1_post,0.2,nan,0.0,0.013100436681222707,True,post,0.10777688094263999,0.032132902621237205,0.20000000000000004,0.8,-0.0008867480451646368,100,229,3,216,400,0.2,1,0.2874096589170754,3,46.166035652160645,0.565,0.00014719792852331591,-0.0005093269110225997,0.0020419750690760735,0.0,-0.0006317526652768882,-0.0008859624197208601,0.008990066715099788,-0.001137841496370557,0.001290095712474635
200,200,-14.475167564918136,2.790545212668686,28.194714217832846,-1.564447893043826,1.2810889454979937,43.07182089102223,-2.700060251653856,1.6899683728431638,45.574688343022906,2000,20,-0.029942137781782625,1.1918810770479784,-0.48549898233049826,0.06382978723404255,0.059574468085106386,0.049375,0.10638297872340426,-0.0015114423374081353,0.39155276307577425,-0.19169682816726274,0.0038749202768450174,0.5128879766442569,-0.7245442600657862,-0.09507550390856441,2.5071707300047548,-0.15698721930603987,0.03829787234042553,0.029787234042553193,0.050625,0.06382978723404255,-0.007998472589509666,0.8243988686760069,0.1789977864947562,0.017450516743130896,1.084000718486183,-0.06522396498659194,0.3,26.475184909149913,5.543104563470194,-16.186136527737368,-0.03162313117135944,-0.2419160781040558,-0.20526714010866173,0.013237592454574955,0.012205026275822189,0.012564136517938385,2.868181174818215,2.211327678463183,-27.00570345628159,5.025654607175355,2.8097824174363777,-31.01041209095045,R1_post,R1_post,0.2,nan,0.0,0.02553191489361702,True,post,0.10034892603720726,0.03182582107422097,0.20000000000000004,0.8,-0.0014302202153173675,100,235,6,225,400,0.2,2,0.2958620656387261,3,51.32633447647095,0.5725,-0.007354691970799232,-0.0013602937546288026,-0.004824864864045062,0.0,-0.009479227663383352,-0.0014281776068330115,0.009573668946099765,-0.0037627622005346664,-0.004948015292476858
200,200,-13.561572193909514,2.8357713502222586,24.697220330949023,-1.442575401944215,1.2652232795912344,41.5363472399759,-2.5769402737334004,1.7974976655359047,42.0206963532212,2000,20,0.1115702151410392,1.2206792363340484,1.6256757990387114,0.10176991150442478,0.09292035398230089,0.049375,0.17699115044247787,0.05342308429160398,0.389148453272626,0.9903446082773989,0.09801045072817721,0.5105159991900894,1.5898125941289798,0.2188797600963733,2.5776599378640164,1.6266159518371661,0.035398230088495575,0.04424778761061947,0.053125,0.07079646017699115,0.12183542286694723,0.807708000038909,1.0703395507964144,0.2134482904347821,1.0652782482647207,1.6913037982763395,0.3,25.891150064401785,5.599187366053317,-12.923030527777799,-0.023233659598932963,-0.2415642099432016,-0.19748643547354733,0.01294557503220089,0.012759945719791745,0.01303884396660033,2.8837477326729344,2.1848971912320394,-26.306619556501605,5.215537586640132,3.104308426158769,-27.126850884540634,R1_post,R1_post,0.2,nan,0.0,0.022123893805309734,True,post,0.10169676389738733,0.029650296956670652,0.20000000000000004,0.8,0.00851256518914613,100,226,5,213,400,0.2,3,0.30566539906574974,3,38.82812285423279,0.5525,0.028334542916495658,0.007333413513449922,0.010745427789561326,0.0,0.0371143408258114,0.008585651103858994,0.010900852083171599,0.008915607562350663,0.012468414493009618
200,200,-13.960479737903091,2.4900681660389834,11.027942264172184,-0.05351076015287054,0.13370605253265394,7.756255165976104,-2.720029906213854,1.2015348199517308,24.192613394653073,2000,20,-0.20645604233091375,1.2739909498344013,22.730534232813692,0.8,0.0,0.0475,0.8,-0.002273576835286564,0.05742382022662635,7.279885137755478,0.022886978634338112,0.7707706506528008,37.215645717835834,-0.40762286305660966,2.6728422242894747,20.86716137772618,0.8,0.0,0.050625,0.8,-0.003458528829714034,0.12077617521058805,6.196355122434638,0.04736717690222301,1.6057314462904724,34.444201240520066,0.3,25.2674115847254,4.894626205379353,10.613577450954358,0.03860845295450031,-0.02923043714964401,0.13459061323476365,0.0126337057923627,0.02004219415950828,0.013032883316408578,0.10021097079754139,0.27297691948934966,-0.9025054462689508,5.2131533265634316,2.457389964760524,19.78647779334471,R2_noise_compatible,R3_mixed,0.1,nan,1.0,0.0,True,noise,0.1456686673502206,-0.10353797191828992,0.10000000000000005,0.5,0.2971210273212303,100,5,0,0,400,0.2,0,0.3284419541375435,4,38.911651849746704,0.0125,1.0545575031106988,0.4031006080136142,0.9868055460654814,1.0,2.1298045995132435,0.4227200398225895,0.09442332380338696,0.4227200398225895,1.0895459126008955
200,200,-14.063616919308883,2.2818518399654875,12.803542944238723,,,,-2.983330436623837,1.0862389823816432,26.455541142424902,2000,20,-0.14263076107031927,1.2094635222132997,23.69076430017137,nan,nan,0.0575,nan,,,,0.030570082317357503,0.7261408596082947,40.765159039140016,-0.3009124130052895,2.5421508155475245,21.16931625309579,nan,nan,0.06125,nan,,,,0.07175180253904763,1.518199965585781,36.591762054060595,0.3,25.272211000222143,4.664712504521901,9.859908047793262,0.03563292368210468,,0.1381145106482364,0.012636105500111072,,0.013711827504805126,,,,5.48473100192205,2.436748056095735,20.42109898594994,R2_noise_compatible,R6_nosignal,0.1,nan,1.0,0.0,True,noise,nan,-0.11363051707380295,0.10000000000000005,0.5,nan,100,0,0,0,400,0.2,1,nan,4,40.359909772872925,0.0,0.980740797048575,,1.030072948890581,1.0,1.881610514674073,nan,,nan,1.1505844443056739
200,200,-13.75778820781744,2.6338108675877723,11.12315592276322,-0.027990263831947512,0.15680789611402082,11.427544457620536,-2.527524137628711,1.2110189657768553,24.422619249929983,2000,20,0.05628284830214389,1.3262534403506705,22.965099968091867,1.0,0.0,0.049375,0.875,0.020897363121186806,0.07518158967473576,9.987805086378653,0.04903912512052302,0.7367869497011053,41.213078092444285,0.10596534828210061,2.787970119897766,21.280853540120287,0.75,0.0,0.04875,0.75,0.040998181575035195,0.15559355650180232,8.130612557026241,0.10171849920775078,1.544883485907664,38.24003186957792,0.3,25.62219573270947,5.093665147428292,10.779624495338107,0.04026499666349413,0.017788417725965525,0.1439385581974542,0.012811097866354735,0.015864017976317035,0.012502964621446004,0.12691214381053628,0.30874081588267405,0.049864472739452916,5.001185848578403,2.425805186427748,21.672901733631246,R2_noise_compatible,R3_mixed,0.1,nan,1.0,0.0,True,noise,0.13192308721310592,-0.09131771825643949,0.10000000000000005,0.5,0.3043678914074617,100,8,0,0,400,0.2,2,0.2936432155615736,4,41.802656173706055,0.02,1.0396382590087,0.4190450504528725,1.0266769064275403,1.0,1.9637561044545941,0.43754146429969215,0.07413712146973021,0.43754146429969215,1.1244260315450665
200,200,-13.966588209417644,2.7018233954696367,10.219359603395436,-0.08094135827762795,0.1867676801963597,12.206670087546389,-2.7886234929557787,1.1678095702153803,24.21450644576154,2000,20,0.16606819472206177,1.2490432330062353,23.707691148837593,0.8888888888888888,0.0,0.05,0.8888888888888888,-0.0006129940118993447,0.07773718618129331,9.599255716501217,0.04482864759578467,0.7692072689694207,37.8161572302315,0.3677894824282319,2.5643071835448072,21.93754726400669,0.7777777777777778,0.0,0.046875,0.7777777777777778,-0.0016759429517517427,0.1576603625371819,7.779611491494448,0.08798355353550871,1.5888445960869368,34.71008522104975,0.3,26.358123463035472,4.995906365608682,10.626536819328058,0.039723653201551086,-0.0038511179511495994,0.14124369923318394,0.013179061731517736,0.01501081569762708,0.013181781697554356,0.13509734127864373,0.327315782277937,-0.5186349453028319,5.272712679021742,2.5273529584152867,20.26814926805901,R2_noise_compatible,R3_mixed,0.1,nan,1.0,0.0,True,noise,0.16711190554888622,-0.113337059585161,0.10000000000000005,0.5,0.25322199133266954,100,9,0,0,400,0.2,3,0.26203893220286245,4,39.25351905822754,0.0225,1.0724723201363873,0.3273161590392869,1.0286630100858016,1.0,2.182447106003595,0.3390860314493716,0.07727442248099668,0.3390860314493716,1.142961224228524
200,200,-14.228728446322211,2.695596332163981,8.419409710217925,,,,-2.963777236083504,1.1739206817420953,19.142171195001488,2000,20,0.3769611207838359,1.3233972619040961,23.634028683907193,1.0,0.0,0.060625,1.0,,,,0.12645871220365057,0.7596639476611057,42.10229760175079,0.8058397567069835,2.7755287476699677,21.70702932686105,1.0,0.0,0.05625,1.0,,,,0.25975238713797993,1.5777327684488447,39.4888924697239,0.3,27.107116417889873,5.682334461309874,11.538377473191478,0.04633601818070945,,0.18649145830752417,0.013553558208944938,,0.01429996644348805,,,,5.719986577395221,2.551530069435842,26.99423282156987,R2_noise_compatible,R6_nosignal,0.1,nan,1.0,0.0,True,noise,0.20867561124037723,-0.10747525306435851,0.10000000000000005,0.6,0.3140901432662582,100,3,0,0,400,0.2,0,0.26360880533673897,5,38.750078439712524,0.0075,1.3781341332874337,,1.4233029938707293,1.4999999999999998,3.7387102741819667,0.4579175239760151,,0.4579175239760151,1.646026893059801
200,200,-14.247709844392949,2.5952073325210945,9.117567337591344,-0.09675618093697792,0.16491377491302833,11.767391074994729,-2.7896851797348963,1.173120679624626,18.432585450064472,2000,20,0.0014307861322242178,1.284886742684668,25.921137852893406,1.0,0.0,0.050625,1.0,0.00612998800142402,0.08438992823194577,13.821127746418137,0.07471709776889772,0.7084266462948864,47.43211138012345,0.0070004800346086336,2.703530251374854,24.01023064956535,1.0,0.0,0.056875,1.0,0.012153509231751134,0.17214010190337964,12.129657481444234,0.15697357751360771,1.4591851686633455,44.9445293865895,0.3,26.137330132242422,5.087676395317578,14.298294214669708,0.04944121205076884,0.11104973214837507,0.20236960688333616,0.013068665066121211,0.01650916742068906,0.01334040784436165,0.1816008416275797,0.33443451473338975,3.1095660471242894,5.336163137744661,2.4940682103653358,30.31660453443803,R2_noise_compatible,R2_noise_compatible,0.1,nan,1.0,0.0,True,noise,0.1387157172964102,-0.10351512333080606,0.10000000000000005,0.6,0.3887137820139942,100,11,0,0,400,0.2,1,0.28723981429462847,5,39.355512380599976,0.0275,1.4075630926743323,0.6010311469356007,1.5539548590902499,1.4999999999999998,3.5379445327513106,0.6358948894589557,0.06116563771323409,0.6358948894589557,1.7880936951103596
200,200,-13.89939991838841,2.410577885953632,9.48593125245186,-0.0630792690411331,0.13683422789842084,9.149429784692064,-2.7348564850590815,1.238639260866451,17.045207587171415,2000,20,-0.03537163606281766,1.2416994552950957,26.889115625759082,1.0,0.0,0.050625,1.0,0.00740280420411124,0.06337112915071928,9.843267372656046,0.007572896087843564,0.8125292512902589,40.803544668954935,-0.11792340264429012,2.6258189555504674,24.523731169339804,0.8333333333333334,0.0,0.0475,0.8333333333333334,0.01498514419759624,0.12877575663990268,8.685199386270444,-0.013592359092222797,1.6960324735511376,37.87475309784323,0.3,25.899419143231352,5.053372088860152,14.047171425111399,0.04844250157516861,0.11996178037462468,0.19503248337950638,0.012949709571615673,0.017583575638233307,0.012702965078395898,0.10550145382939985,0.2733941323192335,2.2468266718279057,5.0811860313583574,2.674827513894449,27.265985167855156,R2_noise_compatible,R2_noise_compatible,0.1,nan,1.0,0.0,True,noise,0.1689781112502017,-0.11289952925702762,0.10000000000000005,0.6,0.34679218402674056,100,6,0,0,400,0.2,2,0.26378330284050217,5,39.08747696876526,0.015,1.4601311570568907,0.49824385706743757,1.5703257813131257,1.4999999999999998,3.7194349588228985,0.5309063601910992,0.19125776927858681,0.5309063601910992,1.8044201844626828
200,200,-14.059103118988903,2.429402521306771,8.151886546059973,-0.04829944855074631,0.13162292093924347,7.050206404154013,-2.597487481391644,1.1068145906748685,17.825273570610936,2000,20,0.22471919715639677,1.3126955578057202,25.644075749452423,1.0,0.0,0.0575,1.0,0.0056120518687521395,0.05643202173461214,8.500097421630022,0.05894738384086333,0.8000336191592977,41.75616829557176,0.4495655608551998,2.7475630410672114,23.959140881902737,0.8,0.0,0.0525,0.8,0.010631455614092192,0.11384586657286634,7.563685091871179,0.11709162291237174,1.648084943095293,39.786527384197385,0.3,26.943902181925115,5.047654511221302,14.606283235311071,0.05033568682341687,0.08844910070665449,0.19752913004327471,0.013471951090962562,0.019440285109769553,0.013011555752925568,0.09720142554884777,0.2427776478050327,1.4212349493562018,5.204622301170227,2.662634413133263,27.719550739697414,R2_noise_compatible,R2_noise_compatible,0.1,nan,1.0,0.0,True,noise,0.1420308559291933,-0.11420362201091265,0.10000000000000005,0.6,0.3555342819792154,100,5,0,0,400,0.2,3,0.27962861678855255,5,39.037333726882935,0.0125,1.6997829240788949,0.5169114554854087,1.6932371842915193,1.4999999999999998,5.898508457249461,0.5516729160879107,0.1489827602592141,0.5516729160879107,1.9534032832572368
200,200,-14.325244607972909,2.277807041003844,6.272150081283426,-0.05047667797706506,0.14047162188067555,6.2032282229748965,-3.119005421497393,1.0729380677556504,11.907814379640822,2000,20,0.07971286754504674,1.1009769238477816,29.565465073919714,1.0,0.0,0.045,0.8571428571428571,0.008570373406365697,0.06493660488315925,11.549506059913913,-0.09624494987537968,0.6962867954400678,45.45144844762637,0.18072564876932945,2.293927014476002,28.57615671090095,0.8571428571428571,0.0,0.046875,0.8571428571428571,0.01819152979232175,0.1347684377438122,10.694121247303508,-0.19314505384924505,1.4279254012685336,44.51505170515146,0.3,26.60448059981976,4.663945130115383,17.578245253829515,0.054294225973704674,0.17216939902330303,0.21727147058183285,0.013302240299909882,0.01790881289733467,0.013113330003943708,0.12536169028134272,0.2729945622657667,3.955478431202555,5.245332001577484,2.518920397178122,32.41994321162684,R3_mixed,R2_noise_compatible,0.1,nan,1.0,0.0,True,noise,0.14765531893945408,-0.10938763420613089,0.10000000000000002,0.7,0.4802638600198187,100,7,0,0,400,0.2,0,0.30298824163015425,6,38.92597794532776,0.0175,2.2783978314021147,0.8606897542451842,2.4770180800970434,2.333333333333333,-847.6145059583599,0.9240532321614814,0.2431207813916278,0.9240532321614814,3.2670478756908006
200,200,-14.535144128237741,2.7690378619279836,4.986659766766321,-0.0418877800630411,0.12578905707131555,7.555224423463123,-2.8774435750373457,1.1349516695895308,11.220837460635103,2000,20,0.10556331039642874,1.2436031892978956,27.428542361676026,1.0,0.0,0.049375,1.0,0.006351638394134026,0.07256309940272314,10.978612568605985,0.1355655357064838,0.7719774627479784,41.74877368567686,0.21129856117590073,2.5883066659043457,26.675490448936163,1.0,0.0,0.049375,1.0,0.015335529397694123,0.15838262050055102,9.434636705307138,0.2844901459300667,1.6076766837530054,40.39797027312153,0.3,26.896466539878958,5.081644976776685,17.612838803713974,0.05819933018678358,0.14561751331705972,0.22908886077856977,0.01344823326993948,0.014051937812139391,0.014128046311509997,0.09836356468497576,0.2981748561043722,3.08865422310788,5.6512185246039985,2.749068414455888,31.277623115760527,R3_mixed,R2_noise_compatible,0.1,nan,1.0,0.0,True,noise,0.13424004908576465,-0.1022193537247209,0.10000000000000002,0.7,0.46918352425122956,100,7,0,0,400,0.2,1,0.3346227682414824,6,40.565160274505615,0.0175,2.470278529358272,0.8382490171123924,2.5307293704076046,2.333333333333333,-47.071190368801204,0.8838902816447034,0.21935576646207758,0.8838902816447034,3.283199329298435
200,200,-14.139552580366981,2.5582385397412444,6.446834751560608,-0.14527410963808302,0.25068466212746804,10.895554559136594,-2.9746113520443216,1.23292777959442,10.52191439795262,2000,20,0.029602365567866343,1.2271131721838027,25.51690032946557,0.8947368421052632,0.0,0.048125,0.8947368421052632,-0.009170398623323939,0.11009990231070939,15.281784061730447,0.03805143249490046,0.7762555815808933,42.81161067988177,0.07504366535345725,2.5697946466051844,24.766504361630968,0.8947368421052632,0.0,0.0425,0.8947368421052632,-0.01804733929856628,0.22600905359622397,14.377394537799159,0.08071067006714165,1.6341556655883713,41.2818455067484,0.3,26.3177073071001,4.97840884803579,14.926364799414841,0.05031362694676592,0.1232973002168952,0.2275590283038558,0.013158853653550049,0.012963215613723916,0.014283881149785682,0.24630109666075442,0.4746525677254477,4.416593841473588,5.713552459914273,2.5707350863957332,33.185083641271945,R2_noise_compatible,R2_noise_compatible,0.1,nan,1.0,0.05263157894736842,True,noise,0.13286956305749378,-0.09441009524269262,0.10000000000000002,0.7,0.3928586163311815,100,19,1,0,400,0.2,2,0.2901395663792565,6,40.68668079376221,0.045,1.8985627671492713,0.6160045068273533,2.561733225856201,2.333333333333333,13.319965794444974,0.6470628207835637,0.11677101360846755,0.7200975886703074,3.327696206703615
200,200,-14.2111561484439,2.755359094390185,2.8171797914080043,,,,-2.737620505486418,1.1842032776204512,9.274956579671883,2000,20,0.03974184319748441,1.3762951934969012,22.296366639439654,1.0,0.0,0.04,1.0,,,,0.14497099296866767,0.8058562508813064,39.33392041887705,0.07268643181159687,2.862699779027428,21.386697747232628,1.0,0.0,0.03625,1.0,,,,0.2816629155803434,1.6819014604569935,37.56710594245039,0.3,26.192237771743613,5.807942233555943,14.744597698748885,0.05591400473155689,,0.22217836105491579,0.013096118885871807,,0.013899060322004476,,,,5.559624128801789,2.769368434825245,30.08329236568035,R3_mixed,R6_nosignal,0.1,nan,1.0,0.0,True,noise,0.20336870820710362,-0.11500307055787783,0.10000000000000002,0.7,0.41924056781197744,100,1,0,0,400,0.2,3,0.26441286507238265,6,40.727739334106445,0.0025,3.9532376183935596,,2.8859358279760614,2.333333333333333,-4.764616125988821,0.7218833557855107,,0.7218833557855107,3.861651337017387
200,200,-13.87486461369994,2.741193592834224,17.88455751965767,-1.4173739648453567,1.0324140347293371,30.78796037182664,-2.786354503756326,1.3955792496113757,33.26209023054201,2000,20,0.19621467386003652,1.447331876978215,32.23144234152114,0.9853658536585366,0.004878048780487805,0.044375,0.9804878048780488,0.11426163574419336,0.5745940455264917,43.357940170826126,0.2364641995002693,0.9521416372310832,48.312588466410695,0.3725375862942464,3.021889820797612,27.735325718248177,0.9707317073170731,0.004878048780487805,0.045625,0.9707317073170731,0.24429092815542083,1.16876393087096,37.586769345955155,0.493609409779166,1.9559673628427223,42.25266634807258,0.3,26.345049527807944,5.387376594773453,13.64426404872004,0.0499259191584024,0.17837486786079534,0.20417532752134573,0.013172524763903971,0.014297738874304699,0.014646617166304512,2.9310364692324633,1.6909836675532832,19.89126925801654,5.858646866521806,2.727329364225092,27.796966929048843,R2_noise_compatible,R2_noise_compatible,0.2,nan,1.0,0.00975609756097561,True,noise,0.1016847389526427,0.016179566560045114,0.2,0.5,0.45179191461632007,100,205,2,0,400,0.2,0,0.2902874044032297,7,40.798264265060425,0.5075,0.9515463769337446,0.7837813842216119,0.9909638754618743,1.0,1.332733491450488,0.8241248654698696,0.02971655517474827,0.833696928396984,1.0596642754856695
200,200,-14.211982556969476,2.620322387512843,17.344000105045545,-1.7528244158940383,1.0931395460961706,33.73948510803458,-2.8703920353538184,1.3847713657516068,34.75730031854354,2000,20,0.21692902491037855,1.4966278493972747,31.304422515450778,0.9829787234042553,0.0,0.045625,0.9787234042553191,0.03262349279778036,0.6901746628741342,40.91933274792457,0.049210865652369956,1.0095758967426378,45.57368857181256,0.4798590985303733,3.1654636073497198,27.003062936128117,0.9787234042553191,0.0,0.039375,0.9702127659574468,0.07422369834814022,1.4261128631152036,35.199324653521685,0.1104247610471183,2.1006570048846416,39.83369975458079,0.3,26.829190152972,5.379202312872285,14.750651191696223,0.0530879635798657,0.17185714848507852,0.1954693371782527,0.013414595076485998,0.013576942535965189,0.01348347284207369,3.1905814959518195,1.964637518076249,18.932677430717323,5.393389136829476,2.7132224862545145,26.829479006321453,R2_noise_compatible,R2_noise_compatible,0.2,nan,1.0,0.01702127659574468,True,noise,0.10765199441097473,0.03437552994730855,0.2,0.5,0.44594101474312103,100,235,4,214,400,0.2,1,0.29163556914367467,7,40.661609411239624,0.5775,1.0308975893642034,0.7657261848737493,0.9559364961579967,1.0,1.506904643024254,0.804861985112233,0.026242094817929572,0.8163637349045776,1.0176486292702465
200,200,-14.189017549027248,2.696895484013261,17.135898994431997,-1.853984057573709,1.0736894995946613,35.819678778310106,-2.9049994595516506,1.3563896385144139,35.037193812089164,2000,20,-0.005493495715840413,1.4974019520380124,30.99189789334898,0.9693486590038314,0.007662835249042145,0.05375,0.9770114942528736,0.06479627566749312,0.7432295104422227,42.52314841669957,0.05331297722709182,1.041152898947066,45.40939006244422,-0.005703655224421595,3.139257261289544,26.761469863722077,0.9655172413793104,0.007662835249042145,0.05375,0.9731800766283525,0.13277838946972836,1.549591329841774,36.454195999220154,0.1154742751787645,2.165218408090524,39.714412556365204,0.3,26.315349737452337,5.585114078780444,13.530604248573312,0.05094265901028958,0.17960868307436242,0.20538589520930295,0.013157674868726172,0.0138771144057976,0.013765160445351136,3.6219268599131738,2.3250862934716356,18.604014631169,5.506064178140457,2.9981803169327277,25.564937996781254,R2_noise_compatible,R2_noise_compatible,0.2,nan,1.0,0.03065134099616858,True,noise,0.10128398719485636,0.039879811461122065,0.2,0.5,0.4638519869955441,100,261,8,237,400,0.2,2,0.2960241364579745,7,40.99494814872742,0.6325,1.0041892267968513,0.8217656142387975,0.994824339324782,1.0,1.4489384405390524,0.8651565906142582,0.028603113403189304,0.8961495699856518,1.0607888699928538
200,200,-14.252025036495166,2.5656289304034456,19.388917916974,-1.7959564057728301,1.0849502783698963,33.0892635616186,-3.005964769509932,1.4063311638969647,33.453635404765585,2000,20,-0.03926939076841876,1.5517066118511564,30.194486748029643,0.9827586206896551,0.0,0.055625,0.9827586206896551,-0.07827224376130464,0.7001353819757372,40.73244843343723,-0.06717602101764406,1.098824551777959,43.16137216413464,-0.11071895154715965,3.231900085813067,26.328678319026814,0.9741379310344828,0.0,0.05625,0.9655172413793104,-0.17486305341606162,1.4458029097230736,35.237432700459884,-0.15657728716933658,2.2800178806989067,38.06091501666297,0.3,26.026026017936875,5.334649882517931,12.840440280313564,0.04726263962540149,0.1758126831290089,0.20194538496488085,0.013013013008968437,0.012702050801655177,0.013296785596398417,2.9468757859840014,1.7569050962197919,21.538822319626576,5.318714238559367,2.6728630935671465,28.23168905619411,R2_noise_compatible,R2_noise_compatible,0.2,nan,1.0,0.021551724137931036,True,noise,0.11272408039193982,0.03836674418468569,0.2,0.5,0.4547176819120488,100,232,5,222,400,0.2,3,0.29634200166969094,7,53.481966972351074,0.5675,0.9418675755854246,0.7943750676907256,1.0080746125172904,1.0,1.3189658070004848,0.8339123914865422,0.027956787896232876,0.8586759859475945,1.0753543241196952
200,200,-13.663219412908767,2.6220150473911006,14.362240255968128,-0.5138873509693239,0.558365522067669,23.204324360266316,-2.6279336333659185,1.2491756206898772,29.836343924278385,2000,20,0.05017452037498109,1.3445690515337987,-28.68711572420073,0.0,0.9230769230769231,0.05,0.9230769230769231,-0.011383974016599564,0.2892517689906524,-28.834779500458623,0.009223426425666426,0.8856672820579709,-42.340238153669844,0.08725087309298797,2.816469132034986,-25.598132286250777,0.0,0.9230769230769231,0.053125,0.9230769230769231,-0.03153082336578121,0.5983097863205857,-24.746177967790857,0.01429758285488485,1.8386154806176809,-37.99747858093926,0.3,25.67821478699218,5.881531317125165,-26.64640376880005,-0.06552172173399698,-0.47433198728937825,-0.3700226663832881,0.01283910739349609,0.012334544569731216,0.012367145759703518,0.962094476439035,1.352494768474696,-28.06664422650051,4.946858303881407,3.8119772216858157,-40.12508888747059,R4_err,R4_err,0.1,nan,0.0,0.038461538461538464,True,err,0.09692290965748358,-0.04323501700214999,0.15000000000000002,0.5,-2.0416724945966256,100,78,3,0,400,0.2,0,0.3096578032519041,8,40.92340707778931,0.1875,-1.0242656984147962,-0.643732057268239,-1.0061316097719313,-1.0,-1.6054165263645956,-0.6712335066393741,0.03150466006370601,-0.6898770994143062,-1.0821882818500712
200,200,-14.108444912634118,2.6336171580471808,14.47929505650846,-0.7090059889536885,0.6477780961480712,22.36027576870005,-3.0273557555244057,1.316444191640049,29.386530548367638,2000,20,0.2593120497982569,1.1997332286753106,-31.212812188157585,0.0,0.9545454545454546,0.045625,0.9545454545454546,0.08787918983943367,0.2994000485527192,-31.540198940956834,0.2636406095219115,0.81264660488486,-47.08953466157007,0.5468099862136949,2.520441033164403,-27.83781764513817,0.0,0.9431818181818182,0.04,0.9431818181818182,0.1854883512639298,0.6224874037553546,-27.63442410570243,0.5569999123854367,1.6964725933103362,-42.29717498594612,0.3,27.180540749547653,5.525771799157486,-28.00868882054621,-0.06379454103321607,-0.4756411920648595,-0.37599227580834566,0.013590270374773825,0.01762341943826077,0.016120474061256915,1.5508609105669475,1.4616125472332304,-29.698216462641213,6.448189624502767,3.8338344387237218,-40.91076504597669,R4_err,R4_err,0.1,nan,0.0,0.045454545454545456,True,err,0.10081892314857945,-0.0391012143012792,0.15000000000000002,0.5,-2.116462630093134,100,88,4,0,400,0.2,1,0.30834990213997293,8,41.34031939506531,0.21,-0.9820136523364812,-0.6519478847725945,-0.9891800668602982,-1.0,-1.5479104503453516,-0.6791233784278955,0.03844062919738721,-0.7154990086030025,-1.0657668325801724
200,200,-13.883775362020792,2.4722530467940187,14.196698237910097,-0.517428821010173,0.4680499256347377,24.868442530071466,-2.661676925326165,1.3536782365011317,27.86659331542677,2000,20,-0.03176204785187327,1.374659980427394,-28.106216127815824,0.0,0.9545454545454546,0.044375,0.9545454545454546,-0.016119000482037835,0.21652701540546793,-32.442213423569655,-0.00606222686121714,0.8433380302708203,-45.84434482453933,-0.056629662255028614,2.8606312813761012,-24.918746677342384,0.0,0.9545454545454546,0.036875,0.9393939393939394,-0.025364035167436908,0.4415258281879632,-27.89436682599113,-0.008774926369974638,1.749423280451607,-40.7094345967203,0.3,25.673072202876025,5.792445338067191,-26.19318105076705,-0.06302474863190782,-0.48657644676867157,-0.37646209366485556,0.01283653610143801,0.01215367686583443,0.012338483907644204,0.8021426731450724,0.9975720067217072,-32.99630296164378,4.935393563057682,3.905881463849698,-39.81693568234324,R4_err,R4_err,0.1,nan,0.0,0.045454545454545456,True,err,0.11686070891429721,-0.044968106972699734,0.15000000000000002,0.5,-1.7250321596012461,100,66,3,0,400,0.2,2,0.27784686557956073,8,41.197731494903564,0.1575,-1.1008227571726594,-0.6035062875728736,-1.024915661372076,-1.0,-1.8227657257207577,-0.6330318537795422,0.03175918988151962,-0.6560751274803507,-1.1028962699694551
200,200,-13.672573737341754,2.4691868296974,15.221651070735994,-0.5834833532447592,0.6097790256610673,25.083190780479455,-2.6610461247149377,1.307701557023124,29.103848985671274,2000,20,-0.10854464671170538,1.3374701189626181,-28.5581810602239,0.0,0.9438202247191011,0.045625,0.9438202247191011,0.004999911510196595,0.2885791378803725,-32.10781387877948,-0.02938527366191292,0.8904825531569985,-43.6319160347566,-0.21307507794987612,2.7830676630513964,-25.353199212501195,0.0,0.9325842696629213,0.04125,0.9325842696629213,0.018373207152925217,0.5928387670043184,-27.328790760695057,-0.051395090824551924,1.83217024896916,-39.20359323343965,0.3,25.141649888858943,5.934676700876518,-25.819392474273133,-0.06404404852951108,-0.4711440534702913,-0.37771582704955975,0.012570824944429472,0.012113507295638513,0.012339145220870616,1.0781021493118275,1.3377654972247208,-32.15056973540012,4.935658088348247,4.034103441472748,-38.67575315599092,R4_err,R4_err,0.1,nan,0.0,0.0449438202247191,True,err,0.09898006923715226,-0.0397965724984843,0.15000000000000002,0.5,-1.698865899146618,100,89,4,0,400,0.2,3,0.29345091447810084,8,41.35628128051758,0.2125,-1.0162461577643305,-0.6057876357672998,-1.0208704446725188,-1.0,-1.6018490679372914,-0.6294739948671773,0.03259717209241347,-0.6702767809922301,-1.0984443376114628
200,200,-14.535911395157386,2.643623780664725,14.971231537924782,-0.35913848770205736,0.4887960932018101,22.919950669430403,-2.7095305610919693,1.3082871230361137,29.97122748658712,2000,20,0.021540343408268978,1.448596542794828,-27.35738895651206,0.0,0.9836065573770492,0.04375,0.9836065573770492,0.026847525621714982,0.23506255063644688,-26.774598430086602,0.07600160169764664,0.8697643258885215,-44.39298669951131,0.04707338485279921,3.0029961842189574,-24.57445091705588,0.0,0.9180327868852459,0.043125,0.9180327868852459,0.055769126222583815,0.4881271606692799,-22.579062706703485,0.16143061023663083,1.800520155582473,-39.88091029897517,0.3,26.577486957979865,6.497231099271202,-24.788522023159757,-0.06723963461794381,-0.4801697294432432,-0.38135740182048594,0.013288743478989931,0.012230057465946683,0.013377202526438486,0.7460335054227477,1.1232906459870855,-26.739639565893054,5.350881010575395,3.757953996083148,-42.01590596992348,R4_err,R4_err,0.1,nan,0.0,0.01639344262295082,True,err,0.10827447460225986,-0.03619705744354726,0.14999999999999994,0.6,-1.3691508053036223,100,61,1,0,400,0.2,0,0.28955702221770574,9,41.38713312149048,0.15,-1.0013016056266224,-0.5617783595974769,-0.9847100233333844,-1.0,-1.581649157392904,-0.5779078318858459,0.03528990456688213,-0.5913016893369424,-1.055723667464272
200,200,-13.62111616835511,2.636953727937538,15.662857629917625,-0.5577313111225031,0.5650103943754811,24.587875119925314,-2.6592322916401425,1.240942353348052,30.730815776616563,2000,20,-0.021946054287508603,1.2776910141619013,-30.72161232957633,0.012048192771084338,0.9397590361445783,0.046875,0.9397590361445783,-0.03074193553322874,0.270608868090481,-32.269684190845595,-0.0584127876839371,0.8123897992805906,-48.92074395785782,-0.0190741699801307,2.6965761109920896,-26.61981513874044,0.0,0.9036144578313253,0.041875,0.891566265060241,-0.058676650674365415,0.5660989105307547,-27.220660711212506,-0.12163072387801417,1.6928684716211884,-43.31038192065772,0.3,25.338001203504483,5.810016788399355,-27.83383494759314,-0.06818852356378809,-0.4744211181329583,-0.3838524717413787,0.012669000601752243,0.011517047582512782,0.012239756600794167,0.955914949348561,1.2835243239854426,-31.423532067640128,4.895902640317665,3.611488763620291,-43.870243466575886,R4_err,R4_err,0.1,nan,0.0,0.060240963855421686,True,err,0.09899993100723471,-0.035739842497308306,0.14999999999999994,0.6,-1.916934039068392,100,83,5,0,400,0.2,1,0.2980438332260698,9,41.43683075904846,0.195,-0.9503779151216343,-0.6285781836187161,-1.0421538039196245,-1.0,-1.4188255988370857,-0.6571742841605773,0.037267976956307326,-0.7081191332684991,-1.1219189053066931
200,200,-13.721296518666954,2.491593910568904,14.077971438374112,-0.3484622140244562,0.4386432665203336,22.244702653466895,-2.675448350339855,1.3054898893725293,28.374528986930507,2000,20,-0.40128812356034105,1.4563638442953624,-26.99914617897797,0.0,0.9821428571428571,0.05,0.9821428571428571,-0.012864201212806648,0.2269065782123237,-28.316044368933177,-0.17297499149577358,0.7987673522749854,-48.57787888552365,-0.8107184052805531,3.0454830987154478,-24.329825764809282,0.0,0.9642857142857143,0.05125,0.9642857142857143,-0.02896257874081865,0.4723805503581699,-23.9940433340747,-0.35190441162672764,1.6515280747736525,-43.98462482285913,0.3,24.34682651809945,5.861926419977965,-26.45327191821796,-0.06536015351709502,-0.5022554809256452,-0.381238307887303,0.012173413259049725,0.01082234271555289,0.01102418423572866,0.6060511920709619,0.9433700390229562,-30.457145060102395,4.409673694291465,3.492391469022999,-44.927665824662576,R4_err,R4_err,0.1,nan,0.0,0.0,True,err,0.11990918937942718,-0.04065123048223967,0.14999999999999994,0.6,-2.1668859562968783,100,56,0,0,400,0.2,2,0.30350232150619977,9,41.522658824920654,0.14,-1.1209921678788284,-0.6584784992772063,-1.0475063873586974,-1.0,-1.8600480658119884,-0.6842323930195056,0.03822106805574222,-0.6842323930195056,-1.134086706895344
200,200,-14.40675888962346,2.594464230646245,16.20389309150238,-0.9377327014382537,0.6407084199045006,29.60476164027844,-2.927283148938817,1.3061638624074068,30.341128074618272,2000,20,0.11838829816995863,1.38300508274773,-27.488312440893676,0.008695652173913044,0.9391304347826087,0.05125,0.9391304347826087,0.07761618722064592,0.3707378590180367,-31.901797894693328,0.1609634180067246,0.8683642438967503,-45.56808704812274,0.23004386920717576,2.8916042579500845,-23.927936255658565,0.008695652173913044,0.9217391304347826,0.048125,0.9217391304347826,0.16529978591468478,0.764346582563256,-27.518277546053977,0.33797192691632516,1.798867695034753,-40.41976506808191,0.3,27.1796998657379,6.023889453363169,-25.95979341218397,-0.06459961294071488,-0.4640052199817314,-0.3854551076222921,0.013589849932868946,0.016402371711452087,0.014378042581593121,1.8862727468169902,1.6168605245854855,-34.16922622861708,5.751217032637248,3.7199539757194398,-42.99334376860939,R4_err,R4_err,0.1,nan,0.0,0.05217391304347826,True,err,0.09364574472211874,-0.03483758826255138,0.14999999999999994,0.6,-1.8707452028768268,100,115,6,0,400,0.2,3,0.2988218631255981,9,40.965357542037964,0.2725,-0.9042838986084502,-0.623533938585818,-0.9984661408936402,-1.0,-1.371446438791475,-0.6516583920447271,0.029150458775868256,-0.6952370741700006,-1.0737137909360743
200,200,-13.94403024552032,3.0989631280427754,26.218372538352114,-1.868536492722805,1.471716209036079,39.85644328712673,-3.0509448654310902,1.9570970606241018,40.84857838233179,2000,20,0.05582107201111128,1.16240151359583,9.759399172472042,0.23293172690763053,0.0,0.0525,0.21686746987951808,0.001436121467032485,0.4010419240605076,17.819367007081276,-0.04085848761036992,0.5822440960010213,19.733990118016163,0.0994299213274758,2.44328234925192,7.80885724137805,0.14859437751004015,0.0,0.05125,0.1285140562248996,0.000264002531692451,0.8347063320492746,14.492207764029677,-0.09107760898678788,1.2210898652153979,16.09444867939584,0.3,26.14347707173629,5.410812056385481,-10.845616282427997,-0.01627005713408332,-0.16594807293058286,-0.12875507321029903,0.013071738535868148,0.013533960162389006,0.013301767128225042,3.3699560804348625,2.1352140128324857,-20.930466909424137,5.3207068512900175,2.733161957767724,-20.79010940932242,R3_mixed,R3_mixed,0.2,0.1,0.1,0.024096385542168676,True,mix,0.10498780285231071,0.0368426814920952,0.20352941176470588,0.6,0.11179435351755491,100,249,6,212,400,0.2,0,0.2977166134303058,10,40.69227147102356,0.6075,0.13962304633574005,0.12183145594526228,0.14372446093248117,0.15,0.16937874127540833,0.12586539385365692,0.009260994872095899,0.12772990119930322,0.14889571659462336
200,200,-14.08236833018399,2.7065656678665158,27.439441816274037,-1.7813358678323516,1.1789949666988357,43.80298035809984,-3.0900489560882183,1.5955252663962385,46.637657600355794,2000,20,-0.16722622965639133,1.2047227602164676,9.430876824814058,0.25877192982456143,0.008771929824561403,0.046875,0.25877192982456143,-0.010970124244710005,0.3894348893926083,17.421776479094458,-0.08407379333214758,0.5802573749938377,19.324771722256816,-0.3200999903866538,2.5095413433654605,8.046413636744516,0.17543859649122806,0.0043859649122807015,0.044375,0.16666666666666666,-0.021176891182767887,0.816390596666499,14.263578398626128,-0.17044985451474182,1.2118760131399777,16.271129549407803,0.3,25.412240982010967,5.314710965899785,-10.479064147541234,-0.015140478077652095,-0.16534741371436174,-0.12462599005065111,0.012706120491005484,0.013686718508445514,0.013051197675213146,3.120571819925577,1.8431736935311809,-22.146465246351653,5.220479070085258,2.4721447610221925,-22.27655757001564,R3_mixed,R3_mixed,0.2,0.1,0.1,0.02631578947368421,True,mix,0.09797968998964149,0.026085269262405255,0.20352941176470588,0.6,0.11960055811290914,100,228,6,213,400,0.2,1,0.30570076156522413,10,40.71502685546875,0.555,0.15298376567917626,0.13137468350068504,0.15069353674548155,0.15,0.1860014808294577,0.13584806216659054,0.011988057340983129,0.1366870161310779,0.15604362820153966
200,200,-14.532089226895504,3.073719893944092,26.82585528702399,-1.8078526941972524,1.518495995240882,39.824072658552026,-3.073473150149334,1.9906423444758308,40.99061685651844,2000,20,0.2506808986616319,1.1986239361402637,11.4543525950288,0.30158730158730157,0.015873015873015872,0.048125,0.2976190476190476,-0.020946766905799885,0.44334270004993753,18.17116212642992,0.0451291279024723,0.5728747165528361,22.35527073981178,0.5054077671497231,2.473002607254017,9.419713465587947,0.17857142857142858,0.007936507936507936,0.04625,0.15079365079365079,-0.04244011143940705,0.9156341736122462,14.610465102303113,0.10193714738209751,1.1921512860389631,18.135867546347054,0.3,27.274379237308832,5.315985154555871,-10.036943534055103,-0.013040931793426837,-0.15667814564465887,-0.1231606864319402,0.01363718961865442,0.012454442614377222,0.014001008761200265,3.13851953882306,2.0261145018211386,-21.036033354949353,5.6004035044801075,2.7322398326658726,-20.08047661895922,R3_mixed,R3_mixed,0.2,0.1,0.1,0.015873015873015872,True,mix,0.1073783552605768,0.04285569899662967,0.20352941176470588,0.6,0.1204664414086111,100,252,4,236,400,0.2,2,0.2908240582244221,10,40.70131206512451,0.62,0.16650820093697108,0.13321801022228813,0.1569502086068287,0.15,0.20582315978750482,0.13696628199331395,0.009639617176625008,0.13861234005044515,0.16366802915329526
200,200,-13.938315488671641,2.765645793337375,29.146632271699055,-1.72605484595951,1.570132520513879,40.91627906969492,-2.555847380136023,1.9041261107665999,42.824066808818365,2000,20,-0.06986816308912644,1.1218454632967223,11.813208169954983,0.24444444444444444,0.014814814814814815,0.054375,0.24074074074074073,0.03400216897611527,0.43841414029428094,17.767731219415737,0.0872677899516458,0.5540358815727132,20.709338738666123,-0.15226045915868935,2.341055612317714,10.079469525715412,0.15555555555555556,0.003703703703703704,0.055,0.13703703703703704,0.06336936882684643,0.89779459876246,14.46623087048605,0.17246431510442953,1.135024490196552,17.336767090398684,0.3,25.616114471199353,4.838992360614323,-10.68041826881707,-0.01303317396989139,-0.16940584876261083,-0.13525557076696018,0.012808057235599676,0.012238452633991115,0.012528762340467023,3.304382211177602,2.112070517590501,-23.220797302265172,5.011504936186809,2.5982482279348313,-22.75138018276782,R3_mixed,R3_mixed,0.2,0.1,0.1,0.037037037037037035,True,mix,0.11111233575990984,0.05317034577193953,0.20352941176470588,0.6,0.11122340236886917,100,270,10,245,400,0.2,3,0.29657960534832484,10,40.73194193840027,0.65,0.1644053529234246,0.12125065353641616,0.14070855651595132,0.15,0.19772819691797391,0.12514213657888218,0.00939680303935222,0.12857499217239768,0.14636644682915706
200,200,-14.237631571732273,2.9980561140493385,24.684840054687793,-2.4421360903547735,1.7206918671774707,41.023494335557395,-2.7690627629917826,1.9230233220358142,40.53703569675494,2000,20,0.07346164650477702,1.2661341363158087,17.76289465604217,0.6146788990825688,0.0061162079510703364,0.043125,0.599388379204893,0.1022523800478162,0.5601691887672908,32.792558962379196,0.0870264843797914,0.6540814022259125,34.20913143626335,0.16833965176782748,2.6233209572467784,14.583841667316479,0.42201834862385323,0.0,0.040625,0.3853211009174312,0.20862965217494547,1.165521425628111,26.63982637834465,0.18318105305826002,1.3611722859877635,28.173299254800096,0.3,26.549029550401237,5.146727204840662,-3.619967249669983,0.003959022812944443,-0.06699214221180104,-0.04831468431723915,0.013274514775200617,0.014013318351282989,0.01323145725971864,4.582355100869537,2.1176941823654687,-12.508314857118766,5.292582903887455,2.462994253684519,-9.99533660866042,R3_mixed,R3_mixed,0.2,0.1,0.07335907335907331,0.01834862385321101,False,mix,0.13510881945991607,0.09951564350306846,0.239375,0.8,0.21325326814194726,100,327,6,301,400,0.2,0,0.29313707569982606,11,40.93072199821472,0.8025,0.3038948801776505,0.26023084336211394,0.2870366216152725,0.29343629343629335,0.3775151858339976,0.2710570753033939,0.010318219723437267,0.2765833059509638,0.298765737392601
200,200,-13.950816747895482,2.7836649458925415,27.42061026832838,-2.5064549355827292,1.625275140738397,41.52792305811705,-2.88693479904264,1.8164800947146973,41.46216528293284,2000,20,-0.26454918988180187,1.222115357915662,20.067819580958815,0.6382978723404256,0.00303951367781155,0.045,0.601823708206687,-0.07903029252929712,0.5723180836872412,34.08051402065676,-0.13036903243306655,0.6617752869262833,35.354917149664,-0.5279813024055154,2.5691943249765368,16.67450917865182,0.42857142857142855,0.00303951367781155,0.04125,0.40425531914893614,-0.15705394533675981,1.1952413060954457,27.744601476165418,-0.2655901931642085,1.4000899085222742,28.616240029856293,0.3,25.23120832697029,4.952448252702666,-5.049707788404159,0.00011139590681201095,-0.06756072452743597,-0.05439441070143802,0.012615604163485145,0.013300565758972696,0.012776220716441416,4.375886134702017,1.9491458873819318,-13.648729259536394,5.110488286576566,2.096575164665354,-12.815306133528273,R3_mixed,R3_mixed,0.2,0.1,0.07335907335907331,0.030395136778115502,False,mix,0.12377575176866515,0.09005659197928402,0.239375,0.8,0.2301268849290896,100,329,10,296,400,0.2,1,0.31137599711729214,11,41.81708860397339,0.7975,0.32130561339206515,0.28898579863010154,0.31065457022075277,0.29343629343629335,0.3889233732653578,0.2989153412739882,0.010443016407420324,0.3049618017109266,0.3212370476099466
200,200,-14.247015153019797,2.8041690362534943,25.362060029821155,-2.2990612702747724,1.4606526655719125,43.46815863654073,-2.9582885093551217,1.6762772610343015,42.78581926127426,2000,20,-0.0482001391528956,1.3447808071232823,16.833807235268427,0.6242038216560509,0.0,0.04625,0.5732484076433121,0.058794310932018166,0.573151840453066,31.359419290555582,0.0533630456500825,0.6724683887510411,33.76031759397874,-0.06473638381269974,2.814674084450185,13.962831546604761,0.43312101910828027,0.0,0.0475,0.40445859872611467,0.12634872102431627,1.1924313928947117,25.736516470724833,0.11703695357789837,1.3922410384222745,28.26125215732927,0.3,25.95839210175877,5.027491606140038,-3.207241204423874,0.004917006933824033,-0.054345938261242135,-0.030172910084522366,0.012979196050879386,0.013728684150722172,0.013665161993048125,4.310806823326761,2.061616908730915,-10.368284886887476,5.46606479721925,2.3245515015135263,-7.543489064279016,R3_mixed,R3_mixed,0.2,0.1,0.07335907335907331,0.022292993630573247,False,mix,0.11346294783754517,0.07226312241895565,0.239375,0.8,0.22761034414414763,100,314,7,288,400,0.2,2,0.29587670269019073,11,46.8224663734436,0.7675,0.31830622808976305,0.2830867250750116,0.31654298352227855,0.29343629343629335,0.3971969826808506,0.29468331485089894,0.010773533685712261,0.3007641909711675,0.33093726776712934
200,200,-13.930481539216713,2.803473277584184,25.990271838224825,-2.355481755163966,1.5314839277502492,42.88662497094333,-3.003880165704968,1.7326038058853153,42.36883181926589,2000,20,-0.17384985175294124,1.3492871637202164,15.156257191079153,0.5955414012738853,0.0,0.0525,0.5573248407643312,-0.16967109286491294,0.5695883453254253,30.590676169907855,-0.1490402725033064,0.6593463014824249,34.05130828889759,-0.37615420535136324,2.787465033527422,12.519697019940228,0.42038216560509556,0.0,0.05,0.3853503184713376,-0.36107417692143656,1.184560527436673,24.82284557835702,-0.3241923843391045,1.3747114140127423,27.993107025165035,0.3,24.889876298148234,5.461346210761725,-3.958553218058631,0.001635423340300569,-0.06071965229507068,-0.03254799575648444,0.012444938149074119,0.011189636347453633,0.011924706574866233,3.513545813100441,1.955988001840119,-11.543790970342936,4.769882629946492,2.198712047381336,-8.09068243097997,R3_mixed,R3_mixed,0.2,0.1,0.07335907335907331,0.03503184713375796,False,mix,0.12307418123395969,0.08070981254486038,0.239375,0.8,0.21413018968502895,100,314,11,286,400,0.2,3,0.289361878554796,11,46.5222589969635,0.7575,0.2806655522709885,0.2652869321526604,0.3058451676779605,0.29343629343629335,0.34405931984339916,0.27247539843680607,0.00993067435078241,0.278113433803205,0.3167774483092542
200,200,-14.097369075136534,2.7354548058168566,30.23129730773491,-2.2472147564178755,1.574391946537771,47.67731204737493,-2.564426597925102,1.6569216331866785,47.99368804145878,2000,20,0.2300947607040076,1.281584901491924,28.25239885877392,0.8806818181818182,0.0,0.039375,0.8551136363636364,0.12534570724498703,0.7367924725132382,40.6379644595359,0.10663746590459888,0.8124385472329446,43.213370220154125,0.497022078211528,2.677946702102805,23.431389257477758,0.7897727272727273,0.0,0.045,0.7670454545454546,0.2658510524721745,1.5485021578517155,32.861838018876476,0.21559613808082567,1.7114290612948235,35.23867072838052,0.3,26.825602377009627,4.818029483276085,0.12065049767777479,0.0137034500159966,-0.007532949271043196,0.015350186645219636,0.013412801188504811,0.013231384583297812,0.01310318528628533,4.65744737332083,2.0287791554480457,-3.602681690166649,5.24127411451413,2.204641009520261,0.4076856684113389,R2_noise_compatible,R3_mixed,0.2,0.3,0.3,0.03409090909090909,True,mix,0.13792176031867048,0.1124163150801991,0.24909090909090903,0.6,0.2922464675111551,100,352,12,329,400,0.2,0,0.3071356261316129,12,44.11006021499634,0.85,0.4378409554967575,0.39888940777009446,0.4414917238390561,0.44999999999999996,0.5311732536293512,0.41292124178237327,0.011956367275621228,0.4256442990372086,0.4575890885607087
200,200,-15.070300581762417,2.8523568057992974,26.003447193354095,-2.463753199267793,1.5465377897451582,43.501249099158244,-2.9820761765302235,1.7174127270332404,44.05383064133759,2000,20,0.08096020765859427,1.27495588231946,27.372197908058414,0.8753894080996885,0.0,0.055,0.8660436137071651,0.10484040807031424,0.6772395215876009,41.684083821453434,0.09763518365398989,0.835134658227782,41.905510748832704,0.14074736141247302,2.6242554868408354,22.632505930047667,0.8161993769470405,0.0,0.05,0.7912772585669782,0.2094444152053385,1.417065696148288,33.626858785411024,0.19743191664264784,1.746523560758181,34.17070832274079,0.3,27.47875436994377,4.714776262039572,2.046396243744909,0.018563527401340627,0.01735377591789029,0.0372042906547369,0.013739377184971884,0.014544785170868383,0.014080170452275598,4.668876039848751,2.0223595815926108,0.4458584111355247,5.632068180910238,2.2455411668164906,4.119117572933945,R2_noise_compatible,R3_mixed,0.2,0.3,0.3,0.03426791277258567,True,mix,0.12731185544173304,0.08882925129217434,0.24909090909090903,0.6,0.30419434502855547,100,321,11,295,400,0.2,1,0.29619822072380747,12,41.641844272613525,0.775,0.4705112938758285,0.41961431037561164,0.46256129561882237,0.44999999999999996,0.5918583101942066,0.43718291573965345,0.014435169517790968,0.4463445219128555,0.48288461234329344
200,200,-14.740799736563453,2.9075572067239612,27.186213821391,-2.572864481997664,1.5837950248152701,45.642380756459964,-3.061211593372885,1.734655172639643,45.35033514866785,2000,20,-0.16333810657750888,1.3999797112076244,26.44441321606424,0.8813056379821959,0.0,0.05125,0.8724035608308606,-0.13758046595862114,0.7265567717951311,41.80435623235063,-0.12450615690737887,0.836234953088082,43.1308905533622,-0.3376127035103584,2.901884861027465,21.792974188873742,0.8308605341246291,0.0,0.0525,0.7893175074183977,-0.2852591384108622,1.518572256067965,33.9623803041836,-0.25467834188958327,1.7531827404828673,35.28101359581016,0.3,26.278892018244193,5.328970749312308,1.8162016397045528,0.017978688715542313,0.013042280972931981,0.031451747421473185,0.013139446009122098,0.01257355472815482,0.013038734387304936,4.237287943388175,2.025556892273227,0.07798385969428373,5.215493754921976,2.1722526302833214,3.3905840927458244,R2_noise_compatible,R3_mixed,0.2,0.3,0.3,0.026706231454005934,True,mix,0.141425045500348,0.1100478593284332,0.24909090909090903,0.6,0.30250489845769823,100,337,9,316,400,0.2,2,0.2999273869763385,12,40.679396867752075,0.82,0.4683587949832057,0.42016882947590845,0.4584828396484412,0.44999999999999996,0.5731823617048392,0.4337018249860094,0.013907101574423642,0.4414260926607331,0.4753995808352626
200,200,-14.146662872881501,3.2357814094510164,25.415333776470973,-2.6355041613313426,1.7543018579197822,41.91260191332467,-3.0135941353321494,1.9119482124736387,41.34609917287592,2000,20,0.02129152041321981,1.2501391240401662,26.188534158375656,0.9140401146131805,0.0,0.055625,0.8882521489971347,0.05021511049108798,0.7400873030878573,41.3520005621592,0.04146896851513174,0.8180831637917515,42.921336202565996,0.09421291751064004,2.627926899782229,20.92287027913966,0.8194842406876791,0.0,0.0575,0.7851002865329513,0.10775322701453575,1.5567508489878892,33.24870322075753,0.09426370912470781,1.717646720752955,34.77497728168166,0.3,26.2242565235625,4.997889688055332,-1.189899779817965,0.010138634342094896,0.01429720512406788,0.028321053359275723,0.01311212826178125,0.013677118721541887,0.01366466533251272,4.773314433818119,1.9207122020812442,0.11267182779750144,5.465866133005088,2.1000954038497714,2.7915661354981864,R3_mixed,R3_mixed,0.2,0.3,0.3,0.03151862464183381,True,mix,0.12860450263762968,0.10311512335368533,0.24909090909090903,0.6,0.30187558653931,100,349,11,326,400,0.2,3,0.29822571649921903,12,44.56963896751404,0.845,0.3981021694926913,0.4162272722041963,0.44418104547285053,0.44999999999999996,0.481124039410082,0.4324094398058292,0.012731722759293544,0.4425794620353035,0.46233052663176544
200,200,-14.141494384140838,2.684266986837456,22.741774951510163,-1.4907291335153712,1.0700448177932989,39.394442232915544,-2.7387515716076285,1.5229669250452544,38.014532394881336,2000,20,0.1550407658727217,1.2268154423535702,18.142576633239244,0.5650224215246636,0.0,0.041875,0.5381165919282511,0.04928828177485856,0.4264703643969457,29.376805129524936,0.10775545464951954,0.6920104522634742,32.13822209482949,0.3250580723875089,2.551006869308972,15.273782964993488,0.4663677130044843,0.0,0.041875,0.4080717488789238,0.10153360623903133,0.8858920737830628,24.519797765669054,0.23283086730128616,1.452308795325503,27.209196822782616,0.3,26.634479923178095,4.7201715850657155,-1.7603901914258075,0.00916256808148992,-0.043054752775289785,0.0010588114955174947,0.013317239961589044,0.012978145093229681,0.013589774460890009,2.8941263557902186,1.6458431711526553,-7.592057641750412,5.435909784356004,2.440908524830385,-2.053491613945367,R3_mixed,R3_mixed,0.2,0.3,0.09238249594813609,0.03587443946188341,False,mix,0.10375317727668626,0.024855037232151104,0.19937499999999997,0.8,0.2362407255720279,100,223,8,214,400,0.2,0,0.2945399645030949,13,41.70609927177429,0.5375,0.3646096279247498,0.29720526293003696,0.3841442858539776,0.3695299837925445,0.4778456469809642,0.3093130695518737,0.01371563957331735,0.3118890294463128,0.40517243537701425
200,200,-14.04680885638034,2.7373358267122363,21.24288575237368,-1.8322087131830989,1.2280337192476938,38.951493615238526,-2.880036101870154,1.5674453517804192,38.96813404609749,2000,20,0.0845664474512043,1.3258306855756787,16.40861204499868,0.5928853754940712,0.003952569169960474,0.045,0.549407114624506,0.12796611838666275,0.5203898415745845,27.86304098978382,0.1584324642273745,0.6898828202067601,32.4356760139322,0.18800608024430232,2.7424098669424364,13.912614597742683,0.4268774703557312,0.0,0.041875,0.4150197628458498,0.27028827642020503,1.0790774806779306,23.25657375241211,0.3408791731463519,1.426556329640153,27.90684227976712,0.3,25.660673940741162,5.2762568110573795,-1.8917830365059587,0.007839570404665947,-0.046997444152630026,-0.011734179208344693,0.012830336970370579,0.014722808892309607,0.01456561837415212,3.7248706497543305,1.674974947327782,-9.322661240559201,5.826247349660848,2.0036569236178696,-5.250359434787049,R3_mixed,R3_mixed,0.2,0.3,0.09238249594813609,0.019762845849802372,False,mix,0.10856807355587403,0.045952552754872374,0.19937499999999997,0.8,0.24126364916709703,100,253,5,237,400,0.2,1,0.3049805488633392,13,42.3241126537323,0.62,0.37412636834726926,0.30312581015883094,0.3663500583661863,0.3695299837925445,0.495205582782614,0.31798087557324733,0.012220152316201662,0.32212532287764734,0.38720101784290245
200,200,-13.83232757056006,2.5551485056443135,21.618446112699054,-1.591349422832467,1.1250962908993523,37.009563246527975,-2.66755267271785,1.5096677047933977,38.007327949222706,2000,20,-0.16823078724296672,1.1841349229853444,19.52410908565655,0.6170212765957447,0.0,0.063125,0.5829787234042553,-0.04231416777861055,0.4738603298475008,28.940364501195315,-0.04009912585263761,0.7088019715159091,32.869075579807394,-0.3672922203554455,2.477374406788015,16.664519523107558,0.49361702127659574,0.0,0.058125,0.451063829787234,-0.08993840182455554,0.992202989729337,24.47746389229451,-0.0875503182756323,1.4735740362822927,28.374935860355798,0.3,25.24092098246727,4.700407260956903,0.2734970426543296,0.013263234233805097,-0.0337537266924829,0.006576637362133909,0.01262046049123363,0.012177590619459869,0.01228852854421659,2.8617337955730693,1.6641576175375443,-6.4860800771213905,4.915411417686636,2.2631979426986284,-1.0095256935890142,R2_noise_compatible,R3_mixed,0.2,0.3,0.09238249594813609,0.03404255319148936,False,mix,0.09144959090705072,0.026053052442497796,0.19937499999999997,0.8,0.2544963155684844,100,235,8,204,400,0.2,2,0.302902559494027,13,40.95497941970825,0.5675,0.41853501194370724,0.32934471309701585,0.4060352177502777,0.3695299837925445,0.5542902375738428,0.3413749936897371,0.015499863410636089,0.35267790004521066,0.42509945414370665
200,200,-14.443900578669686,2.7093692946783916,21.973816516650857,-1.9493428688249816,1.1639303806401464,41.24971634634905,-2.8592276108766,1.5269941528690976,39.96971402342299,2000,20,0.14119646815692838,1.2330747057650544,19.00830615764019,0.6486486486486487,0.0,0.045,0.6138996138996139,0.07707208190209917,0.496664731251969,30.41061409571478,0.10760495157474567,0.633518812199997,35.76090363851762,0.3036501057533011,2.6009130194976224,15.967230782242693,0.5173745173745173,0.0,0.038125,0.4517374517374517,0.15628020840161327,1.034471139170468,25.28388982069419,0.21294971402378032,1.3262363482306403,30.195186216554337,0.3,27.267222636944396,5.252147801287148,-1.063662381716522,0.010840355298749525,-0.03850018801794389,-0.007005107273067021,0.013633611318472199,0.014637816840284259,0.014170502973891582,3.791194561633623,1.7974588634869317,-7.656777875614228,5.668201189556633,2.2362988252578244,-3.7876172911744543,R2_noise_compatible,R3_mixed,0.2,0.3,0.09238249594813609,0.02702702702702703,False,mix,0.1037877530232088,0.043014015200247446,0.19937499999999997,0.8,0.24787895330196588,100,259,7,242,400,0.2,3,0.3001175418881939,13,40.78552961349487,0.63,0.39369428367028697,0.3145868326338688,0.3711928353908695,0.3695299837925445,0.5229360605524452,0.3295732174896653,0.012837644192846415,0.3396044154002997,0.39128641479513243
200,200,-13.90606778134664,2.7626834359750867,24.6502473641043,-2.4021563667316004,1.5070377991863966,43.87009669372002,-2.517629091565689,1.5213446996810485,44.41664895978341,2000,20,-0.021520506264829632,1.4444283623492824,31.545433493228114,0.9704301075268817,0.005376344086021506,0.051875,0.9731182795698925,0.10915294089831631,0.953840584889796,43.865481337971126,0.08299244936734479,1.0136075393985755,45.37950771248315,-0.032605527500766736,2.997593594929619,26.266575254996386,0.9516129032258065,0.005376344086021506,0.04875,0.9543010752688172,0.24068847300087232,1.9668707126821812,36.526825205688034,0.17529504083514613,2.099842080744647,37.919142101006074,0.3,25.677667887096387,5.124802973581538,8.112711417788145,0.03362685774239704,0.10733108380053503,0.12326927750677402,0.012838833943548194,0.012947634835637333,0.012657820794087789,4.816520158857089,2.5369421025285437,13.839749429020745,5.063128317635116,2.61668194862469,16.90865896342971,R2_noise_compatible,R2_noise_compatible,0.2,0.5,0.4318181818181818,0.024193548387096774,False,mix,0.15516182307240428,0.14139718477217603,0.27674418604651163,0.6,0.3970207005161775,100,372,9,349,400,0.2,0,0.3042011728507406,14,40.58920621871948,0.9075,0.6690831636417717,0.6328575411697842,0.6807006994922336,0.6477272727272727,0.8403690024206963,0.6584317253611278,0.01743397933318013,0.6726766656457716,0.7083193785267119
200,200,-13.721706633059616,2.5699299577829327,26.584924504428294,-2.561065818315699,1.5243167443562167,44.71972971521576,-2.7277889319868005,1.5470362282174714,44.78204854029304,2000,20,-0.029021383954647893,1.4293270989361295,31.7866867946572,0.9811827956989247,0.002688172043010753,0.04375,0.9758064516129032,-0.005883321162944401,0.826164617084527,49.2114613441404,-0.016928106194553278,0.8938285514609577,49.572684072005195,-0.03454015029254417,3.009785678997099,26.349851554746316,0.9623655913978495,0.0,0.04875,0.9543010752688172,-0.008270613833066138,1.7089807641850128,41.07848909900012,-0.030377282667004398,1.851782942143418,41.56188585246774,0.3,25.435374327489402,4.937634200614488,9.646950452248666,0.03653424340607773,0.10598386578177298,0.11842174379146457,0.012717687163744702,0.012341332383426757,0.012261572546131876,4.590975646634754,2.278774641154932,15.286734280364978,4.90462901845275,2.392682373251761,17.747474120605812,R2_noise_compatible,R2_noise_compatible,0.2,0.5,0.4318181818181818,0.013440860215053764,False,mix,0.15525270959778567,0.13918842845128285,0.27674418604651163,0.6,0.38257189172373773,100,372,5,348,400,0.2,1,0.2944173010108469,14,40.62269425392151,0.9175,0.6649977440640282,0.5964286025489176,0.639576085819868,0.6477272727272727,0.8315899541202846,0.6196217609719828,0.01826624161406137,0.629363704970492,0.665536375857609
200,200,-13.51080702159993,2.5450975742766198,27.481006554565838,-2.4403362703340292,1.5102124074352308,44.27243472948752,-2.6059012157173083,1.5496727784452553,44.24690341042239,2000,20,-0.07309273811308309,1.3526440957764583,34.147235423341016,0.9621621621621622,0.002702702702702703,0.056875,0.9648648648648649,-0.02633158715666328,0.8683699324802537,46.878885351232825,-0.0149024662169898,0.9301804670844941,48.660125904331636,-0.16816606503998333,2.841908936848915,28.15114676985318,0.9540540540540541,0.002702702702702703,0.06375,0.9459459459459459,-0.0522888746352041,1.8136828098276276,38.85725680338073,-0.026971439713198316,1.9389188399808683,40.45374379609247,0.3,25.349155096886804,5.183212502877951,7.813414391174274,0.032923871129697815,0.09928216723718698,0.11676103245783682,0.012674577548443401,0.012248668945560948,0.012365688828959026,4.53200750985755,2.248789570926807,14.319878918068598,4.946275531583611,2.3348016797724305,17.885089690188735,R2_noise_compatible,R2_noise_compatible,0.2,0.5,0.4318181818181818,0.02972972972972973,False,mix,0.15743563085809745,0.13989072207710673,0.27674418604651163,0.6,0.3870692888118037,100,370,11,351,400,0.2,2,0.3034804715005041,14,43.39449381828308,0.8975,0.6603923248458585,0.6088504256700142,0.6601118927951034,0.6477272727272727,0.8172092315189758,0.6315057831927704,0.016163604716502,0.6505192087876333,0.6859642870715118
200,200,-14.040857678448374,2.7890666331121547,25.645639270771724,-2.651338208524412,1.609572046601814,42.346732651169084,-2.819891368381084,1.6776027293984033,41.39492684809947,2000,20,0.008093174700260155,1.4611617284588145,32.04239116648696,0.9603174603174603,0.0026455026455026454,0.055625,0.9603174603174603,0.02996247593132746,0.9247440114150404,45.53353313320792,0.02729197258576981,0.9770411124760827,46.63044855413551,0.0043940259158725325,3.0975230288679456,26.289177596022864,0.9444444444444444,0.0026455026455026454,0.05125,0.9444444444444444,0.04891964245152936,1.9297667315811666,37.71667415139413,0.04545783590881822,2.0426804849009996,38.65767504605594,0.3,25.885926874524547,5.073161043094467,7.551207444549629,0.0320972091552731,0.09579086158207514,0.1102204562827223,0.012942963437262272,0.013664443758083292,0.013673752897608912,5.165159740555484,2.2917052614872104,13.546151182333716,5.469501159043563,2.3933001741629276,16.13616284782846,R2_noise_compatible,R2_noise_compatible,0.2,0.5,0.4318181818181818,0.03439153439153439,False,mix,0.1598159179350702,0.14601074633604408,0.27674418604651163,0.6,0.39144027431560197,100,378,13,362,400,0.2,3,0.31276146810276967,14,40.671112060546875,0.9125,0.6545619968263129,0.617763933663512,0.6560639708279903,0.6477272727272727,0.8145769352524245,0.6432240876199631,0.017752859844099623,0.6637322152475115,0.6842416727613304
200,200,-13.85495965070012,2.6119369678613196,15.47203228431146,-0.6932671600145085,0.6307536209501133,25.98447480847638,-2.871080211742663,1.3740955283675433,30.014903808903295,2000,20,-0.056958088230823434,1.1199146529150283,20.44672372649052,0.550561797752809,0.0,0.043125,0.48314606741573035,-0.0342380101402658,0.2679325583113342,17.90949046989719,-0.07759911063270904,0.616505382796888,37.174870191266386,-0.11887031606104008,2.3170170516076127,18.169411791521092,0.43820224719101125,0.0,0.0475,0.4157303370786517,-0.0707339724174262,0.5577341241161927,15.398559678675465,-0.17406863635069073,1.2928729447870764,32.86114932672895,0.3,25.524112191807387,4.630971756445615,3.7539449683593253,0.02145426265776715,-0.04582882381574566,0.04930467461276524,0.01276205609590369,0.012737365453572017,0.013001307303927774,1.1336255253679095,1.0881934747646338,-4.789948631232029,5.2005229215711095,2.2076423764007433,6.577762358051607,R2_noise_compatible,R3_mixed,0.2,0.5,0.12472647702406996,0.0449438202247191,False,mix,0.104059707076246,-0.03353997115683446,0.15937499999999996,0.8,0.23284965091940513,100,89,4,0,400,0.2,0,0.30044699741499664,15,40.56057262420654,0.2125,0.5666287427654092,0.29277569823017,0.5556898335377114,0.49890590809628,0.8600977466173513,0.3035254447820665,0.025053996163528144,0.3208835290328701,0.5952452514521513
200,200,-13.98115582541937,2.5966800314001537,15.475555121830256,-0.4816115967786096,0.5445607236785684,24.954399115079482,-2.652784968973612,1.419921334209471,29.137400502088372,2000,20,0.21093298820974135,1.2305046055825617,17.291176963891168,0.68,0.0,0.045,0.6666666666666666,0.009101277802896865,0.2292083434232452,20.049873960981447,0.16174125536049608,0.6291488945604362,35.43387720025368,0.4056028824733285,2.5694465586977873,15.227551161344381,0.5866666666666667,0.0,0.050625,0.56,0.024776404962614115,0.46795896921603025,16.9972100988839,0.34992731321316983,1.295815038435397,31.52673014332949,0.3,26.275949592531173,4.658190364036236,3.52181059180869,0.021340606877629346,-0.004109616928684023,0.05958457127602978,0.01313797479626559,0.010918561649518214,0.013250255962550438,0.8188921237138661,0.9485627185253339,-1.1882328615194009,5.3001023850201765,2.393462771939698,7.743477919384551,R2_noise_compatible,R3_mixed,0.2,0.5,0.12472647702406996,0.0,False,mix,0.11463796959214474,-0.03384049381631783,0.15937499999999996,0.8,0.2599722513001536,100,75,0,0,400,0.2,1,0.2737903330543285,15,40.37936592102051,0.1875,0.529472153681071,0.33818055900005084,0.5388365237026658,0.49890590809628,0.8200229121586915,0.3513006799500404,0.024656123642544155,0.3513006799500404,0.5799304644691787
200,200,-14.269885798387929,2.6098527027968506,14.558698048760315,-0.7818884800559214,0.6147349675549192,25.865566469069037,-2.845553406591504,1.2607140009843971,31.66480913134754,2000,20,-0.2475281625182354,1.1583997467268137,20.48463332962388,0.7157894736842105,0.0,0.043125,0.7052631578947368,-0.012887113765271772,0.27717577956911915,23.060440881753692,0.01634192922760905,0.6869282884188406,33.39689772790177,-0.5428426547358067,2.404558995607533,18.679474268207606,0.6421052631578947,0.0,0.04125,0.6105263157894737,-0.02262128964493521,0.5787665101968652,19.92187420945621,0.05900902704003494,1.4378748192180073,29.963373852416314,0.3,25.276787510389628,4.82127387990414,4.5777350098874106,0.02367365087134355,0.006395927010453964,0.056836692068198136,0.012638393755194814,0.013708207510915997,0.013046262518105744,1.3022797135370197,1.0639686400231518,-0.6529014309370286,5.218505007242297,2.379370134936018,7.3616843226035575,R2_noise_compatible,R3_mixed,0.2,0.5,0.12472647702406996,0.0,False,mix,0.10720841007858171,-0.026329292766867973,0.15937499999999996,0.8,0.2967280870669016,100,95,0,0,400,0.2,2,0.30032264074084725,15,40.82339000701904,0.2375,0.6245225334487952,0.40198789196851975,0.5746773462000896,0.49890590809628,0.9897031110359558,0.42192512115172315,0.026934374406338196,0.42192512115172315,0.6192256864405298
200,200,-14.604356275012657,2.6224263922179216,15.0136148645048,-0.9212189253577492,0.6569631103200194,29.95496411458115,-3.0438722964463745,1.3343859420727087,32.82103100970982,2000,20,-0.20263989382236486,1.1409183025017422,20.08526477493808,0.7477477477477478,0.0,0.055625,0.7207207207207207,0.00805665509141998,0.32339792556653957,21.645416852467196,-0.09206886302521705,0.6463146340657054,34.74601382316055,-0.4264287401200718,2.356822190878539,18.12388552864332,0.6126126126126126,0.0,0.05,0.5495495495495496,0.00606147748290534,0.6748994807684707,18.12644558684296,-0.21316691571828264,1.3447335401642415,30.879208420832743,0.3,25.63669321927287,5.107226203533016,3.795787812951683,0.02251132010031739,-0.01707213984579386,0.04185830091495837,0.012818346609636433,0.014655009751321458,0.013092510455322661,1.626706082396682,1.1301745584666674,-3.1160793515425356,5.2370041821290645,2.0793318904975275,5.533660228284,R2_noise_compatible,R3_mixed,0.2,0.5,0.12472647702406996,0.018018018018018018,False,mix,0.11270787662133985,-0.017546623608303186,0.15937499999999996,0.8,0.2719893585693912,100,111,2,0,400,0.2,3,0.29952988922083873,15,40.759283781051636,0.2725,0.582027534012938,0.3557078063569784,0.5127613710846151,0.49890590809628,0.9170397867519252,0.3736062951427561,0.01691983222830724,0.3788355637744114,0.5488015522770132
200,200,-18.82546915885483,3.3798866929541247,23.208231820202744,-0.919951487624414,0.8992372291963976,37.73555523610387,-3.3716270384270377,1.9042775734620543,41.286037548401765,2000,20,0.017528092931301698,0.73092767308272,2.575065846508628,0.07563025210084033,0.07563025210084033,0.045,0.15126050420168066,-0.03373962842624459,0.21232411370090948,0.9280420936114002,0.04399228103651891,0.34142944000900866,2.4158788335601296,0.023520766600443426,1.3580512112876342,2.529730643416918,0.05042016806722689,0.01680672268907563,0.045625,0.05042016806722689,-0.0658480815576626,0.39232641714654265,0.9294890028060635,0.07681966024208384,0.6307416276451469,2.1300055775273137,0.1,16.021925293548843,4.4138169134726635,-7.505189548925011,-0.008552303638161075,-0.1379797017950597,-0.09313023101708265,0.008010962646774424,0.005473057657998065,0.008023994506860631,0.6512938613017697,1.3261096897826345,-12.872900715851888,3.209597802744253,2.246804205798658,-18.00855192683629,R3_mixed,R1_post,0.2,nan,0.0,0.06722689075630252,True,post,0.1155233612837713,-0.02992414027563871,0.19999999999999998,0.6,0.0049223317231475595,100,119,8,0,400,0.2,0,0.1071877413577498,16,40.75824308395386,0.2775,0.023994878121290152,0.0058068682388755875,0.010491622566778084,0.0,0.03186600495975671,0.004946680927601783,0.007105707044954451,0.005607459210673829,0.011546343575478143
200,200,-17.65971783497209,3.5497279416022978,22.89351839376212,-0.9871626627281094,0.82043349572764,34.07445337126638,-3.664046026590945,1.9470910278045093,38.32510511375563,2000,20,0.00872292729650562,0.851729259920341,-0.6534955360410015,0.07291666666666667,0.07291666666666667,0.0525,0.11458333333333333,-0.0267131960391606,0.17730998901365325,1.6753304705948402,-0.01730308945471938,0.36037610588812796,1.9990717069424242,0.002534612379693346,1.5459391709548158,-0.686784509788057,0.03125,0.020833333333333332,0.04875,0.052083333333333336,-0.05271800349296103,0.3270067659207529,1.651386660130384,-0.039649644229865603,0.6710846977234034,1.95419454853194,0.1,14.352397809497406,4.867939964413377,-9.962743790309906,-0.017072820421286678,-0.13366056654314162,-0.09110314366293312,0.007176198904748702,0.006534784036117926,0.007460359896593543,0.6273392674673208,1.0238280098932357,-13.145522026692005,2.9841439586374165,2.2677269583250825,-17.385426970852098,R1_post,R1_post,0.2,nan,0.0,0.03125,True,post,0.12856943276574095,-0.05468818894114871,0.19999999999999998,0.6,0.009924726776225546,100,96,3,0,400,0.2,1,0.10494459953297497,16,40.64935302734375,0.2325,-0.006849148474052386,0.010625794434985639,0.009654165742416114,0.0,-0.008613620762379206,0.01002421436494393,0.008122016068470928,0.009453047536683228,0.009908824986423813
200,200,-18.1827501491194,3.541198363468904,21.325359986166237,-0.8057667896324975,0.8717577320277189,33.411925946100794,-3.6139368475527136,2.124271414146091,35.869355712213945,2000,20,0.02678409459880718,0.7831840835740586,-0.8951076115110994,0.08163265306122448,0.030612244897959183,0.051875,0.10204081632653061,0.001282369522194895,0.17056644563742446,2.735240629551959,0.011010038316445996,0.3516371473978873,1.6229914744701863,0.05512469951584976,1.4254447004980897,-0.9613034405390819,0.04081632653061224,0.030612244897959183,0.0525,0.07142857142857142,0.00517880732847091,0.316478764807803,2.3014301907857937,0.02178333226328736,0.6497592505383681,1.4640372580657637,0.1,15.411976343792862,4.614099358373869,-9.967533212582042,-0.015289606128481069,-0.13206777971695022,-0.09303922715888913,0.0077059881718964315,0.007291113397630131,0.007800931218154403,0.7145291129677528,1.0091923812392734,-13.532773115512956,3.1203724872617613,2.123663099621918,-18.99362632329938,R1_post,R3_mixed,0.2,nan,0.0,0.04081632653061224,True,post,0.13933598131184097,-0.04732026057271848,0.19999999999999998,0.6,0.016249957668475395,100,98,4,0,400,0.2,2,0.10925314109023121,16,38.464871883392334,0.235,-0.009283088206437074,0.016017392582766663,0.007489923912660281,0.0,-0.011759917713676354,0.016518380654868776,0.00823692531328412,0.01726959224386951,0.008014544171488412
200,200,-18.46522053925639,3.3554028799452675,23.310066434416193,-1.0783147950815901,0.9843746715457453,35.15365332533454,-3.849710901726466,1.9142627259299894,41.2187176701464,2000,20,0.006580924906880432,0.7794287050222476,2.1464054927507195,0.025,0.05,0.04875,0.06666666666666667,0.023704974707839437,0.18998216652670377,0.354136439512851,-0.007959488192552265,0.3538957556320492,1.4117115044069923,0.022551209609331112,1.4387872271143884,2.1865845953109404,0.008333333333333333,0.025,0.05125,0.016666666666666666,0.04543061522044281,0.34929797431687853,0.4035714245368362,-0.011041603884511744,0.6466936744090346,1.5528761289530522,0.1,15.693334436297848,4.377259485715616,-8.117470888905311,-0.009919471006095708,-0.13977742846906846,-0.09389325494255452,0.007846667218148924,0.008851753232816255,0.007867643673083008,1.0622103879379505,1.2057168561414375,-14.792446264116231,3.1470574692332036,2.3322074525149663,-17.45314697555892,R3_mixed,R1_post,0.2,nan,0.0,0.025,True,post,0.12231246948799432,-0.03753173256561551,0.19999999999999998,0.6,0.0027065022464897847,100,120,3,0,400,0.2,3,0.10414977522487738,16,38.096733808517456,0.2925,0.02138946799912472,0.0019442520094270193,0.006331772297665013,0.0,0.02810990161595416,0.0027138472802504124,0.006395930581013177,0.0024492855957297644,0.006550495625592109
200,200,-17.470715060197165,3.4682940866177194,21.442219623237378,-0.9621217880884632,0.948573540296605,33.71201678341133,-3.347863074673878,1.7723041096498557,41.31528646686917,2000,20,0.057801541070229015,0.7382333961850764,16.733633513807145,0.4915254237288136,0.00847457627118644,0.049375,0.4406779661016949,0.010189736390973012,0.2233358489976892,16.933957304589327,0.07368151943019736,0.4176004809023648,29.093462854708342,0.10158070102811718,1.3419607896779788,14.172371205010794,0.3220338983050847,0.0,0.045625,0.288135593220339,0.017512591639314914,0.4061810166488721,14.03023937938853,0.13505885587620248,0.7689980381500425,24.724203420493915,0.1,14.905018290642472,4.1674936078965095,4.6798358315506805,0.01720410210231983,0.016094991868865788,0.055037348919941956,0.007452509145321236,0.00756744409121272,0.008041248729996073,0.8929584027631009,1.21162319911268,0.8304979951680926,3.2164994919984293,1.9638263503725704,9.572353519140021,R3_mixed,R3_mixed,0.2,0.1,0.1,0.03389830508474576,True,mix,0.12594844960824558,-0.029309707320481996,0.21636363636363634,0.6,0.10894365708253297,100,118,4,0,400,0.2,0,0.10586563029945363,17,38.19992423057556,0.285,0.1661109590557311,0.11826634077581959,0.16592330643589523,0.15,0.21813247039280872,0.12226348866541173,0.008564727487265085,0.1262431780582997,0.17492747857692487
200,200,-17.899196052631552,3.692446482699959,20.64715108972801,-1.1987429701177938,1.0851862902116263,32.2447774381587,-3.4862079331258102,2.0140651210037963,36.53284025532293,2000,20,0.07641108411752016,0.8533771167533334,14.579214166581883,0.4846153846153846,0.0,0.056875,0.45384615384615384,-0.0038679582864066414,0.20513112822498533,22.053319976340443,0.004780791364960732,0.4241261305047112,28.27623388325305,0.13440029648318838,1.5760758690711587,12.65287358860907,0.38461538461538464,0.0,0.0625,0.35384615384615387,-0.0032675996380777937,0.3812874538665447,18.06850747535558,0.014224770282463045,0.7862816644415247,24.131459175138506,0.1,15.210524315891195,4.87150594759704,3.4000039772959827,0.015886831956572783,0.025215749802234382,0.048789384415419364,0.007605262157945599,0.007450178613335191,0.007499014356052186,0.9685232197335748,1.1832587625634567,1.9518336374298229,2.9996057424208744,2.192693413012704,7.532356290999469,R3_mixed,R3_mixed,0.2,0.1,0.1,0.015384615384615385,True,mix,0.12240270824995596,-0.024199531264160887,0.21636363636363634,0.6,0.11797504298956156,100,130,2,0,400,0.2,1,0.10725073917519953,17,38.29692316055298,0.32,0.1631927134142697,0.12928313218338724,0.16298950810586102,0.15,0.21457195916347432,0.1337547674267967,0.00925113523141965,0.1356516273416257,0.17116426966477408
200,200,-17.997334565015297,3.477272661659853,24.075600031583168,-1.6341070437863183,1.343631626104306,34.43520300470756,-3.6459140599899813,2.132283409139793,37.38978445874257,2000,20,0.09447946263771105,0.8737841548181569,13.304910810643635,0.38461538461538464,0.0,0.044375,0.378698224852071,0.019737452528519203,0.22880164089680682,21.591011567895105,0.024412811374518385,0.409252730815029,27.252752202967688,0.18469903152059053,1.6232233449400149,11.445627067753618,0.3136094674556213,0.0,0.04875,0.28402366863905326,0.03853903362166292,0.4238358640927453,17.840856751686346,0.051959404955031395,0.7558568396519412,23.362159303155913,0.1,15.71872405551949,5.298023016043222,2.1046909523391744,0.013434712581336234,-0.00462671062261816,0.03245673381701013,0.007859362027759744,0.008794242939077362,0.008210743309501832,1.486227056704074,1.32645336149163,-1.7099290617909488,3.284297323800733,2.134676871939319,4.543261947738227,R3_mixed,R3_mixed,0.2,0.1,0.1,0.023668639053254437,True,mix,0.13252212551247441,0.006185497818517699,0.21636363636363634,0.6,0.10000815863456651,100,169,4,191,400,0.2,2,0.10884251565992098,17,38.0917592048645,0.4125,0.1388673879556753,0.10677000415547264,0.1398956028291745,0.15,0.17833358854960263,0.11112118359077336,0.007615725908012893,0.11327133549095254,0.14692060602313675
200,200,-17.615401081093975,3.5111432257168804,21.13245443247604,-1.3749668803112776,1.147482513642448,36.745366330968515,-3.4219455204744462,1.8681650271811951,40.85029477687576,2000,20,0.013887764777566041,0.7762165862650032,15.03748447305377,0.5189873417721519,0.0,0.04625,0.4620253164556962,0.004008636887189155,0.21228327061366764,23.926462506218503,-0.0421040680139769,0.4275125764622698,29.981114327427928,0.04360742178458923,1.4546188518430194,12.404309873891584,0.34810126582278483,0.0,0.04625,0.33544303797468356,0.010373310523771304,0.39484881364586916,19.366287252528178,-0.06612469470934298,0.80360518354195,25.02738753267646,0.1,15.232924847335646,4.43466459935242,2.6947709582450403,0.01359166510961531,0.01914003967454559,0.04933288142613919,0.007616462423667824,0.007622518314377833,0.007293408843410781,1.2043578936716977,1.2040758169637158,1.5113403568671055,2.9173635373643116,2.088810554358098,8.050413666284298,R3_mixed,R3_mixed,0.2,0.1,0.1,0.02531645569620253,True,mix,0.12527381767073373,-0.011628329818954257,0.21636363636363634,0.6,0.11081045516727646,100,158,4,0,400,0.2,3,0.10648010566027698,17,38.23321485519409,0.385,0.15731119270520336,0.12046076202065711,0.16795240740303718,0.15,0.2065301168959645,0.12461961098308054,0.008294011967173031,0.1262354683600538,0.17525926607897072
200,200,-17.47751296860954,3.49663824130464,19.20809023816562,-1.0592754952125583,0.9146166884766495,32.89125954395761,-3.470951719093881,1.7449759581561834,38.172927952589134,2000,20,-0.1330288818211086,0.8655804864440443,18.219426298082315,0.6198347107438017,0.008264462809917356,0.0525,0.6198347107438017,-0.024816350793785174,0.19961386712224433,24.523429811267103,-0.08448005986092243,0.44658851754894907,34.16343345723604,-0.2447185937430506,1.6062183995093535,15.690904992684839,0.5041322314049587,0.008264462809917356,0.045,0.4793388429752066,-0.04027959718316956,0.36826497986770185,20.59225176813464,-0.15632059011160937,0.8255340018856925,29.4590937902693,0.1,14.104607257467281,4.965297380725259,7.852500718711634,0.026547304254118612,0.06953284387135539,0.0951987441693932,0.007052303628733639,0.006150381299283987,0.006475944612529509,0.7441961372133622,1.1632087314555357,6.593208737022972,2.5903778450118033,2.2215560423731175,15.974892888508545,R3_mixed,R3_mixed,0.2,0.3,0.15322580645161293,0.024793388429752067,False,mix,0.12779976144942756,-0.02237580362275712,0.19891472868217053,0.6,0.14369497487750799,100,121,3,0,400,0.2,0,0.10166581738652092,18,38.295754194259644,0.295,0.23480495880867805,0.16272425505045568,0.22904675502820088,0.22983870967741937,0.31472202715526726,0.16780816491991604,0.010778978781515375,0.17047659077512578,0.24030002408502055
200,200,-18.041834751256616,3.4093324604401256,17.09859132701853,-0.6777706149539618,0.7814982942538804,25.768967022840922,-3.8297455076538425,1.768117198944977,34.543440454091986,2000,20,-0.042675273136754545,0.8045346200681389,18.44865273165479,0.675,0.0,0.048125,0.6375,-0.004586096105802847,0.16849267610274668,17.915701111802324,-0.07833093382466712,0.4071867326949485,35.66497981486168,-0.08994801081858808,1.5082466841443272,16.147234009881448,0.525,0.0,0.046875,0.4875,-0.0007044931471741411,0.31419370589669715,14.917201010387394,-0.1447622132921555,0.7448810323111055,31.580622119650457,0.1,14.722121899106467,4.649919778113385,8.707743380493211,0.02760621503340323,0.052218314118021344,0.09899924997599015,0.007361060949553235,0.006947510236032779,0.007039611770683288,0.5558008188826222,0.9740218796506335,3.7182576554177635,2.815844708273316,2.1230374142562827,17.32605136164833,R3_mixed,R3_mixed,0.2,0.3,0.15322580645161293,0.025,False,mix,0.1299298341168137,-0.04828841524431605,0.19891472868217053,0.6,0.13410976733976288,100,80,2,0,400,0.2,1,0.10348355730940895,18,38.44771647453308,0.195,0.25461249180877016,0.14989591323223805,0.23777104291511922,0.22983870967741937,0.3676725654457145,0.15488079467964805,0.011659262754304593,0.15892308331475224,0.25230927397307706
200,200,-18.038334450026035,3.2843627523874717,16.750358703131727,-1.1050592413138205,0.8630222499517595,31.58382974894137,-3.720677590989599,1.7467354318122128,35.31806340223579,2000,20,0.042257998886868015,0.8487865047172194,17.564986673379014,0.6696428571428571,0.0,0.04375,0.6339285714285714,0.05461727124072764,0.19749112296720459,21.187698168287262,0.08058912617239951,0.4052399923176944,36.12197594046179,0.08630048307395743,1.5667037217674038,15.377619327183943,0.5178571428571429,0.0,0.040625,0.48214285714285715,0.10406811421852614,0.36154824315179235,18.05521454574365,0.1567088435365736,0.7384638263408494,31.9422508168209,0.1,15.20353713712321,4.772161776054768,9.202044686510092,0.029558591525821878,0.06672128631774892,0.10627320340985935,0.007601768568561605,0.009992003368165933,0.008396809685416595,1.1191043772345843,1.0381223747607249,6.120357141721006,3.358723874166638,2.010344225209464,19.47455415784748,R3_mixed,R3_mixed,0.2,0.3,0.15322580645161293,0.026785714285714284,False,mix,0.11764221270555487,-0.04346957188160745,0.19891472868217053,0.6,0.1394798291940932,100,112,3,0,400,0.2,2,0.10396008177457694,18,38.713703870773315,0.2725,0.2710011042956851,0.15351279334510165,0.23727926356920606,0.22983870967741937,0.4043491477253238,0.16208780912534046,0.011245993390445968,0.1679032186958823,0.2538985185190381
200,200,-17.832401647664074,3.162744373828334,18.295295290022295,-0.6559793536385515,0.6726426847453801,29.402673706911006,-3.4784410519733,1.7873501876263282,32.44916647221022,2000,20,-0.03943885057024882,0.7342052930114291,19.026528749095352,0.7215189873417721,0.0,0.049375,0.6455696202531646,0.0033338151895186624,0.14996051732381738,20.840308518210513,-0.03726030523320767,0.42340486584047343,34.77037595091514,-0.058827705082294963,1.381622657758351,16.55543922780101,0.569620253164557,0.0,0.056875,0.5569620253164557,0.0066138536388393775,0.2749235905292732,17.90395193301906,-0.06836376761505275,0.7724437699340853,31.259151786386,0.1,14.652058891302921,4.309149250296146,9.231044933436364,0.02721500462283975,0.0790055903585175,0.11406573563456181,0.007326029445651463,0.0061026315625335985,0.006583004675286375,0.48210789344015437,0.8495504874355134,6.779271897378695,2.63320187011455,2.1918332605726807,19.615129105421712,R3_mixed,R3_mixed,0.2,0.3,0.15322580645161293,0.012658227848101266,False,mix,0.13094362558021705,-0.05640739674804035,0.19891472868217053,0.6,0.1406088646252268,100,79,1,0,400,0.2,3,0.09834234914553892,18,37.97543239593506,0.195,0.24142017334280597,0.1580191880944702,0.2538353103198021,0.22983870967741937,0.34797931441124785,0.1636145159490253,0.014707772299201958,0.1663220840929977,0.2693470001800171
