B_null,B_sel,D_agg_med_sel,D_agg_null_mean,D_agg_null_sd,D_agg_p2,D_agg_z,D_mean_all,D_mean_sel,D_null_mean_all,D_null_mean_sel,D_pg_fracpos_sel,D_pg_power_sel,D_pg_rej_all,D_pg_rej_sel,G,K,N_agg_med_sel,N_agg_null_mean,N_agg_null_sd,N_agg_p2,N_agg_z,N_mean_all,N_mean_sel,N_null_mean_all,N_null_mean_sel,N_pg_fracpos_sel,N_pg_power_sel,N_pg_rej_all,N_pg_rej_sel,N_set_p2,N_set_z,R2rna,S_cross_agg_med_sel,S_cross_agg_null_mean,S_cross_agg_null_sd,S_cross_agg_p2,S_cross_agg_z,S_cross_m_agg_med_sel,S_cross_m_agg_null_mean,S_cross_m_agg_null_sd,S_cross_m_agg_p2,S_cross_m_agg_z,S_cross_m_mean_all,S_cross_m_mean_sel,S_cross_m_null_mean_all,S_cross_m_null_mean_sel,S_cross_m_pg_fracpos_sel,S_cross_m_pg_power_sel,S_cross_m_pg_rej_all,S_cross_m_pg_rej_sel,S_cross_mean_all,S_cross_mean_sel,S_cross_null_mean_all,S_cross_null_mean_sel,S_cross_pg_fracpos_sel,S_cross_pg_power_sel,S_cross_pg_rej_all,S_cross_pg_rej_sel,S_dd_agg_med_sel,S_dd_agg_null_mean,S_dd_agg_null_sd,S_dd_agg_p2,S_dd_agg_z,S_dd_mean_all,S_dd_mean_sel,S_dd_null_mean_all,S_dd_null_mean_sel,S_dd_pg_fracpos_sel,S_dd_pg_power_sel,S_dd_pg_rej_all,S_dd_pg_rej_sel,S_drm_agg_med_sel,S_drm_agg_null_mean,S_drm_agg_null_sd,S_drm_agg_p2,S_drm_agg_z,S_drm_mean_all,S_drm_mean_sel,S_drm_null_mean_all,S_drm_null_mean_sel,S_drm_pg_fracpos_sel,S_drm_pg_power_sel,S_drm_pg_rej_all,S_drm_pg_rej_sel,S_pp_agg_med_sel,S_pp_agg_null_mean,S_pp_agg_null_sd,S_pp_agg_p2,S_pp_agg_z,S_pp_mean_all,S_pp_mean_sel,S_pp_null_mean_all,S_pp_null_mean_sel,S_pp_pg_fracpos_sel,S_pp_pg_power_sel,S_pp_pg_rej_all,S_pp_pg_rej_sel,delta_target,fX,fX_pop,feasible,hyp,incr_m_mean_all,incr_m_mean_sel,incr_m_pop,incr_p_mean_all,incr_p_mean_sel,incr_p_pop,lam,lamhat_noise_sel,n,n_sel,q2,ratio_m_over_p_sel,rho_mean,s2,seconds,sel_rate,sig_u2,t2,theta_pg_median_all,theta_pg_median_sel,theta_pop,theta_set_all,theta_set_sel,theta_set_sel_jkse
200,200,,,,,,0.01008238424153871,nan,-0.009045286060743644,nan,nan,nan,0.025,nan,200,20,,,,,,0.03543218993398149,nan,-5.6215854077766236e-05,nan,nan,nan,0.49,nan,,,0.1,,,,,,,,,,,0.1438155795597962,nan,0.007464993543844307,nan,nan,nan,0.165,nan,0.18237810806613503,nan,0.007480093224440484,nan,nan,nan,0.385,nan,,,,,,0.1796127000602018,nan,-0.2956189412465098,nan,nan,nan,0.62,nan,,,,,,-0.03185138083196434,nan,-0.0007468362768897979,nan,nan,nan,0.04,nan,,,,,,-0.09517122395106803,nan,-0.31990266514146487,nan,nan,nan,0.325,nan,0.2,nan,1.0,False,noise,0.32407471269960175,nan,0.47029702970297016,-0.23146411309821865,nan,0.05891472868217054,0.6,nan,100,0,0.0,nan,0.3227801473352034,0.95,2.606440305709839,0.0,0.4166666666666667,0.0,0.1176945695477192,nan,1.4999999999999998,3.5142669714970167,nan,
200,200,0.24817148507638417,-0.013367169116297983,0.011258722032128897,0.009950248756218905,23.22987044383032,0.17849746974454994,0.2530701925288151,-0.009993586605540897,-0.011166419445389002,1.0,0.9868421052631579,0.68,0.9868421052631579,200,20,0.001109362478614282,0.0001453493862073219,0.0021940144745873063,0.6567164179104478,0.4393831960242229,0.0016875498172255854,0.000876877862003611,-3.988776854008941e-05,0.00021186595576853747,0.5,nan,0.08,0.07894736842105263,0.7164179104477612,0.32742040188120086,0.1,-0.13802036090518513,0.009943685120975775,0.01491865842806045,0.009950248756218905,-9.918053069566753,-0.14764796270931013,0.00992776578545438,0.01485809799948499,0.009950248756218905,-10.605376844978476,-0.10526089080433637,-0.15125154682427727,0.008032025240324083,0.010867347724550497,0.05263157894736842,0.3684210526315789,0.225,0.3684210526315789,-0.09025113644954154,-0.131276942829112,0.007889144815919456,0.010505859516215646,0.05263157894736842,0.25,0.145,0.25,-0.42158645005987105,-0.3072808399840209,0.03113361513118525,0.009950248756218905,-3.671453173379905,-0.38571006057464,-0.4115153234664651,-0.290799203912757,-0.29016341195043854,0.2631578947368421,0.02631578947368421,0.025,0.02631578947368421,-0.12433595829948613,-0.0024658609865845084,0.012955068958057354,0.009950248756218905,-9.40713613320428,-0.09497496885218684,-0.13060148336901004,-0.00036588944767460745,-3.803131580072377e-05,0.013157894736842105,0.39473684210526316,0.255,0.39473684210526316,-0.38117084163835513,-0.3235154578803963,0.020882954249650656,0.009950248756218905,-2.7608825392203515,-0.36363647091858015,-0.3790857552280185,-0.31392923749304985,-0.3136232230397777,0.25,0.039473684210526314,0.045,0.039473684210526314,0.2,nan,0.0,True,post,-0.2894367226935311,-0.25058214554741653,0.025,-0.04570425708427976,0.09406655193537627,0.19999999999999998,0.6,0.0034529945970792893,100,76,0.0,-2.663881479567429,0.3168237946617633,0.0,2.5706512928009033,0.38,0.4166666666666667,0.48,-4.179371364436288e-06,0.003591855163143383,0.0,0.009454194614862944,0.0034649590820687737,0.008440202914383533
200,200,,,,,,0.03102204381167926,nan,-0.01009827662602502,nan,nan,nan,0.085,nan,200,20,,,,,,-0.037237260197539666,nan,-0.0001727450856916216,nan,nan,nan,0.525,nan,,,0.1,,,,,,,,,,,-0.16293508643079213,nan,0.0069847551501644655,nan,nan,nan,0.34,nan,-0.20933660949245197,nan,0.006972184388914536,nan,nan,nan,0.535,nan,,,,,,-0.4249758405432385,nan,-0.28395245526163887,nan,nan,nan,0.065,nan,,,,,,-0.046846668375933716,nan,-0.000520917619210488,nan,nan,nan,0.085,nan,,,,,,-0.3937080876187972,nan,-0.3071236300339684,nan,nan,nan,0.08,nan,0.2,nan,0.0,False,err,0.2398374917573097,nan,0.37999999999999995,-0.22714597098801093,nan,0.06129032258064514,0.6,nan,100,0,0.95,nan,0.3106838133385931,0.0,2.604597330093384,0.0,0.4166666666666667,0.0,-0.21720804750927927,nan,-1.0,-1.2003483852833863,nan,
200,200,0.22369003030337428,-0.011138650806018037,0.01118241869932227,0.009950248756218905,20.9998111680995,0.14965885059187756,0.22696385481196601,-0.0092379027444402,-0.008758614841072595,1.0,0.9358974358974359,0.525,0.9358974358974359,200,20,0.03663479483908762,9.393169924430764e-06,0.0025966519328247907,0.009950248756218905,14.104856023277275,0.03843049272984007,0.042691723114496115,8.721537370404815e-05,-7.186627102026459e-05,0.9871794871794872,0.6153846153846154,0.55,0.6153846153846154,0.009950248756218905,19.746175086307716,0.1,0.07154204318937366,0.006969878110710044,0.015889673896461738,0.009950248756218905,4.063781641798109,0.06062594452805248,0.006818338858926749,0.015676504971527505,0.009950248756218905,3.4323725705073658,0.08779663009591797,0.06554823943419032,0.008067983298516448,0.006974176916326277,0.7692307692307693,0.07692307692307693,0.08,0.07692307692307693,0.10569406806031452,0.07546280169767826,0.008134560367380844,0.007051595249089093,0.7435897435897436,0.11538461538461539,0.15,0.11538461538461539,0.06656011369994366,-0.30862938916934174,0.03454186373568134,0.009950248756218905,10.86187779933997,0.09747818721359827,0.06944325864269037,-0.28944106292161825,-0.2941619527381447,1.0,0.2564102564102564,0.375,0.2564102564102564,-0.1299773555873245,-0.0029768243500323905,0.0112632341347395,0.009950248756218905,-11.27567177479737,-0.08673546710452999,-0.12391326824364121,0.000519171861037472,0.00038486226771889255,0.01282051282051282,0.0,0.23,0.3974358974358974,-0.12598603925598462,-0.32341162934324175,0.020763067754140687,0.009950248756218905,9.508498089757325,-0.12314035614917997,-0.1259522024206922,-0.3128232688303653,-0.31758781386171964,1.0,0.19230769230769232,0.235,0.19230769230769232,0.2,0.3,0.15322580645161293,False,mix,0.3446305984169781,0.35631204089881285,0.47035629453681693,-0.03761140676825773,0.09453872596563463,0.19891472868217053,0.6,0.15831945121542632,100,78,0.0,3.7689532755955937,0.31559111214740737,0.95,2.6504950523376465,0.39,0.4166666666666667,0.33599999999999997,0.2018607889014664,0.16254240700016118,0.22983870967741937,0.2567873037769128,0.18809921584150552,0.015298387190732208
200,200,,,,,,-0.016051462704767153,nan,-0.009158930501687531,nan,nan,nan,0.035,nan,200,20,,,,,,0.009416963488642209,nan,5.8196567394691076e-05,nan,nan,nan,0.07,nan,,,0.1,,,,,,,,,,,0.037143692093297515,nan,0.007320004429215771,nan,nan,nan,0.005,nan,0.06378592503714105,nan,0.007262164645398198,nan,nan,nan,0.075,nan,,,,,,0.04683694960058973,nan,-0.2801792555726486,nan,nan,nan,0.245,nan,,,,,,0.005573478856506808,nan,-0.0001589990921166901,nan,nan,nan,0.07,nan,,,,,,-0.1553600088490621,nan,-0.30297136107522826,nan,nan,nan,0.095,nan,0.2,nan,1.0,False,noise,0.7325012474728166,nan,0.75527950310559,-0.309651312485085,nan,0.007279693486590036,0.9,nan,100,0,0.0,nan,0.3052983137732388,0.95,2.6496574878692627,0.0,0.4444444444444444,0.0,-0.03216414815957591,nan,9.000000000000002,-0.5866732310847563,nan,
200,200,0.2523466154536189,-0.009870473082978934,0.011444357458119675,0.009950248756218905,22.912346933697417,0.16890603861055323,0.25591473354403405,-0.008141262190732192,-0.00776622115175292,1.0,1.0,0.64,1.0,200,20,0.001769751156331322,0.0001893172662957699,0.0023720386417202402,0.48756218905472637,0.6662766202759326,0.002459132433998401,0.005925238339311309,2.75308610363339e-05,0.00026049269583965936,0.5616438356164384,nan,0.115,0.1643835616438356,0.009950248756218905,2.500012475009797,0.1,-0.11339246226245941,0.008322483079069954,0.016054465356237467,0.009950248756218905,-7.58137643535164,-0.14743483021111292,0.008296284628098161,0.015767315623999963,0.009950248756218905,-9.87683119581184,-0.10138740447209978,-0.1330657045855346,0.007227017698444604,0.008196369786340304,0.136986301369863,0.273972602739726,0.21,0.2876712328767123,-0.08693632382394746,-0.11028962642691334,0.007231376623104077,0.008483919433054554,0.136986301369863,0.1780821917808219,0.125,0.1780821917808219,-0.40273422027369976,-0.30915056793378043,0.02804580882933851,0.009950248756218905,-3.3368141709175942,-0.37581689305013555,-0.3806904573464192,-0.29542062170556865,-0.29402596536998854,0.3287671232876712,0.0547945205479452,0.065,0.0547945205479452,-0.13456067764138957,-0.00437125091377786,0.0122953378805582,0.009950248756218905,-10.588519647181318,-0.09617702125689026,-0.13345716802537963,-0.00028311773644697463,-0.0004240027132145759,0.0136986301369863,0.4657534246575342,0.225,0.4657534246575342,-0.37634815962075147,-0.3277208381938357,0.02014056523669135,0.009950248756218905,-2.4143970565391037,-0.3616334417354529,-0.3768967808398842,-0.3188553617029732,-0.31877188080996044,0.3561643835616438,0.0821917808219178,0.075,0.0821917808219178,0.2,nan,0.0,True,post,-0.2704376775197419,-0.25681432933963255,0.024999999999999998,-0.05815130477674787,0.08386010569116262,0.19999999999999998,0.9,0.022629235317635596,100,73,0.0,-3.062413613994482,0.3211110705150375,0.0,2.6703896522521973,0.365,0.4444444444444444,0.45000000000000007,0.003839026912152284,0.00977754651786317,0.0,0.01455917416705524,0.02315317393905256,0.011007670952420168
200,200,,,,,,0.003241059782363983,nan,-0.008710512564059008,nan,nan,nan,0.04,nan,200,20,,,,,,-0.008479995978863196,nan,0.00011438550614566574,nan,nan,nan,0.1,nan,,,0.1,,,,,,,,,,,-0.04386106216810476,nan,0.008294971132778974,nan,nan,nan,0.075,nan,-0.045928072937759905,nan,0.008317624095474164,nan,nan,nan,0.095,nan,,,,,,-0.3450496720426073,nan,-0.2929047049720472,nan,nan,nan,0.045,nan,,,,,,-0.008682111839866181,nan,-0.0003815684063673231,nan,nan,nan,0.06,nan,,,,,,-0.3443627076987113,nan,-0.3159017516402575,nan,nan,nan,0.065,nan,0.2,nan,0.0,False,err,-0.16815853862135044,nan,0.09499999999999995,-0.2842584348024067,nan,0.010497237569060769,0.9,nan,100,0,0.95,nan,0.3169072680654265,0.0,2.630476236343384,0.0,0.4444444444444444,0.0,-0.020180691403842647,nan,-1.0,-2.6164268937606594,nan,
200,200,0.22720103730924318,-0.010167722947933612,0.014672522802047856,0.009950248756218905,16.177774159456018,0.11812786517182318,0.2289080075514831,-0.009636414566024216,-0.008147365630303232,1.0,0.9512195121951219,0.395,0.9512195121951219,200,20,0.007196858316649391,-0.0004107290976874044,0.0029620969890341953,0.009950248756218905,2.568311382082385,0.009454959450334068,0.007544522229243955,3.5585029428284224e-05,-0.0003763077159812227,0.7317073170731707,0.024390243902439025,0.03,0.024390243902439025,0.009950248756218905,2.687049540989538,0.1,-0.06555806247488014,0.003636014982487239,0.019756106569809233,0.009950248756218905,-3.502414669072779,-0.050974925606090654,0.004373547895356008,0.020711802174691072,0.029850746268656716,-2.6723156696816948,-0.009098549179509476,-0.050585229515894406,0.0076761089414090905,0.004099527519522627,0.21951219512195122,0.0,0.0,0.0,-0.010750610956004228,-0.07410371728180982,0.007781419656194065,0.004519525230220306,0.2926829268292683,0.0975609756097561,0.02,0.0975609756097561,-0.07543070362307938,-0.29871346552390277,0.04278812291026923,0.009950248756218905,5.218335059096896,-0.028759040857974497,-0.08339716612603819,-0.2814595440064005,-0.28496127855718656,1.0,0.0,0.085,0.024390243902439025,-0.11844236569998645,-0.003678897811379119,0.013756716356423018,0.009950248756218905,-8.342359099864835,-0.0663532881917715,-0.12733106459347074,-0.00038462123521950764,-0.0002419596404296898,0.024390243902439025,0.3902439024390244,0.16,0.3902439024390244,-0.18880929100978291,-0.3142569742925652,0.028267745186880102,0.009950248756218905,4.4378383365564105,-0.18568607467839848,-0.2112748845357049,-0.3031152189173497,-0.30753398262867226,0.975609756097561,0.0,0.03,0.0,0.2,0.3,0.007483261126427726,False,mix,0.7378687519024032,0.7359309152952457,0.7553313696612663,-0.1133117906499079,0.07708733180648673,0.14727969348659004,0.9,0.03190713263351559,100,41,0.0,9.546716666010207,0.3048867562818205,0.95,2.6656715869903564,0.205,0.4444444444444444,0.315,0.051782712203175985,0.03529084358991115,0.06734935013784955,0.0800400433596369,0.032958751901884145,0.009295379902092995
200,200,0.09826153908521618,-0.009648532055816403,0.007369965414585698,0.009950248756218905,14.6418694059037,0.06538442085548668,0.10026547176858497,-0.007403303501009625,-0.007975873243788616,0.9607843137254902,0.4411764705882353,0.24,0.4411764705882353,200,20,0.12480434068903237,-0.0002497185229002755,0.003922832470719724,0.009950248756218905,31.878511283228573,0.11115309670717138,0.12215529369091245,-0.00014435343084727063,-0.000464684168823741,1.0,1.0,0.98,1.0,0.009950248756218905,35.12849873948325,0.3,0.2341459644673862,0.013567789555968436,0.015541486002971125,0.009950248756218905,14.192862565076217,0.21684487105277703,0.012776833495062437,0.015953752535961253,0.009950248756218905,12.791224953811644,0.2223736058388038,0.21874113804983059,0.013321997540794047,0.0128958342824121,0.9901960784313726,0.4019607843137255,0.405,0.4019607843137255,0.2395844815755782,0.23103802744898524,0.013307946646940048,0.012775827559854278,0.9705882352941176,0.5098039215686274,0.53,0.5098039215686274,0.2305299571589079,-0.5348794798896529,0.026597878716526656,0.009950248756218905,28.777085766023692,0.2468834066606927,0.23788211624577754,-0.5191232197232,-0.5104255566388143,1.0,0.9901960784313726,0.99,0.9901960784313726,-0.2235728483548637,-0.002337023473212853,0.01218961292616721,0.009950248756218905,-18.14953651141609,-0.18254789878461253,-0.2337713645696428,0.00032358124260504367,0.00014447271323985198,0.0,0.0,0.565,0.8823529411764706,-0.21299557330759133,-0.5581973147010567,0.01686715287954519,0.009950248756218905,20.465916437600203,-0.2190683169898584,-0.19463924456183831,-0.5553779284456543,-0.5462299870495678,1.0,0.8725490196078431,0.865,0.8725490196078431,0.2,nan,1.0,False,noise,0.14256519103772314,0.14116517396240527,0.2714285714285714,-0.0008568685613177456,0.09058491973710364,0.17674418604651163,0.6,0.5492081345847036,100,102,0.0,1.5583738923884471,0.5591656519914081,0.95,2.6559717655181885,0.51,0.24999999999999994,0.0,1.1884305686244994,1.110392338865974,1.4999999999999998,1.6999935956126782,1.2183186448556258,0.07291387185909522
200,200,0.22290149496618383,-0.010301619564550231,0.007442249614302296,0.009950248756218905,31.335029941919192,0.19113321481041334,0.22862263822681111,-0.008075761940469559,-0.008300313934906883,1.0,1.0,0.885,1.0,200,20,-0.0014569218340549665,-0.0003069210782264972,0.0025708436251731487,0.6169154228855721,-0.4473242729042656,-0.00022551787419386736,0.000804971533201872,-0.0002590853665698694,-0.00011372374542530827,0.5075757575757576,nan,0.1,0.09848484848484848,0.7064676616915423,0.4059848270299549,0.3,-0.24341131721252007,0.014509780163549243,0.014311482816986213,0.009950248756218905,-18.021968838331855,-0.2816845360143263,0.013483367062210299,0.013344450833903058,0.009950248756218905,-22.11914950478971,-0.23953662543972112,-0.27674761029980943,0.013754593700813125,0.014301677053361998,0.007575757575757576,0.7575757575757576,0.62,0.7575757575757576,-0.21109234938074448,-0.24223303870601604,0.013544896344792005,0.014021167382829096,0.0,0.6666666666666666,0.525,0.6666666666666666,-0.669374669050359,-0.529027639004724,0.01861400483131891,0.009950248756218905,-7.539862125852405,-0.6547405163235034,-0.6556192843093018,-0.5094293859555267,-0.5040799867720669,0.08333333333333333,0.09848484848484848,0.095,0.09848484848484848,-0.250479283315613,-0.003610260299037792,0.012468287415815954,0.009950248756218905,-19.799753948856154,-0.22246371926701047,-0.25546967102268864,-0.00015457854030471134,-0.0005201447628205991,0.0,0.946969696969697,0.75,0.946969696969697,-0.6353834137847763,-0.5533300712180004,0.011635003291789814,0.009950248756218905,-7.052283570699473,-0.6229796259850088,-0.6231904563092296,-0.5455546788301672,-0.5402237745692707,0.1590909090909091,0.11363636363636363,0.105,0.11363636363636363,0.2,nan,0.0,True,post,-0.12351299371150992,-0.10177901281450154,0.07500000000000002,0.03529265483538456,0.09535636649273858,0.20000000000000004,0.6,0.0035086079397501128,100,132,0.0,-1.0673541427593305,0.5488895996704064,0.0,2.631671667098999,0.66,0.24999999999999994,0.8000000000000003,0.0015531101399137099,-0.007456725198018449,0.0,-0.001179898922422042,0.0035209616136232264,0.01286984868586995
200,200,0.1392973096663142,-0.009170417121340379,0.007621676256543588,0.009950248756218905,19.479668483781104,0.09635409150083701,0.13741598424642534,-0.0072156472951717095,-0.007243894874882888,1.0,0.6857142857142857,0.385,0.6857142857142857,200,20,-0.10946506146529211,-0.00035872786176995464,0.0034389039948542403,0.009950248756218905,-31.727065871875155,-0.10675164167260288,-0.11127178390837654,-0.00011070531682939355,-0.00030656713847311865,0.0,1.0,0.995,1.0,0.009950248756218905,-35.9174045108528,0.3,-0.4676511394343531,0.011431723311235488,0.016761646456711868,0.009950248756218905,-28.582088517036304,-0.3812817215004905,0.012248368863094643,0.016814071671452477,0.009950248756218905,-23.404806285459674,-0.33285883877470257,-0.38243412703992824,0.013271479246100523,0.012806251943337161,0.0,1.0,0.925,1.0,-0.41210953872968376,-0.46856111844339077,0.013198594474040613,0.012416846169306517,0.0,1.0,0.96,1.0,-0.7141388408874358,-0.5258370147550718,0.021802053638920064,0.009950248756218905,-8.636884820225331,-0.6973724963927401,-0.7085413867830022,-0.5096336045783356,-0.502689771962052,0.009523809523809525,0.12380952380952381,0.115,0.12380952380952381,-0.2331157540462515,-0.0037411936677085277,0.013876408598981942,0.009950248756218905,-16.529821727708526,-0.188951328462623,-0.23396560731372745,-0.0006435181417120061,-0.0007849519149522356,0.0,0.8857142857142857,0.615,0.8857142857142857,-0.6897315986766085,-0.5482517857742268,0.013996180710197327,0.009950248756218905,-10.108458573215902,-0.6762748123534885,-0.6849288268146557,-0.5454480526006961,-0.5381767572848107,0.0380952380952381,0.2761904761904762,0.225,0.2761904761904762,0.2,nan,0.0,False,err,0.26292681162663994,0.2953734094411371,0.37999999999999995,-0.005895372135170263,0.07286358756316469,0.1838709677419355,0.6,-4.256079071825268,100,105,0.95,4.053786250712415,0.5489579229281017,0.0,2.6188604831695557,0.525,0.24999999999999994,0.0,-0.9424816870484751,-0.7691834335729884,-1.0,-1.107909794071127,-0.8097441103273334,0.03608533068915195
200,200,0.19677054559604334,-0.007764739488708712,0.0064902820787191605,0.009950248756218905,31.51408252714995,0.1799178347287983,0.19958147659433553,-0.006154063944924914,-0.006070193835039028,1.0,0.9367088607594937,0.835,0.9367088607594937,200,20,0.09490820635685734,-6.035369018355604e-05,0.00302608354205292,0.009950248756218905,31.38332392212481,0.08963175641536933,0.09523699811596775,-0.00032747722328399335,-0.0003807163746623963,1.0,0.930379746835443,0.88,0.930379746835443,0.009950248756218905,34.29285114078767,0.3,0.033948874049917796,0.010540411370129727,0.010587615472739436,0.04975124378109453,2.210928677741301,0.037632645501464085,0.010685849415372015,0.010855859869152057,0.009950248756218905,2.482235070128501,0.03631144635303216,0.032696658959704916,0.010792625838643268,0.01046721922981285,0.6139240506329114,0.056962025316455694,0.065,0.06962025316455696,0.03662637685489781,0.033576949863817034,0.010927331255956452,0.010632054298467386,0.5632911392405063,0.03164556962025317,0.03,0.03164556962025317,-0.03297492094137508,-0.5300812200689096,0.020565102884264642,0.009950248756218905,24.172322497045336,-0.05079740650642795,-0.03786793402593252,-0.510984749860599,-0.5074267150732908,1.0,0.6392405063291139,0.63,0.6392405063291139,-0.25989124430425914,-0.004028209756260528,0.009671725058654383,0.009950248756218905,-26.454746487297463,-0.23875148635282875,-0.26025239635348485,-0.00028704602048766463,-0.00040883167366484083,0.0,0.0,0.82,0.9493670886075949,-0.3609934203627487,-0.5538087681248585,0.013175439704209589,0.009950248756218905,14.634452593325618,-0.3555082341113514,-0.34393279876281546,-0.5462482857199131,-0.5422638527397196,0.9936708860759493,0.36075949367088606,0.35,0.36075949367088606,0.2,0.3,0.3,True,mix,0.010307596261355792,0.00856823440141872,0.1886597938144329,0.08451797376793682,0.12659998078378412,0.24909090909090903,0.6,0.3230360587461496,100,158,0.0,0.06767958690335128,0.5497665589441766,0.7499999999999997,2.6730270385742188,0.79,0.24999999999999994,0.56,0.5115951674498819,0.49267186019648485,0.44999999999999996,0.49818160912439297,0.47718355300849974,0.01980991022245426
200,200,,,,,,-0.019219364045930495,nan,-0.007280953354293918,nan,nan,nan,0.025,nan,200,20,,,,,,0.029068583981661608,nan,4.17117590041814e-05,nan,nan,nan,0.165,nan,,,0.3,,,,,,,,,,,0.08468918896495216,nan,0.013409256106946658,nan,nan,nan,0.015,nan,0.12401319845772049,nan,0.013559481425115268,nan,nan,nan,0.15,nan,,,,,,0.09194831778203864,nan,-0.5026657016738001,nan,nan,nan,0.935,nan,,,,,,-0.01069295445642543,nan,0.00045931483569977083,nan,nan,nan,0.04,nan,,,,,,-0.29830957052655444,nan,-0.5392469696073962,nan,nan,nan,0.525,nan,0.2,nan,1.0,False,noise,0.5296770669025292,nan,0.5560975609756097,-0.21869214744759582,nan,0.021839080459770097,0.9,nan,100,0,0.0,nan,0.5428424080507347,0.95,2.6563425064086914,0.0,0.33333333333333337,0.0,-0.294229825323188,nan,9.000000000000002,-1.5124633631057416,nan,
200,200,0.23448822356905988,-0.008692919834658603,0.0075295732264214175,0.009950248756218905,32.296803027042,0.19240881973697682,0.2381237638156682,-0.007006688014035646,-0.006979779296007945,1.0,1.0,0.87,1.0,200,20,0.0009971340904762437,0.0004926553543550087,0.0025697680043994388,0.8756218905472637,0.19631294928618273,0.0025174027414117854,0.0014511105095318519,0.00021298763389316865,0.00031271357124076004,0.5234375,nan,0.115,0.1015625,0.5373134328358209,0.5621848975078219,0.3,-0.24956489722497469,0.013652348426110907,0.0136283965142738,0.009950248756218905,-19.31388225724789,-0.2925323549577568,0.01291650497206145,0.013660218939834864,0.009950248756218905,-22.36046590854643,-0.2314966369541405,-0.28540091485788455,0.013601230280501102,0.013336353435798552,0.0,0.796875,0.61,0.796875,-0.19950466186468568,-0.24112324262805848,0.013721207720218098,0.01347298611127439,0.0,0.6484375,0.485,0.6484375,-0.6951853034579063,-0.5143378418376572,0.020385858023844326,0.009950248756218905,-8.87122148108015,-0.653779193111176,-0.666621368854817,-0.5024709998749486,-0.4930722309892752,0.0625,0.140625,0.12,0.140625,-0.2481441255837172,-0.0038159597509991837,0.011700054544892513,0.009950248756218905,-20.882651860669593,-0.209950851589385,-0.24493285202224035,-0.00041984302241919165,-0.0005216708582489623,0.0,0.890625,0.695,0.890625,-0.6461975187751908,-0.5390597071400108,0.012742743506703581,0.009950248756218905,-8.407750777562947,-0.6274310301653059,-0.6326192065099145,-0.5391153113439363,-0.5291642700404312,0.09375,0.1796875,0.135,0.1796875,0.2,nan,0.0,True,post,-0.13934695145129655,-0.11529425347006314,0.07500000000000002,0.039942192587703144,0.10747682416768531,0.2000000000000001,0.9,0.006057022939567978,100,128,0.0,-1.0727359536617966,0.5429840561640291,0.0,2.617353916168213,0.64,0.33333333333333337,0.6,0.013778177635510166,0.003861186555827933,0.0,0.01308361407160586,0.006093934037827311,0.01175404146557296
200,200,,,,,,0.019163737069958216,nan,-0.006985747290299733,nan,nan,nan,0.11,nan,200,20,,,,,,-0.030176639873072827,nan,-0.0001235511755190728,nan,nan,nan,0.235,nan,,,0.3,,,,,,,,,,,-0.1037716535124947,nan,0.01288307153203572,nan,nan,nan,0.195,nan,-0.11469297878752772,nan,0.012954025266794435,nan,nan,nan,0.275,nan,,,,,,-0.5917913157242255,nan,-0.5109368808822468,nan,nan,nan,0.065,nan,,,,,,-0.04573098381003406,nan,-0.0001045047924478075,nan,nan,nan,0.1,nan,,,,,,-0.5852894677337617,nan,-0.5474389206275225,nan,nan,nan,0.045,nan,0.2,nan,0.0,False,err,-0.09702403634735932,nan,0.09499999999999995,-0.1909186907940847,nan,0.0314917127071823,0.9,nan,100,0,0.95,nan,0.5511621738673408,0.0,2.6647262573242188,0.0,0.33333333333333337,0.0,-0.3187454930731157,nan,-1.0,-1.574674071289511,nan,
200,200,0.17340222782139159,-0.009548228953842134,0.009051009909100217,0.009950248756218905,20.21326444147137,0.12380151325741892,0.18163070802655623,-0.007328196335957043,-0.0070552849133299145,1.0,0.9506172839506173,0.58,0.9506172839506173,200,20,0.03399943969376035,-0.00036813455051645176,0.0034376639635176186,0.009950248756218905,9.997362918251184,0.02778311809176734,0.03324085550284178,-9.003802609023005e-05,-0.0001238567232610196,0.9382716049382716,0.2345679012345679,0.16,0.2345679012345679,0.009950248756218905,10.998785465892777,0.3,-0.1061320265544016,0.01209715641589355,0.01539309582925346,0.009950248756218905,-7.680663089092742,-0.0870686138414365,0.012417166098628776,0.01568346816824583,0.009950248756218905,-6.3433533237979765,-0.04768683316405592,-0.08738102765436591,0.01266511908167102,0.011656487665327274,0.1111111111111111,0.037037037037037035,0.015,0.037037037037037035,-0.05722489708473454,-0.10319490297206287,0.012744497396640032,0.01198642389953141,0.13580246913580246,0.14814814814814814,0.085,0.14814814814814814,-0.1433359487577591,-0.5137632659233526,0.027363980360385596,0.009950248756218905,13.537040747490021,-0.08954760432678188,-0.1319647448358452,-0.49874095302425175,-0.4940365298887248,1.0,0.0,0.56,0.4567901234567901,-0.22452194011067558,-0.0016830889888461667,0.014495081364879524,0.009950248756218905,-15.373411538508334,-0.15878748575162174,-0.2178887838540371,0.0005480898842905757,0.0006971779960363285,0.0,0.7777777777777778,0.47,0.7777777777777778,-0.38506068594506737,-0.5393261136801296,0.017353229209665443,0.009950248756218905,8.889724549955774,-0.36885126436596494,-0.3666803562317437,-0.533712869651523,-0.5289007352478071,1.0,0.0,0.22,0.18518518518518517,0.2,0.3,0.02211874272409777,False,mix,0.5351304081715916,0.5432290273765967,0.5563803680981595,-0.026868357407035744,0.07857820008518471,0.1618390804597701,0.9,0.15470104539121057,100,81,0.0,6.913228182723649,0.5379688049011758,0.95,2.662621259689331,0.405,0.33333333333333337,0.41999999999999993,0.21540947616767658,0.17315077276833124,0.19906868451687998,0.2244166275576798,0.1830134114655416,0.017371456540816448
