B_null,B_sel,D_agg_med_sel,D_agg_null_mean,D_agg_null_sd,D_agg_p2,D_agg_z,D_mean_all,D_mean_sel,D_null_mean_all,D_null_mean_sel,D_pg_fracpos_sel,D_pg_power_sel,D_pg_rej_all,D_pg_rej_sel,G,K,N_agg_med_sel,N_agg_null_mean,N_agg_null_sd,N_agg_p2,N_agg_z,N_corr_agg_med_sel,N_corr_agg_null_mean,N_corr_agg_null_sd,N_corr_agg_p2,N_corr_agg_z,N_corr_mean_all,N_corr_mean_sel,N_corr_null_mean_all,N_corr_null_mean_sel,N_corr_pg_fracpos_sel,N_corr_pg_power_sel,N_corr_pg_rej_all,N_corr_pg_rej_sel,N_mean_all,N_mean_sel,N_null_mean_all,N_null_mean_sel,N_pg_fracpos_sel,N_pg_power_sel,N_pg_rej_all,N_pg_rej_sel,N_set_p2,N_set_z,Nc_all_z,Nc_set_p2,Nc_set_z,R2rna,S_cross_agg_med_sel,S_cross_agg_null_mean,S_cross_agg_null_sd,S_cross_agg_p2,S_cross_agg_z,S_cross_m_agg_med_sel,S_cross_m_agg_null_mean,S_cross_m_agg_null_sd,S_cross_m_agg_p2,S_cross_m_agg_z,S_cross_m_mean_all,S_cross_m_mean_sel,S_cross_m_null_mean_all,S_cross_m_null_mean_sel,S_cross_m_pg_fracpos_sel,S_cross_m_pg_power_sel,S_cross_m_pg_rej_all,S_cross_m_pg_rej_sel,S_cross_mean_all,S_cross_mean_sel,S_cross_null_mean_all,S_cross_null_mean_sel,S_cross_pg_fracpos_sel,S_cross_pg_power_sel,S_cross_pg_rej_all,S_cross_pg_rej_sel,S_dd_agg_med_sel,S_dd_agg_null_mean,S_dd_agg_null_sd,S_dd_agg_p2,S_dd_agg_z,S_dd_mean_all,S_dd_mean_sel,S_dd_null_mean_all,S_dd_null_mean_sel,S_dd_pg_fracpos_sel,S_dd_pg_power_sel,S_dd_pg_rej_all,S_dd_pg_rej_sel,S_drm_agg_med_sel,S_drm_agg_null_mean,S_drm_agg_null_sd,S_drm_agg_p2,S_drm_agg_z,S_drm_mean_all,S_drm_mean_sel,S_drm_null_mean_all,S_drm_null_mean_sel,S_drm_pg_fracpos_sel,S_drm_pg_power_sel,S_drm_pg_rej_all,S_drm_pg_rej_sel,S_pp_agg_med_sel,S_pp_agg_null_mean,S_pp_agg_null_sd,S_pp_agg_p2,S_pp_agg_z,S_pp_mean_all,S_pp_mean_sel,S_pp_null_mean_all,S_pp_null_mean_sel,S_pp_pg_fracpos_sel,S_pp_pg_power_sel,S_pp_pg_rej_all,S_pp_pg_rej_sel,delta_target,fX,fX_pop,feasible,hyp,incr_m_mean_all,incr_m_mean_sel,incr_m_pop,incr_p_mean_all,incr_p_mean_sel,incr_p_pop,lam,lamhat_noise_sel,n,n_sel,q2,ratio_m_over_p_sel,rho_mean,s2,seconds,sel_rate,sig_u2,t2,theta_pg_median_all,theta_pg_median_sel,theta_pop,theta_set_all,theta_set_sel,theta_set_sel_jkse
60,60,,,,,,0.014701181876950752,nan,-0.00961805003313653,nan,nan,nan,0.05,nan,60,20,,,,,,,,,,,0.061240948301605876,nan,0.00025567651774071476,nan,nan,nan,0.4,nan,0.0340130379374562,nan,0.00015040728914193725,nan,nan,nan,0.38333333333333336,nan,,,,,,0.1,,,,,,,,,,,0.13227642876165088,nan,0.009480015639544377,nan,nan,nan,0.06666666666666667,nan,0.16423061663125074,nan,0.008601264083803855,nan,nan,nan,0.16666666666666666,nan,,,,,,0.16790439028479393,nan,-0.29960478146829583,nan,nan,nan,0.48333333333333334,nan,,,,,,-0.03167562504273703,nan,0.0016414811880415294,nan,nan,nan,0.016666666666666666,nan,,,,,,-0.09734785773674039,nan,-0.32326319539212395,nan,nan,nan,0.2833333333333333,nan,0.2,nan,1.0,False,noise,0.3431899336992037,nan,0.47029702970297016,-0.23433460502412984,nan,0.05891472868217054,0.6,nan,100,0,0.0,nan,0.32551009173319423,0.95,0.3040785789489746,0.0,0.4166666666666667,0.0,-0.047707818502883255,nan,1.4999999999999998,2.313626089531178,nan,
60,60,0.25877825183468317,-0.00451026639668634,0.01866772612738574,0.03278688524590164,14.103941552421787,0.16284198245029874,0.2679982249527409,-0.00807696259171449,-0.003986651683984567,1.0,0.875,0.48333333333333334,0.875,60,20,0.0063773657999759694,0.00034618231880550706,0.0034524809822013315,0.16393442622950818,1.7469128752674592,0.010250431769852172,0.0006180251998588047,0.0062639757176707195,0.16393442622950818,1.5377464732633837,0.001568409971482838,0.011348034577482735,-0.0002054642091591542,-0.0002618731471360892,0.6875,nan,0.03333333333333333,0.0625,0.0007504124046452831,0.007624440850086489,-0.0001680911013828367,-0.00020143572333335434,0.6875,nan,0.05,0.125,0.13114754098360656,2.0232431054357347,0.42186877231666536,0.16393442622950818,1.5464663871659214,0.1,-0.08694635844201332,0.002966093276214432,0.031234092537514253,0.03278688524590164,-2.8786638064595014,-0.09254756953669857,0.0027726566001521893,0.03010126339654329,0.03278688524590164,-3.1666520065277495,-0.08791725483940419,-0.10546935618315254,0.0053603051363693205,0.003825150796750758,0.125,0.1875,0.11666666666666667,0.1875,-0.0761921515797453,-0.08081258493349217,0.0049257542620184305,0.002281951489594867,0.1875,0.0625,0.06666666666666667,0.125,-0.2636205886930715,-0.2873836486387818,0.06497425987239386,0.7213114754098361,0.3657303675642328,-0.36217565590248096,-0.3329286594515608,-0.28429526613685135,-0.27297846182855745,0.3125,0.0,0.05,0.0,-0.1279027787499833,-0.006717225762122588,0.020228120374504988,0.03278688524590164,-5.990944820291309,-0.08753965173988933,-0.12164154889912902,-0.0018641540446299586,-0.004647380869970279,0.0625,0.25,0.15,0.25,-0.3287804431397598,-0.29759602309983013,0.04055537403276715,0.5573770491803278,-0.7689343467518002,-0.3488969235167681,-0.33964551101104956,-0.3048164557231344,-0.29060180207544023,0.25,0.0,0.03333333333333333,0.0,0.2,nan,0.0,True,post,-0.28689904162528657,-0.29041401800708777,0.025,-0.06658925754101257,0.10008929789471482,0.19999999999999998,0.6,0.02766260469863098,100,16,0.0,-2.9015491577588834,0.30610344286105234,0.0,0.2767329216003418,0.26666666666666666,0.4166666666666667,0.48,0.0016594956567919108,0.030856525939148425,0.0,0.004608224447736122,0.028449594587542478,0.016339565822391842
60,60,,,,,,0.012837160529564271,nan,-0.009800329650992838,nan,nan,nan,0.05,nan,60,20,,,,,,,,,,,-0.06898523431828757,nan,0.001355724154702475,nan,nan,nan,0.43333333333333335,nan,-0.03854571951969913,nan,0.0006870288638724368,nan,nan,nan,0.4666666666666667,nan,,,,,,0.1,,,,,,,,,,,-0.1732346471032191,nan,0.011312085136120998,nan,nan,nan,0.25,nan,-0.21683743392719465,nan,0.010496551382645167,nan,nan,nan,0.48333333333333334,nan,,,,,,-0.4805522091444539,nan,-0.28858412276330825,nan,nan,nan,0.06666666666666667,nan,,,,,,-0.015553074721587823,nan,0.0016617090970928623,nan,nan,nan,0.05,nan,,,,,,-0.4317807425915758,nan,-0.3131797036146761,nan,nan,nan,0.13333333333333333,nan,0.2,nan,0.0,False,err,0.22698177185802978,nan,0.37999999999999995,-0.23777183220643644,nan,0.06129032258064514,0.6,nan,100,0,0.95,nan,0.3177716203471696,0.0,0.2977108955383301,0.0,0.4166666666666667,0.0,-0.29607993539620053,nan,-1.0,-3.0026670953383707,nan,
60,60,0.20969035808079123,-0.014218771061055843,0.018371470372302228,0.03278688524590164,12.187871988038372,0.14512444917390727,0.23520103734502085,-0.010400148490815424,-0.012478671652379135,1.0,0.8181818181818182,0.4166666666666667,0.8181818181818182,60,20,0.035441899083183404,-1.827758516642553e-05,0.0031854915401786565,0.03278688524590164,11.131775492089139,0.05179535572788894,-2.1258336809381063e-05,0.005775319671034428,0.03278688524590164,8.972077219484072,0.05916031374196316,0.04978758800553539,-0.00019140152433937826,-0.00011031115226034253,0.9545454545454546,0.4090909090909091,0.36666666666666664,0.4090909090909091,0.036628201966164085,0.03278967640851766,-9.61420087796276e-05,-6.201507770595432e-05,0.9545454545454546,0.45454545454545453,0.43333333333333335,0.45454545454545453,0.03278688524590164,11.802511748476306,16.32309024321674,0.03278688524590164,9.599859481196775,0.1,0.06281358113909592,0.00878405807098938,0.023371270346556464,0.03278688524590164,2.311792310158078,0.04265071645466925,0.008021652677662255,0.020294336771364087,0.13114754098360656,1.7063412401908742,0.09262881460736826,0.04679062630666473,0.007599691265826594,0.008241492926102623,0.6818181818181818,0.0,0.06666666666666667,0.0,0.106216088935567,0.055764738527841785,0.007960156415068182,0.0069404071372088285,0.6818181818181818,0.045454545454545456,0.13333333333333333,0.045454545454545456,0.059662556518117804,-0.2831488034740957,0.05968262148889381,0.03278688524590164,5.743905871330778,0.09228722901297327,0.0616585845062915,-0.2891457476423603,-0.26767690281678913,1.0,0.18181818181818182,0.38333333333333336,0.18181818181818182,-0.10796408930854445,-0.0013361717436661039,0.018698464122390988,0.03278688524590164,-5.702496037174056,-0.08073963588760187,-0.11126976305337387,3.595974756604392e-05,-0.00027031263196057223,0.0,0.0,0.08333333333333333,0.13636363636363635,-0.13285122061673968,-0.2953682059792254,0.034266982058987074,0.03278688524590164,4.742669928679066,-0.13998610020653557,-0.12224659018343463,-0.31176262335417515,-0.28878229356510393,1.0,0.13636363636363635,0.13333333333333333,0.13636363636363635,0.2,0.3,0.15322580645161293,False,mix,0.30350618593461665,0.3499859564752066,0.47035629453681693,-0.0452433659632836,0.09403706125795953,0.19891472868217053,0.6,0.12235377841738636,100,22,0.0,3.721787471804718,0.31372725233193194,0.95,0.2938699722290039,0.36666666666666664,0.4166666666666667,0.33599999999999997,0.24367409273379217,0.14827467971300579,0.22983870967741937,0.25239166918229844,0.1394112746212844,0.025189201460282817
60,60,,,,,,-0.006541168009619936,nan,-0.00844101065498166,nan,nan,nan,0.016666666666666666,nan,60,20,,,,,,,,,,,0.01659904333071159,nan,-0.0008888803925271702,nan,nan,nan,0.1,nan,0.009363501188487867,nan,-0.00045609198051885203,nan,nan,nan,0.06666666666666667,nan,,,,,,0.1,,,,,,,,,,,0.0355530041942353,nan,0.0032444915945818074,nan,nan,nan,0.0,nan,0.0530755923533286,nan,0.004562694315995942,nan,nan,nan,0.05,nan,,,,,,0.0272257817225343,nan,-0.3124545210538997,nan,nan,nan,0.16666666666666666,nan,,,,,,-0.003630064117744926,nan,-0.002916966441338807,nan,nan,nan,0.0,nan,,,,,,-0.19371737832761587,nan,-0.33435475051037183,nan,nan,nan,0.06666666666666667,nan,0.2,nan,1.0,False,noise,0.7070173978482219,nan,0.75527950310559,-0.28638141708553444,nan,0.007279693486590036,0.9,nan,100,0,0.0,nan,0.3354172054326616,0.95,0.2927522659301758,0.0,0.4444444444444444,0.0,-0.004344561366266619,nan,9.000000000000002,-1.4314723570342782,nan,
60,60,0.2674562753162,-0.011704635960581463,0.02000943152528505,0.03278688524590164,13.951466382743881,0.178877270051505,0.2731349720149758,-0.009101202438785386,-0.007723130467841569,1.0,0.875,0.5166666666666667,0.875,60,20,-0.0010782306767850149,-0.00018172420368402236,0.0036876408098570884,0.7868852459016393,-0.24311111604511848,-0.0016620989369220851,-0.0002259779912880793,0.006822837950299917,0.819672131147541,-0.21048733032863395,-0.0023590986965526983,-0.006689536640915328,-0.00024214127562701383,0.00023840578917337874,0.4166666666666667,nan,0.03333333333333333,0.041666666666666664,-0.0015723870079095952,-0.004665377494616435,-0.0001141584593745208,0.00021068441522577828,0.375,nan,0.05,0.041666666666666664,0.22950819672131148,-1.3849791205730961,-0.46269945757045733,0.29508196721311475,-1.1019793814492627,0.1,-0.12414066030208384,0.004629480227409069,0.029335912882421683,0.03278688524590164,-4.389505144810528,-0.17735400811507385,0.0032061347756715554,0.03147561558826598,0.03278688524590164,-5.736508707150471,-0.12978605571218113,-0.19853995934239177,0.006280683647952079,0.006458797101898398,0.041666666666666664,0.375,0.23333333333333334,0.375,-0.10274056984947202,-0.1488924412165296,0.0063213923791231395,0.0056753426797571515,0.041666666666666664,0.2916666666666667,0.15,0.2916666666666667,-0.42713778253936596,-0.28246351409650944,0.05094347786270293,0.03278688524590164,-2.8398977555071183,-0.3666963879453278,-0.4208205073757851,-0.27791852072337825,-0.266184844407528,0.125,0.08333333333333333,0.03333333333333333,0.08333333333333333,-0.12083619164491527,-0.003405194353295071,0.018944327502934753,0.03278688524590164,-6.19874193302611,-0.10351857199398722,-0.12856773473972766,-0.0015454595188884685,-0.0016891657846467018,0.0,0.2916666666666667,0.18333333333333332,0.2916666666666667,-0.4120159716387839,-0.29718258963913846,0.03653419495371398,0.03278688524590164,-3.1431753769855155,-0.34935584695113114,-0.3862583973452145,-0.29980824635272296,-0.2878908959917209,0.20833333333333334,0.125,0.05,0.125,0.2,nan,0.0,True,post,-0.24941950666309587,-0.22081121064902517,0.024999999999999998,-0.04009328661728272,0.11237022826213934,0.19999999999999998,0.9,-0.017377675497858427,100,24,0.0,-1.9650330346745644,0.3027700940861229,0.0,0.29399991035461426,0.4,0.4444444444444444,0.45000000000000007,-0.010306655848929586,-0.0038985299880956938,0.0,-0.008790311968965372,-0.017080850028829836,0.01441347992482504
60,60,,,,,,-0.005818211957145575,nan,-0.00663675788022984,nan,nan,nan,0.0,nan,60,20,,,,,,,,,,,-0.022560139014572277,nan,-0.0008083879936001911,nan,nan,nan,0.08333333333333333,nan,-0.01248444669143259,nan,-0.0004211550685751149,nan,nan,nan,0.08333333333333333,nan,,,,,,0.1,,,,,,,,,,,-0.0517855679761945,nan,0.002310763531504944,nan,nan,nan,0.03333333333333333,nan,-0.06486399920413989,nan,0.002542632203930164,nan,nan,nan,0.03333333333333333,nan,,,,,,-0.33618828785767757,nan,-0.2791962687871818,nan,nan,nan,0.016666666666666666,nan,,,,,,-0.013560358308106446,nan,-0.0037945500065326896,nan,nan,nan,0.03333333333333333,nan,,,,,,-0.3299358074823603,nan,-0.3005712257750779,nan,nan,nan,0.016666666666666666,nan,0.2,nan,0.0,False,err,-0.16852066997977813,nan,0.09499999999999995,-0.3033171600208893,nan,0.010497237569060769,0.9,nan,100,0,0.95,nan,0.3025385751360766,0.0,0.2765355110168457,0.0,0.4444444444444444,0.0,0.08159900606354181,nan,-1.0,2.1457531598002286,nan,
60,60,,,,,,0.125438401881539,nan,-0.007517574857920848,nan,nan,nan,0.3333333333333333,nan,60,20,,,,,,,,,,,0.013854379561494396,nan,0.0008876151533879819,nan,nan,nan,0.05,nan,0.008402444779099698,nan,0.0005097551834216781,nan,nan,nan,0.06666666666666667,nan,,,,,,0.1,,,,,,,,,,,-0.02174728362160873,nan,0.009300412829424924,nan,nan,nan,0.0,nan,-0.029675479253175808,nan,0.008953919556538972,nan,nan,nan,0.0,nan,,,,,,-0.044314163475675586,nan,-0.2842168078720924,nan,nan,nan,0.05,nan,,,,,,-0.07328238912684054,nan,-0.00035417297067966835,nan,nan,nan,0.08333333333333333,nan,,,,,,-0.20073650071169183,nan,-0.30905021790285564,nan,nan,nan,0.05,nan,0.2,0.3,0.007483261126427726,False,mix,0.7326343653703038,nan,0.7553313696612663,-0.10984033953120459,nan,0.14727969348659004,0.9,nan,100,0,0.0,nan,0.3146914241409378,0.95,0.2760128974914551,0.0,0.4444444444444444,0.315,0.03241906005073131,nan,0.06734935013784955,0.06698462873462596,nan,
60,60,0.11341856494408278,-0.010265137939965013,0.01163738654088025,0.03278688524590164,10.628133940463256,0.07590904741698683,0.10449160493730617,-0.00814487640710272,-0.007522607428793637,1.0,0.22580645161290322,0.15,0.22580645161290322,60,20,0.12153582238852509,0.001061792187009529,0.006803370875711844,0.03278688524590164,17.70799099221564,0.21878568934869075,0.002200522688741389,0.013854782688255192,0.03278688524590164,15.632519940418682,0.20636231320583528,0.23651185319074555,0.0012891627356606014,0.0013465067842349738,1.0,0.967741935483871,0.9333333333333333,0.967741935483871,0.11006983846272413,0.12784975887843114,0.0005908198515842406,0.0006533577081509339,1.0,1.0,0.95,1.0,0.03278688524590164,22.489561461773096,25.666461924102173,0.03278688524590164,19.81991254308424,0.3,0.26211693280554066,0.015699699216031263,0.02672016386905065,0.03278688524590164,9.222145297757947,0.2574122399811861,0.01970982433419772,0.024398825233560194,0.03278688524590164,9.742371338038447,0.234208008781456,0.23946449509765116,0.01702685462847424,0.01828238814928226,1.0,0.3870967741935484,0.4,0.3870967741935484,0.2491797026074894,0.25460973532349696,0.016542508013331472,0.016394847715297593,1.0,0.45161290322580644,0.4666666666666667,0.45161290322580644,0.2752649650894565,-0.5170245831953372,0.04391422586831718,0.03278688524590164,18.041751450715324,0.26730120944902314,0.265934620448966,-0.48329775015757076,-0.49209907739658304,1.0,0.967741935483871,0.9666666666666667,0.967741935483871,-0.22979200960719143,-0.002753576940005419,0.022742432230384628,0.03278688524590164,-9.983032173395785,-0.17640272967758305,-0.2207803305995138,0.0012117195236447296,-0.0001953622023938761,0.0,0.0,0.2833333333333333,0.4838709677419355,-0.1854985712259788,-0.5424823426600711,0.02974018918507246,0.03278688524590164,12.003412930583183,-0.17953197802527104,-0.17952977206356482,-0.5215617898031181,-0.5300666372152133,1.0,0.8064516129032258,0.8,0.8064516129032258,0.2,nan,1.0,False,noise,0.12273001177181662,0.11611983001893415,0.2714285714285714,0.0011553195808849874,0.08760995022259184,0.17674418604651163,0.6,0.5502668865274665,100,31,0.0,1.3254182855247247,0.5270833602954235,0.95,0.27823519706726074,0.5166666666666667,0.24999999999999994,0.0,1.1018645786696095,1.0786896419171754,1.4999999999999998,1.4500226548501363,1.223540962502582,0.12645286501145814
60,60,0.1994202248062396,-0.008807654720903798,0.011229183117698332,0.03278688524590164,18.54345746489891,0.1834250276247911,0.21405509779845913,-0.006734543536270158,-0.00714089137820805,1.0,0.95,0.8333333333333334,0.95,60,20,0.008190512174525818,7.094791355496781e-05,0.00487074803372659,0.09836065573770492,1.667005602236336,0.013868850666692328,0.00010873963123945975,0.01014012077191347,0.22950819672131148,1.3569967600592294,0.013411720251932864,0.01933291847838063,-0.0006618360738572923,0.00012739583337500693,0.625,nan,0.08333333333333333,0.1,0.007642920307316603,0.010886274085886822,-0.0004159118665087633,-5.7839541480677604e-05,0.6,nan,0.1,0.125,0.03278688524590164,2.749655214043523,2.1312254563879414,0.09836065573770492,2.3174965943813963,0.3,-0.20308907083665428,0.012244387932951243,0.021120676410484974,0.03278688524590164,-10.195386481680663,-0.24177251069634303,0.011278647793674847,0.022592570481664624,0.03278688524590164,-11.200636009266193,-0.2133618729650966,-0.23631073650720963,0.011834929965364496,0.013553101797213708,0.025,0.525,0.4,0.525,-0.1894368019624382,-0.20928414257167322,0.01228940025482653,0.013320141861035882,0.025,0.3,0.23333333333333334,0.3,-0.658687245782619,-0.5267621928515503,0.029524626336678638,0.03278688524590164,-4.468305590804682,-0.6633277799544144,-0.6488659952508392,-0.5137119341977958,-0.5014031250293435,0.1,0.05,0.08333333333333333,0.05,-0.23045017037678966,-0.006464119742646048,0.01709677374682345,0.03278688524590164,-13.101071227702173,-0.206795392875807,-0.23822871580316285,-0.0010866791314262728,-0.00129314044550776,0.0,0.75,0.5833333333333334,0.75,-0.631352643441175,-0.5526640036081784,0.019591521570277628,0.03278688524590164,-4.016463935519896,-0.6418991993688645,-0.629229656527481,-0.5506249756537468,-0.5389386809332588,0.125,0.05,0.08333333333333333,0.05,0.2,nan,0.0,True,post,-0.15673887086291155,-0.1375893517000685,0.07500000000000002,0.0312635654370542,0.08499937465568888,0.20000000000000004,0.6,0.04839605091180834,100,40,0.0,-1.6187101641324824,0.5559269811267028,0.0,0.2781839370727539,0.6666666666666666,0.24999999999999994,0.8000000000000003,0.029328573881958534,0.03450729625513292,0.0,0.04166781603517454,0.05085734559863954,0.02875083315699958
60,60,0.14842343536319164,-0.012228400435319703,0.014819531248804134,0.03278688524590164,10.840547726543956,0.09475798623118403,0.14963920197121416,-0.008697457473119091,-0.00933998500440306,1.0,0.625,0.31666666666666665,0.625,60,20,-0.10957910811604707,-0.0010968989519096878,0.006037758814611417,0.03278688524590164,-17.967297548163465,-0.1916926737624456,-0.0021983837152438775,0.012180079049037135,0.03278688524590164,-15.557722513026215,-0.1950079477974184,-0.1983777721422336,-0.0015840722179467188,-0.001238953486247492,0.0,1.0,0.95,1.0,-0.10607204444637275,-0.11143815381058342,-0.0008436013922733298,-0.0005866852676428484,0.0,1.0,0.9666666666666667,1.0,0.03278688524590164,-19.78139684749081,-27.730403372381605,0.03278688524590164,-17.17944361391723,0.3,-0.48127179425019695,0.012657612030361252,0.030269280134351886,0.03278688524590164,-16.31784449685976,-0.3887089397048408,0.013574948062197278,0.02813271006728343,0.03278688524590164,-14.299507114338386,-0.3318814738280193,-0.3899509576469609,0.010880720786371829,0.012732544786862001,0.0,1.0,0.8666666666666667,1.0,-0.4136062185462064,-0.47879267265925457,0.011116940438188358,0.012450486385439977,0.0,1.0,0.95,1.0,-0.7045898909009435,-0.502278527985947,0.046158135277217294,0.03278688524590164,-4.383005545946962,-0.6822743150848594,-0.7011815270839824,-0.4911884733840523,-0.48487953631395386,0.0,0.16666666666666666,0.06666666666666667,0.16666666666666666,-0.21475826555084193,-0.004483402254263321,0.022988086281104644,0.03278688524590164,-9.147123458478996,-0.17865674619421668,-0.22210189891790919,-0.0012022025037647524,-0.0005675836805053186,0.0,0.625,0.45,0.625,-0.6806894789258993,-0.5315354000127328,0.025442178482395668,0.03278688524590164,-5.862472783551492,-0.6599499871731322,-0.6779631495131936,-0.5259925261853755,-0.5197303430554114,0.0,0.3333333333333333,0.18333333333333332,0.3333333333333333,0.2,nan,0.0,False,err,0.28314909321758563,0.2974493144648475,0.37999999999999995,-0.004292740867258171,0.09227135274086305,0.1838709677419355,0.6,-2.917149114390777,100,24,0.95,3.2236366502636074,0.5286135243196209,0.0,0.2923412322998047,0.4,0.24999999999999994,0.0,-1.234278756842351,-0.71731694143913,-1.0,-1.1193995215093053,-0.7447122969288528,0.07690993948374
60,60,0.21635323989764735,-0.008864785574937997,0.009487922176399243,0.03278688524590164,23.737339036050187,0.2121593050657813,0.21893837339769753,-0.006983428272079104,-0.007151857105539672,1.0,0.9642857142857143,0.9333333333333333,0.9642857142857143,60,20,0.0964977017522238,-0.000893575027766055,0.0045120022217669704,0.03278688524590164,21.584935461371508,0.15751251177642758,-0.0016682384809440667,0.009300856148221993,0.03278688524590164,17.114634148028077,0.14858148385710418,0.14915069658615895,-0.0004947650641101028,-0.000981836385517524,1.0,0.6785714285714286,0.6666666666666666,0.6785714285714286,0.08960558212932934,0.09036728569547828,-0.00022301879404998805,-0.0004571750322432595,1.0,0.8035714285714286,0.7833333333333333,0.8035714285714286,0.03278688524590164,24.822403987536937,19.673242020443155,0.03278688524590164,20.128937016936685,0.3,0.0002390932907192654,0.011858956090988882,0.01908715145857232,0.4918032786885246,-0.6087793050147452,-0.0016903985923148108,0.0103100049716586,0.018300019624146183,0.5245901639344263,-0.6557590543500607,0.003837000974414935,-0.0007743139659207707,0.010953882141014136,0.010560225656288006,0.48214285714285715,0.0,0.03333333333333333,0.03571428571428571,0.002864049100616756,-0.0018278608935778096,0.0122226301159728,0.011573372731374943,0.44642857142857145,0.0,0.0,0.0,-0.07070424441617451,-0.5264350726902928,0.028763828143129003,0.03278688524590164,15.843886494890551,-0.06752479825698322,-0.07236658619255897,-0.5032977462093726,-0.5039641785686523,1.0,0.4642857142857143,0.48333333333333334,0.4642857142857143,-0.2654344971324309,-0.003180483448104388,0.014917324215029042,0.03278688524590164,-17.58049968522692,-0.2676236759923794,-0.27284149471773045,-0.0005187859120280847,-0.00042822893600528907,0.0,0.0,0.9,0.9285714285714286,-0.35567110032057303,-0.5507590743311639,0.018365072671218764,0.03278688524590164,10.62277168691549,-0.3569519342941137,-0.35694551741465425,-0.5393921315542594,-0.5389908685038435,1.0,0.21428571428571427,0.2,0.21428571428571427,0.2,0.3,0.3,True,mix,0.018427578863371107,0.017048117405412292,0.1886597938144329,0.13520502164307077,0.14768395057350822,0.24909090909090903,0.6,0.2921617598605135,100,56,0.0,0.11543649353371517,0.5437093157334584,0.7499999999999997,0.2960047721862793,0.9333333333333333,0.24999999999999994,0.56,0.4507593775597206,0.43654596537680324,0.44999999999999996,0.422350469622563,0.412752156203005,0.027022603188042664
60,60,,,,,,-0.013957794460266647,nan,-0.007496654057331274,nan,nan,nan,0.05,nan,60,20,,,,,,,,,,,0.06148918156498004,nan,-0.00038129063120805463,nan,nan,nan,0.13333333333333333,nan,0.028763167863383468,nan,-0.0001783903454039088,nan,nan,nan,0.1,nan,,,,,,0.3,,,,,,,,,,,0.08199144081871722,nan,0.013910966282154744,nan,nan,nan,0.016666666666666666,nan,0.11765578161076524,nan,0.013228803326460212,nan,nan,nan,0.13333333333333333,nan,,,,,,0.07832661869260356,nan,-0.5136110509072527,nan,nan,nan,0.7833333333333333,nan,,,,,,-0.01704303595607145,nan,0.00017492336398745317,nan,nan,nan,0.08333333333333333,nan,,,,,,-0.3198835969139083,nan,-0.5477174733764516,nan,nan,nan,0.4166666666666667,nan,0.2,nan,1.0,False,noise,0.5248127756454342,nan,0.5560975609756097,-0.2074575598313335,nan,0.021839080459770097,0.9,nan,100,0,0.0,nan,0.5526507663250017,0.95,0.27668213844299316,0.0,0.33333333333333337,0.0,-0.542132710815873,nan,9.000000000000002,-2.060724417834276,nan,
60,60,0.22641513799124535,-0.006716302846432912,0.010818586996457066,0.03278688524590164,21.549158027058095,0.18771819819926822,0.23349476430972277,-0.005379902693772006,-0.006146653421618131,1.0,0.9705882352941176,0.8166666666666667,0.9705882352941176,60,20,0.0018907026809064208,-0.0007462360251684927,0.005930706210289264,0.6557377049180327,0.4446247398084611,0.0033938079115019013,-0.0016552141471023942,0.012077046327528014,0.6557377049180327,0.4180676235941611,0.008706485832012062,0.011565830145411512,-0.0005797081112913933,-0.0007070022876775355,0.5294117647058824,nan,0.016666666666666666,0.0,0.004294033617456493,0.005856973047049912,-0.0002902262954367811,-0.00044229827844797067,0.5294117647058824,nan,0.05,0.058823529411764705,0.19672131147540983,1.4354898730245054,1.186475991102304,0.22950819672131148,1.3428931055164355,0.3,-0.2424547723993363,0.011321755852595884,0.022805873042949818,0.03278688524590164,-11.127683108770823,-0.3111385141149645,0.01263353059369854,0.023596001293667096,0.03278688524590164,-13.721479358531752,-0.2334155995510899,-0.28393007783319685,0.01047159058236736,0.011613053459119038,0.0,0.6176470588235294,0.4666666666666667,0.6176470588235294,-0.19552224297332968,-0.23290358501364605,0.010206510830841082,0.010112985071490593,0.0,0.4117647058823529,0.35,0.4117647058823529,-0.6709423961408671,-0.526439583628017,0.034026507193806496,0.03278688524590164,-4.2467718383656425,-0.6518826640938222,-0.659064849128863,-0.5120514759736546,-0.5028878124426877,0.11764705882352941,0.029411764705882353,0.03333333333333333,0.029411764705882353,-0.24392594411832533,-0.005630846123675565,0.018549464926335118,0.03278688524590164,-12.846467481845801,-0.2128939016913092,-0.24427301879102903,-0.001469541050331682,-0.0004726987214584713,0.0,0.7941176470588235,0.6166666666666667,0.7941176470588235,-0.6360300639869966,-0.5518571012116531,0.022510726394526552,0.03278688524590164,-3.739237965775763,-0.6329899732038236,-0.6339286641097414,-0.548159640204182,-0.539903249047265,0.11764705882352941,0.08823529411764706,0.06666666666666667,0.08823529411764706,0.2,nan,0.0,True,post,-0.12394442549598271,-0.10648587739169271,0.07500000000000002,0.028754144234367753,0.09855751297901148,0.2000000000000001,0.9,0.024470150548018085,100,34,0.0,-1.0804440389477932,0.551898943561971,0.0,0.29515838623046875,0.5666666666666667,0.33333333333333337,0.6,0.02324013312564955,0.007934692164126391,0.0,0.022874892571141423,0.02508395879609891,0.025913427397898366
60,60,,,,,,0.03706556927308139,nan,-0.006453181616198172,nan,nan,nan,0.11666666666666667,nan,60,20,,,,,,,,,,,-0.06378434157355828,nan,0.0003038432723172818,nan,nan,nan,0.11666666666666667,nan,-0.03198713729578762,nan,0.00015548254383005916,nan,nan,nan,0.13333333333333333,nan,,,,,,0.3,,,,,,,,,,,-0.12105825080546079,nan,0.012667293144555478,nan,nan,nan,0.16666666666666666,nan,-0.13566371285526085,nan,0.012048533134165675,nan,nan,nan,0.18333333333333332,nan,,,,,,-0.5910802902059729,nan,-0.49223365362079435,nan,nan,nan,0.03333333333333333,nan,,,,,,-0.05953528789230779,nan,-0.0009099176937296157,nan,nan,nan,0.05,nan,,,,,,-0.5808123956613583,nan,-0.5277844237783769,nan,nan,nan,0.03333333333333333,nan,0.2,nan,0.0,False,err,-0.09979190618784148,nan,0.09499999999999995,-0.17853973326518693,nan,0.0314917127071823,0.9,nan,100,0,0.95,nan,0.5338122715062757,0.0,0.27640318870544434,0.0,0.33333333333333337,0.0,-0.14967398265817428,nan,-1.0,-0.8629878866859345,nan,
60,60,0.19123756042221002,-0.010157365049094508,0.01119476059358797,0.03278688524590164,17.990105618575488,0.12401839726706906,0.18547622439235364,-0.007256152116301609,-0.00695687676804451,1.0,0.7857142857142857,0.43333333333333335,0.7857142857142857,60,20,0.033928354081407604,-0.0013098441154713138,0.006302610261472573,0.03278688524590164,5.5910482687937355,0.057752667984004594,-0.0027478717986522986,0.012784769647499623,0.03278688524590164,4.7322354212112865,0.049287268043027646,0.05905610964442024,-0.0014469226476298384,-0.0015846878648336396,0.9285714285714286,0.07142857142857142,0.03333333333333333,0.07142857142857142,0.027059752635738364,0.03373682345834552,-0.0007498503692626645,-0.0008040407943718358,0.9285714285714286,0.14285714285714285,0.06666666666666667,0.14285714285714285,0.03278688524590164,6.6082573833567295,6.323333906779421,0.03278688524590164,5.658013477157249,0.3,-0.08462892266208655,0.008044629201145684,0.02755606882765731,0.03278688524590164,-3.363090448041526,-0.07508005779981737,0.005749527875419514,0.027987312545344915,0.03278688524590164,-2.888079573249096,-0.042019709379690844,-0.07928808451067577,0.010502180205235518,0.008274939361464468,0.14285714285714285,0.03571428571428571,0.016666666666666666,0.03571428571428571,-0.05641092843653658,-0.0931266235428414,0.011005200558833621,0.008586594749249356,0.14285714285714285,0.07142857142857142,0.03333333333333333,0.07142857142857142,-0.10992519549089332,-0.5019696202480229,0.03736219141117199,0.03278688524590164,10.493078964030145,-0.08582753797462116,-0.13436164969903558,-0.5035002583117267,-0.4794329330585124,1.0,0.0,0.3333333333333333,0.14285714285714285,-0.2276209444990146,-0.005819148996162695,0.018622449351481038,0.03278688524590164,-11.910452341936514,-0.17108412759168987,-0.22294412135506878,0.0002502812762089151,-0.0017973317243577271,0.0,0.75,0.45,0.75,-0.37213201119629946,-0.5252884522075614,0.02629900467979277,0.03278688524590164,5.823659217153502,-0.3705611907213697,-0.3562297961706485,-0.540024895510061,-0.5152435214691913,1.0,0.0,0.16666666666666666,0.07142857142857142,0.2,0.3,0.02211874272409777,False,mix,0.5228004662079087,0.5401068167633839,0.5563803680981595,-0.00977934322590451,0.09287712978215881,0.1618390804597701,0.9,0.1538997052827023,100,28,0.0,5.81528324604983,0.5462801374575703,0.95,0.2774844169616699,0.4666666666666667,0.33333333333333337,0.41999999999999993,0.20780437154101006,0.20780437154101006,0.19906868451687998,0.21819143959316117,0.18189298153373634,0.027233610596247626
