set_id	n_selected	n_changed_since_2012	frac_2012	n_changed_since_2014	frac_2014	n_changed_since_2016	frac_2016	n_changed_since_2018	frac_2018	n_changed_since_2020	frac_2020
pub_k1	5189	289	0.0557	173	0.0333	118	0.0227	20	0.0039	0	0.0
pub_k2	2403	123	0.0512	80	0.0333	58	0.0241	11	0.0046	0	0.0
pub_k3	777	42	0.0541	28	0.036	15	0.0193	3	0.0039	0	0.0
pub_k4	170	10	0.0588	8	0.0471	4	0.0235	1	0.0059	0	0.0
op_k1	2314	100	0.0432	65	0.0281	42	0.0182	6	0.0026	0	0.0
op_k2	462	19	0.0411	13	0.0281	9	0.0195	0	0.0	0	0.0
plex_k1	3873	194	0.0501	117	0.0302	77	0.0199	15	0.0039	0	0.0
plex_k2	1191	45	0.0378	32	0.0269	20	0.0168	3	0.0025	0	0.0
phi_k2	2119	110	0.0519	65	0.0307	43	0.0203	5	0.0024	0	0.0
phi_k3	647	34	0.0526	17	0.0263	10	0.0155	0	0.0	0	0.0
phi_k4	97	6	0.0619	3	0.0309	1	0.0103	0	0.0	0	0.0
universe_common(8309)	8309	506	0.0609	303	0.0365	204	0.0246	34	0.0041	0	0.0
