arm,role,set,matrix_sha256,n_cases,n_slides,n_matrix_genes,arm_status,dx_gate,arm_label,n_set_file_selected,n_set_file_universe,n_selected,n_background,universe,coverage_selected,coverage_universe,auc_obs,auc_null_mean,auc_null_sd,margin,z_auc,p_auc,rho_obs,rho_null_mean,rho_null_sd,p_rho,median_incr_selected,median_incr_background,frac_negative_incr_universe,p_auc_holm_secondary
ts,PRIMARY,pub_k3,6b19d26298a0cb4475629ef6e9c680dc150179ad7b9dc8cb792fb087a4a3fb53,102,189,10031,main,,ts,777,8309,766,7307,8073,0.9858,0.9716,0.4733032561859028,0.4979679046273808,0.027468378887460686,-0.024664648441477977,-0.8979287981475087,0.8191808191808192,0.08773051895975087,0.1120065549818617,0.038441172060406294,0.7412587412587412,-0.3930528159598575,-0.3819844929078292,0.9879846401585533,
ts,S1,pub_k4,6b19d26298a0cb4475629ef6e9c680dc150179ad7b9dc8cb792fb087a4a3fb53,102,189,10031,main,,ts,170,8309,167,7906,8073,0.9824,0.9716,0.45857235693045983,0.4916163945824516,0.03904548765408387,-0.033044037651991764,-0.8462959393602453,0.7892107892107892,0.08773051895975087,0.1120065549818617,0.038441172060406294,0.7412587412587412,-0.3919769401596036,-0.38336580258674097,0.9879846401585533,1.0
ts,S2,pub_k2,6b19d26298a0cb4475629ef6e9c680dc150179ad7b9dc8cb792fb087a4a3fb53,102,189,10031,main,,ts,2403,8309,2357,5716,8073,0.9809,0.9716,0.5001932810059401,0.5046871791453654,0.019523142826226084,-0.004493898139425356,-0.23018313083222205,0.5924075924075924,0.08773051895975087,0.1120065549818617,0.038441172060406294,0.7412587412587412,-0.38541734625645674,-0.38315136809621003,0.9879846401585533,1.0
ts,S3,op_k2,6b19d26298a0cb4475629ef6e9c680dc150179ad7b9dc8cb792fb087a4a3fb53,102,189,10031,main,,ts,462,8309,458,7615,8073,0.9913,0.9716,0.5199001052278456,0.5088526225244935,0.027523719581874717,0.011047482703352096,0.4013804409861533,0.3436563436563437,0.1415116283625844,0.1594208958299162,0.03311129857263338,0.7202797202797203,-0.3715266719569552,-0.38467011056118205,0.9879846401585533,1.0
ts,S4,phi_k3,6b19d26298a0cb4475629ef6e9c680dc150179ad7b9dc8cb792fb087a4a3fb53,102,189,10031,main,,ts,647,8309,638,7435,8073,0.9861,0.9716,0.4900095498500062,0.4996380189436981,0.029682434175214167,-0.00962846909369186,-0.32438273211878144,0.6243756243756243,0.09989926207558912,0.11414334505622312,0.03900983566670606,0.6513486513486514,-0.3892473273334566,-0.38317986599448606,0.9879846401585533,1.0
dx,PRIMARY,pub_k3,56e88735de6ade129f2e381c0ee97869bceceef73243f193392c59d87570d92f,102,107,10031,main,exact,DX re-run (reproduces published),777,8309,766,7307,8073,0.9858,0.9716,0.5171881750072627,0.4979892827829532,0.026957372964251474,0.019198892224309483,0.7121944801434986,0.23376623376623376,0.1375199421654094,0.11310377712139558,0.03842163442832138,0.26873126873126874,-0.29827498358595433,-0.30548770090084376,0.9902142945621206,
dx,S1,pub_k4,56e88735de6ade129f2e381c0ee97869bceceef73243f193392c59d87570d92f,102,107,10031,main,exact,DX re-run (reproduces published),170,8309,167,7906,8073,0.9824,0.9716,0.515682775607399,0.49142259498205715,0.03869838747748687,0.0242601806253418,0.626904173706343,0.26673326673326675,0.1375199421654094,0.11310377712139558,0.03842163442832138,0.26873126873126874,-0.3003472410000966,-0.3046941436024218,0.9902142945621206,1.0
dx,S2,pub_k2,56e88735de6ade129f2e381c0ee97869bceceef73243f193392c59d87570d92f,102,107,10031,main,exact,DX re-run (reproduces published),2403,8309,2357,5716,8073,0.9809,0.9716,0.5177694570288226,0.5049041386332509,0.019180924302447354,0.012865318395571701,0.6707350590988035,0.25074925074925075,0.1375199421654094,0.11310377712139558,0.03842163442832138,0.26873126873126874,-0.2969548466980554,-0.3080936250680321,0.9902142945621206,1.0
dx,S3,op_k2,56e88735de6ade129f2e381c0ee97869bceceef73243f193392c59d87570d92f,102,107,10031,main,exact,DX re-run (reproduces published),462,8309,458,7615,8073,0.9913,0.9716,0.49073794252323183,0.5108243420392411,0.027418317759238368,-0.020086399516009268,-0.7325905145745613,0.7552447552447552,0.1545000431139385,0.1613975407956367,0.03353192904336645,0.6103896103896104,-0.30439432501680713,-0.3046707240016202,0.9902142945621206,1.0
dx,S4,phi_k3,56e88735de6ade129f2e381c0ee97869bceceef73243f193392c59d87570d92f,102,107,10031,main,exact,DX re-run (reproduces published),647,8309,638,7435,8073,0.9861,0.9716,0.5032138512879649,0.500349021087671,0.02900178174094471,0.002864830200293933,0.09878117923525251,0.44555444555444557,0.137214723959991,0.11580307097281033,0.0391396192131926,0.2997002997002997,-0.30486132395961507,-0.30455310137850433,0.9902142945621206,1.0
ts_tile,PRIMARY,pub_k3,b56af80a24be5b56c034ca51264806466ac2726cd489357711f766687794ebee,102,189,10031,main,,ts_tile,777,8309,766,7307,8073,0.9858,0.9716,0.4781337399203382,0.4983400651973268,0.027503928123289317,-0.020206325276988624,-0.7346705236579879,0.7632367632367633,0.09854061327273218,0.11225675207034967,0.03831760692500634,0.6433566433566433,-0.39249873645266686,-0.3779799306444971,0.9871175523349437,
ts_tile,S1,pub_k4,b56af80a24be5b56c034ca51264806466ac2726cd489357711f766687794ebee,102,189,10031,main,,ts_tile,170,8309,167,7906,8073,0.9824,0.9716,0.46826180676845147,0.49196796414759647,0.039040165004478496,-0.023706157379145,-0.6072248254182723,0.7152847152847153,0.09854061327273218,0.11225675207034967,0.03831760692500634,0.6433566433566433,-0.38475881243327925,-0.3789880959390845,0.9871175523349437,1.0
ts_tile,S2,pub_k2,b56af80a24be5b56c034ca51264806466ac2726cd489357711f766687794ebee,102,189,10031,main,,ts_tile,2403,8309,2357,5716,8073,0.9809,0.9716,0.5050316152502573,0.5049263729260517,0.019533893402240335,0.00010524232420561219,0.005387677819186931,0.4995004995004995,0.09854061327273218,0.11225675207034967,0.03831760692500634,0.6433566433566433,-0.3763246848403753,-0.3798725900256954,0.9871175523349437,1.0
ts_tile,S3,op_k2,b56af80a24be5b56c034ca51264806466ac2726cd489357711f766687794ebee,102,189,10031,main,,ts_tile,462,8309,458,7615,8073,0.9913,0.9716,0.5268812703036698,0.508697056487569,0.02755494627579409,0.018184213816100803,0.6599255768491519,0.26173826173826176,0.15331419318010678,0.1592492542686233,0.03329054081179111,0.5884115884115884,-0.3620691906395467,-0.38013347418845234,0.9871175523349437,1.0
ts_tile,S4,phi_k3,b56af80a24be5b56c034ca51264806466ac2726cd489357711f766687794ebee,102,189,10031,main,,ts_tile,647,8309,638,7435,8073,0.9861,0.9716,0.4988599207762995,0.4999514224638613,0.029608047366364694,-0.0010915016875618355,-0.036865034497405,0.5294705294705294,0.11498342211263676,0.11440002085087854,0.03905758637432866,0.5074925074925075,-0.38190436936696465,-0.37901084010449304,0.9871175523349437,1.0
