parent,kind,stratum_a,stratum_b,theta_pc_a,theta_pc_b,diff,se_a,se_b,abs_diff_over_larger_se
all,depth,depthT1,depthT2,0.08660668766473276,0.10694673104513266,-0.020340043380399908,0.044462671118016196,0.06469318979682114,0.3144077984758663
all,depth,depthT1,depthT3,0.08660668766473276,0.1156943047129057,-0.029087617048172948,0.044462671118016196,0.07139126733725999,0.40743942688060053
all,depth,depthT2,depthT3,0.10694673104513266,0.1156943047129057,-0.00874757366777304,0.06469318979682114,0.07139126733725999,0.1225300235454368
all,miss,miss0-5,miss5-20,0.04717167260674794,0.05265487472480478,-0.005483202118056842,0.03773646506732109,0.03542860566471004,0.14530248416948752
all,miss,miss0-5,miss20+,0.04717167260674794,0.0512425502616548,-0.0040708776549068584,0.03773646506732109,0.07304314342417176,0.0557325090907808
all,miss,miss0-5,miss<=5,0.04717167260674794,0.10152199314083105,-0.054350320534083105,0.03773646506732109,0.05668578746797932,0.9587997796587817
all,miss,miss5-20,miss20+,0.05265487472480478,0.0512425502616548,0.0014123244631499832,0.03542860566471004,0.07304314342417176,0.019335483071264023
all,miss,miss5-20,miss<=5,0.05265487472480478,0.10152199314083105,-0.04886711841602626,0.03542860566471004,0.05668578746797932,0.8620700284640189
all,miss,miss20+,miss<=5,0.0512425502616548,0.10152199314083105,-0.050279442879176246,0.07304314342417176,0.05668578746797932,0.6883526710672415
ecm,depth,depthT1,depthT2,0.13045480806504964,0.22131944809663587,-0.09086464003158623,0.3430961812297939,0.186951771936846,0.264837223503599
ecm,depth,depthT1,depthT3,0.13045480806504964,0.34805263989019103,-0.2175978318251414,0.3430961812297939,0.22899315890473604,0.6342181689262286
ecm,depth,depthT2,depthT3,0.22131944809663587,0.34805263989019103,-0.12673319179355516,0.186951771936846,0.22899315890473604,0.553436584742157
ecm,miss,miss20+,miss<=5,-0.5077747534219573,0.2268703048096896,-0.7346450582316469,3.849675970452061,0.14126624942260313,0.19083295941538134
folding,depth,depthT1,depthT2,0.04114793462164316,0.13971674590456698,-0.09856881128292383,0.046691437899958034,0.1065358669251117,0.9252171510671778
folding,depth,depthT1,depthT3,0.04114793462164316,0.1591475080761821,-0.11799957345453896,0.046691437899958034,0.09231333756264196,1.278250538547226
folding,depth,depthT2,depthT3,0.13971674590456698,0.1591475080761821,-0.01943076217161513,0.1065358669251117,0.09231333756264196,0.1823870470334069
pinned_sig,depth,depthT1,depthT2,0.05731988628293523,0.06762403974703819,-0.01030415346410296,0.018722613676775204,0.03302514541905432,0.3120093290537893
pinned_sig,depth,depthT1,depthT3,0.05731988628293523,0.07231103084982701,-0.014991144566891781,0.018722613676775204,0.03662334097063654,0.40933306928254354
pinned_sig,depth,depthT2,depthT3,0.06762403974703819,0.07231103084982701,-0.004686991102788821,0.03302514541905432,0.03662334097063654,0.12797825044270825
pinned_sig,miss,miss0-5,miss5-20,0.0184718164428285,0.03463405541372087,-0.016162238970892365,0.021845221156724843,0.02321933556741613,0.6960681077185068
pinned_sig,miss,miss0-5,miss20+,0.0184718164428285,0.04792374787341382,-0.02945193143058532,0.021845221156724843,0.03346066732086212,0.8801955785329654
pinned_sig,miss,miss0-5,miss<=5,0.0184718164428285,0.0639041671235448,-0.0454323506807163,0.021845221156724843,0.02672302718460987,1.7001199140672718
pinned_sig,miss,miss5-20,miss20+,0.03463405541372087,0.04792374787341382,-0.013289692459692956,0.02321933556741613,0.03346066732086212,0.3971735629853106
pinned_sig,miss,miss5-20,miss<=5,0.03463405541372087,0.0639041671235448,-0.02927011170982393,0.02321933556741613,0.02672302718460987,1.0953142212376659
pinned_sig,miss,miss20+,miss<=5,0.04792374787341382,0.0639041671235448,-0.015980419250130974,0.03346066732086212,0.02672302718460987,0.47758818127836533
pinned_sig&folding,depth,depthT1,depthT3,0.04817828992207912,0.08231462517313687,-0.03413633525105775,0.03523309029163136,0.044040481310008865,0.7751126744225602
pinned_sig&ptm,depth,depthT1,depthT2,0.03276494791151089,0.07253624485283008,-0.039771296941319194,0.01995490263990471,0.0422835124847785,0.9405864036398663
pinned_sig&ptm,depth,depthT1,depthT3,0.03276494791151089,0.0562723953381577,-0.02350744742664681,0.01995490263990471,0.04091907697739797,0.5744862583198386
pinned_sig&ptm,depth,depthT2,depthT3,0.07253624485283008,0.0562723953381577,0.016263849514672385,0.0422835124847785,0.04091907697739797,0.38463809080494804
pinned_sig&secretion,depth,depthT1,depthT2,0.030147395679684406,0.075265073790839,-0.04511767811115459,0.02359062806721578,0.04136153472624572,1.0908124761271352
pinned_sig&secretion,depth,depthT1,depthT3,0.030147395679684406,0.041028984244881675,-0.010881588565197269,0.02359062806721578,0.036456652856555506,0.29848018708718566
pinned_sig&secretion,depth,depthT2,depthT3,0.075265073790839,0.041028984244881675,0.03423608954595732,0.04136153472624572,0.036456652856555506,0.8277277371971646
pinned_sig&splicing,depth,depthT1,depthT2,0.04939462195167772,0.07809507517734345,-0.028700453225665723,0.03903476094595832,0.11476879785445812,0.2500719164285546
pinned_sig&splicing,depth,depthT1,depthT3,0.04939462195167772,0.06713765449748964,-0.017743032545811915,0.03903476094595832,0.07753738668858992,0.2288319648568051
pinned_sig&splicing,depth,depthT2,depthT3,0.07809507517734345,0.06713765449748964,0.010957420679853808,0.11476879785445812,0.07753738668858992,0.09547386471494851
pinned_sig&translation,depth,depthT1,depthT2,0.034940695238295426,0.06558081408542783,-0.030640118847132407,0.01832278134842921,0.034949445938545876,0.8766982715837365
pinned_sig&translation,depth,depthT1,depthT3,0.034940695238295426,0.04935705999274415,-0.014416364754448727,0.01832278134842921,0.030584024603614094,0.4713691197052318
pinned_sig&translation,depth,depthT2,depthT3,0.06558081408542783,0.04935705999274415,0.01622375409268368,0.034949445938545876,0.030584024603614094,0.4642063316600519
ptm,depth,depthT1,depthT2,0.05606678869602648,0.092912112855825,-0.03684532415979852,0.04276655125360278,0.058988379161782574,0.6246200469205279
ptm,depth,depthT1,depthT3,0.05606678869602648,0.09622459628783839,-0.04015780759181191,0.04276655125360278,0.06653286329790438,0.6035785264795117
ptm,depth,depthT2,depthT3,0.092912112855825,0.09622459628783839,-0.0033124834320133884,0.058988379161782574,0.06653286329790438,0.04978717685997625
ptm,miss,miss0-5,miss5-20,-0.041706143873678485,0.07076050250313529,-0.11246664637681378,0.11641366200007008,0.08472985889397974,0.9660949105504993
ptm,miss,miss0-5,miss20+,-0.041706143873678485,-0.03857719818264339,-0.0031289456910350982,0.11641366200007008,0.35643869874905887,0.008778355722923197
ptm,miss,miss0-5,miss<=5,-0.041706143873678485,0.07800216331338677,-0.11970830718706527,0.11641366200007008,0.050338709138559284,1.0283011901729644
ptm,miss,miss5-20,miss20+,0.07076050250313529,-0.03857719818264339,0.10933770068577867,0.08472985889397974,0.35643869874905887,0.3067503642828495
ptm,miss,miss5-20,miss<=5,0.07076050250313529,0.07800216331338677,-0.007241660810251488,0.08472985889397974,0.050338709138559284,0.08546763684939909
ptm,miss,miss20+,miss<=5,-0.03857719818264339,0.07800216331338677,-0.11657936149603015,0.35643869874905887,0.050338709138559284,0.3270670718560353
secretion,depth,depthT1,depthT2,0.07324141913476621,0.1135148729170001,-0.04027345378223389,0.0748957036329131,0.07344653567538187,0.5377271569491687
secretion,depth,depthT1,depthT3,0.07324141913476621,0.10165314899560217,-0.028411729860835955,0.0748957036329131,0.08093525117050229,0.35104270944909244
secretion,depth,depthT2,depthT3,0.1135148729170001,0.10165314899560217,0.011861723921397935,0.07344653567538187,0.08093525117050229,0.1465581900327884
secretion,miss,miss0-5,miss5-20,0.07299558235920076,0.028515285345770382,0.04448029701343037,0.0669832089089704,0.060981775572451755,0.6640514501758001
secretion,miss,miss0-5,miss20+,0.07299558235920076,-0.010768375889361043,0.0837639582485618,0.0669832089089704,0.25271520190318897,0.3314559536495568
secretion,miss,miss0-5,miss<=5,0.07299558235920076,0.09561550072603517,-0.022619918366834413,0.0669832089089704,0.06648870994888689,0.33769535283946583
secretion,miss,miss5-20,miss20+,0.028515285345770382,-0.010768375889361043,0.039283661235131426,0.060981775572451755,0.25271520190318897,0.15544637180228021
secretion,miss,miss5-20,miss<=5,0.028515285345770382,0.09561550072603517,-0.06710021538026478,0.060981775572451755,0.06648870994888689,1.009197131841601
secretion,miss,miss20+,miss<=5,-0.010768375889361043,0.09561550072603517,-0.10638387661539621,0.25271520190318897,0.06648870994888689,0.4209635028451914
splicing,depth,depthT1,depthT2,0.07971620589447638,0.09155342138885214,-0.01183721549437576,0.06597234999852121,0.6486772176876058,0.018248236829671433
splicing,depth,depthT1,depthT3,0.07971620589447638,0.10796353722959424,-0.028247331335117865,0.06597234999852121,0.2865158536287025,0.09858906925172713
splicing,depth,depthT2,depthT3,0.09155342138885214,0.10796353722959424,-0.016410115840742104,0.6486772176876058,0.2865158536287025,0.025297814372517387
translation,depth,depthT1,depthT2,0.056632867287436064,0.08301534606726997,-0.026382478779833907,0.03783528029289952,0.05598796349312158,0.47121697475342417
translation,depth,depthT1,depthT3,0.056632867287436064,0.08269741338204677,-0.026064546094610702,0.03783528029289952,0.04600292936654328,0.5665844861081121
translation,depth,depthT2,depthT3,0.08301534606726997,0.08269741338204677,0.0003179326852232045,0.05598796349312158,0.04600292936654328,0.005678589921604565
translation,miss,miss0-5,miss5-20,-0.012203471997914465,0.06490743022115752,-0.07711090221907199,0.06061000666277546,0.08943574482714615,0.8621933251420383
translation,miss,miss0-5,miss20+,-0.012203471997914465,-0.03243629936250143,0.020232827364586967,0.06061000666277546,33.750091748154496,0.0005994895514822809
translation,miss,miss0-5,miss<=5,-0.012203471997914465,0.07280840015954294,-0.08501187215745741,0.06061000666277546,0.04227948747248799,1.4026045671047371
translation,miss,miss5-20,miss20+,0.06490743022115752,-0.03243629936250143,0.09734372958365896,0.08943574482714615,33.750091748154496,0.0028842508135991022
translation,miss,miss5-20,miss<=5,0.06490743022115752,0.07280840015954294,-0.007900969938385419,0.08943574482714615,0.04227948747248799,0.08834241782919956
translation,miss,miss20+,miss<=5,-0.03243629936250143,0.07280840015954294,-0.10524469952204438,33.750091748154496,0.04227948747248799,0.003118352990189999
