case_id	plex
C3L-00004	06CPTAC_CCRCC_Proteome_JHU_20171120
C3L-00010	03CPTAC_CCRCC_Proteome_JHU_20171022
C3L-00011	11CPTAC_CCRCC_Proteome_JHU_20180126
C3L-00026	08CPTAC_CCRCC_Proteome_JHU_20171205
C3L-00079	18CPTAC_CCRCC_Proteome_JHU_20180521
C3L-00088	07CPTAC_CCRCC_Proteome_JHU_20171127
C3L-00096	10CPTAC_CCRCC_Proteome_JHU_20180119
C3L-00097	06CPTAC_CCRCC_Proteome_JHU_20171120
C3L-00103	12CPTAC_CCRCC_Proteome_JHU_20180202
C3L-00183	05CPTAC_CCRCC_Proteome_JHU_20171030
C3L-00360	14CPTAC_CCRCC_Proteome_JHU_20180223
C3L-00369	05CPTAC_CCRCC_Proteome_JHU_20171030
C3L-00416	09CPTAC_CCRCC_Proteome_JHU_20171215
C3L-00418	17CPTAC_CCRCC_Proteome_JHU_20180517
C3L-00447	09CPTAC_CCRCC_Proteome_JHU_20171215
C3L-00448	15CPTAC_CCRCC_Proteome_JHU_20180315
C3L-00561	01CPTAC_CCRCC_Proteome_JHU_20171007
C3L-00581	13CPTAC_CCRCC_Proteome_JHU_20180215
C3L-00583	07CPTAC_CCRCC_Proteome_JHU_20171127
C3L-00606	16CPTAC_CCRCC_Proteome_JHU_20180322
C3L-00607	03CPTAC_CCRCC_Proteome_JHU_20171022
C3L-00610	20CPTAC_CCRCC_Proteome_JHU_20180602
C3L-00765	10CPTAC_CCRCC_Proteome_JHU_20180119
C3L-00766	20CPTAC_CCRCC_Proteome_JHU_20180602
C3L-00790	20CPTAC_CCRCC_Proteome_JHU_20180602
C3L-00791	05CPTAC_CCRCC_Proteome_JHU_20171030
C3L-00792	19CPTAC_CCRCC_Proteome_JHU_20180526
C3L-00796	19CPTAC_CCRCC_Proteome_JHU_20180526
C3L-00799	19CPTAC_CCRCC_Proteome_JHU_20180526
C3L-00800	20CPTAC_CCRCC_Proteome_JHU_20180602
C3L-00812	20CPTAC_CCRCC_Proteome_JHU_20180602
C3L-00813	19CPTAC_CCRCC_Proteome_JHU_20180526
C3L-00814	08CPTAC_CCRCC_Proteome_JHU_20171205
C3L-00817	13CPTAC_CCRCC_Proteome_JHU_20180215
C3L-00902	10CPTAC_CCRCC_Proteome_JHU_20180119
C3L-00907	15CPTAC_CCRCC_Proteome_JHU_20180315
C3L-00908	08CPTAC_CCRCC_Proteome_JHU_20171205
C3L-00910	18CPTAC_CCRCC_Proteome_JHU_20180521
C3L-00917	02CPTAC_CCRCC_Proteome_JHU_20171003
C3L-01281	04CPTAC_CCRCC_Proteome_JHU_20171026
C3L-01283	19CPTAC_CCRCC_Proteome_JHU_20180526
C3L-01286	15CPTAC_CCRCC_Proteome_JHU_20180315
C3L-01287	01CPTAC_CCRCC_Proteome_JHU_20171007
C3L-01288	19CPTAC_CCRCC_Proteome_JHU_20180526
C3L-01302	14CPTAC_CCRCC_Proteome_JHU_20180223
C3L-01313	13CPTAC_CCRCC_Proteome_JHU_20180215
C3L-01352	03CPTAC_CCRCC_Proteome_JHU_20171022
C3L-01553	20CPTAC_CCRCC_Proteome_JHU_20180602
C3L-01557	19CPTAC_CCRCC_Proteome_JHU_20180526
C3L-01560	19CPTAC_CCRCC_Proteome_JHU_20180526
C3L-01603	01CPTAC_CCRCC_Proteome_JHU_20171007
C3L-01607	15CPTAC_CCRCC_Proteome_JHU_20180315
C3L-01836	10CPTAC_CCRCC_Proteome_JHU_20180119
C3L-01861	03CPTAC_CCRCC_Proteome_JHU_20171022
C3L-01882	17CPTAC_CCRCC_Proteome_JHU_20180517
C3L-01885	08CPTAC_CCRCC_Proteome_JHU_20171205
C3N-00148	09CPTAC_CCRCC_Proteome_JHU_20171215
C3N-00149	13CPTAC_CCRCC_Proteome_JHU_20180215
C3N-00150	06CPTAC_CCRCC_Proteome_JHU_20171120
C3N-00154	20CPTAC_CCRCC_Proteome_JHU_20180602
C3N-00168	05CPTAC_CCRCC_Proteome_JHU_20171030
C3N-00177	11CPTAC_CCRCC_Proteome_JHU_20180126
C3N-00194	03CPTAC_CCRCC_Proteome_JHU_20171022
C3N-00242	16CPTAC_CCRCC_Proteome_JHU_20180322
C3N-00244	07CPTAC_CCRCC_Proteome_JHU_20171127
C3N-00246	09CPTAC_CCRCC_Proteome_JHU_20171215
C3N-00305	21CPTAC_CCRCC_Proteome_JHU_20180621
C3N-00310	23CPTAC_CCRCC_Proteome_JHU_20180629
C3N-00312	23CPTAC_CCRCC_Proteome_JHU_20180629
C3N-00314	22CPTAC_CCRCC_Proteome_JHU_20180625
C3N-00315	22CPTAC_CCRCC_Proteome_JHU_20180625
C3N-00317	22CPTAC_CCRCC_Proteome_JHU_20180625
C3N-00320	21CPTAC_CCRCC_Proteome_JHU_20180621
C3N-00380	23CPTAC_CCRCC_Proteome_JHU_20180629
C3N-00390	23CPTAC_CCRCC_Proteome_JHU_20180629
C3N-00437	21CPTAC_CCRCC_Proteome_JHU_20180621
C3N-00491	22CPTAC_CCRCC_Proteome_JHU_20180625
C3N-00494	23CPTAC_CCRCC_Proteome_JHU_20180629
C3N-00495	04CPTAC_CCRCC_Proteome_JHU_20171026
C3N-00573	13CPTAC_CCRCC_Proteome_JHU_20180215
C3N-00577	17CPTAC_CCRCC_Proteome_JHU_20180517
C3N-00646	10CPTAC_CCRCC_Proteome_JHU_20180119
C3N-00733	17CPTAC_CCRCC_Proteome_JHU_20180517
C3N-00831	04CPTAC_CCRCC_Proteome_JHU_20171026
C3N-00834	02CPTAC_CCRCC_Proteome_JHU_20171003
C3N-00852	21CPTAC_CCRCC_Proteome_JHU_20180621
C3N-00953	06CPTAC_CCRCC_Proteome_JHU_20171120
C3N-01176	12CPTAC_CCRCC_Proteome_JHU_20180202
C3N-01178	07CPTAC_CCRCC_Proteome_JHU_20171127
C3N-01179	16CPTAC_CCRCC_Proteome_JHU_20180322
C3N-01200	11CPTAC_CCRCC_Proteome_JHU_20180126
C3N-01213	20CPTAC_CCRCC_Proteome_JHU_20180602
C3N-01214	02CPTAC_CCRCC_Proteome_JHU_20171003
C3N-01220	18CPTAC_CCRCC_Proteome_JHU_20180521
C3N-01261	02CPTAC_CCRCC_Proteome_JHU_20171003
C3N-01361	14CPTAC_CCRCC_Proteome_JHU_20180223
C3N-01522	18CPTAC_CCRCC_Proteome_JHU_20180521
C3N-01524	01CPTAC_CCRCC_Proteome_JHU_20171007
C3N-01646	04CPTAC_CCRCC_Proteome_JHU_20171026
C3N-01648	16CPTAC_CCRCC_Proteome_JHU_20180322
C3N-01649	12CPTAC_CCRCC_Proteome_JHU_20180202
C3N-01651	14CPTAC_CCRCC_Proteome_JHU_20180223
C3N-01808	12CPTAC_CCRCC_Proteome_JHU_20180202
