study	case_submitter_id	aliquot_submitter_id	aliquot_status	sample_type
ccrcc	C3L-00004	CPT0001540009	Qualified	Primary Tumor
ccrcc	C3L-00010	CPT0001220008	Qualified	Primary Tumor
ccrcc	C3L-00011	CPT0001340003	Qualified	Primary Tumor
ccrcc	C3L-00026	CPT0001500009	Qualified	Primary Tumor
ccrcc	C3L-00079	CPT0001260009	Qualified	Primary Tumor
ccrcc	C3L-00088	CPT0000870016	Qualified	Primary Tumor
ccrcc	C3L-00096	CPT0001180009	Qualified	Primary Tumor
ccrcc	C3L-00097	CPT0000780007	Qualified	Primary Tumor
ccrcc	C3L-00103	CPT0000640003	Qualified	Primary Tumor
ccrcc	C3L-00183	CPT0066470004	Qualified	Primary Tumor
ccrcc	C3L-00359	CPT0002270011	Qualified	Primary Tumor
ccrcc	C3L-00360	CPT0002350011	Qualified	Primary Tumor
ccrcc	C3L-00369	CPT0006440003	Qualified	Primary Tumor
ccrcc	C3L-00416	CPT0010110003	Qualified	Primary Tumor
ccrcc	C3L-00418	CPT0006630003	Qualified	Primary Tumor
ccrcc	C3L-00447	CPT0006900003	Qualified	Primary Tumor
ccrcc	C3L-00448	CPT0010160003	Qualified	Primary Tumor
ccrcc	C3L-00561	CPT0023350003	Qualified	Primary Tumor
ccrcc	C3L-00581	CPT0007320003	Qualified	Primary Tumor
ccrcc	C3L-00583	CPT0019130003	Qualified	Primary Tumor
ccrcc	C3L-00606	CPT0079270003	Qualified	Primary Tumor
ccrcc	C3L-00607	CPT0025050003	Qualified	Primary Tumor
ccrcc	C3L-00610	CPT0025110003	Qualified	Primary Tumor
ccrcc	C3L-00765	CPT0015910003	Qualified	Primary Tumor
ccrcc	C3L-00766	CPT0025170003	Qualified	Primary Tumor
ccrcc	C3L-00790	CPT0065690003	Qualified	Primary Tumor
ccrcc	C3L-00791	CPT0026410003	Qualified	Primary Tumor
ccrcc	C3L-00792	CPT0015730003	Qualified	Primary Tumor
ccrcc	C3L-00796	CPT0065750003	Qualified	Primary Tumor
ccrcc	C3L-00799	CPT0025230003	Qualified	Primary Tumor
ccrcc	C3L-00800	CPT0025290003	Qualified	Primary Tumor
ccrcc	C3L-00812	CPT0025350003	Qualified	Primary Tumor
ccrcc	C3L-00813	CPT0015810003	Qualified	Primary Tumor
ccrcc	C3L-00814	CPT0065810003	Qualified	Primary Tumor
ccrcc	C3L-00817	CPT0065870003	Qualified	Primary Tumor
ccrcc	C3L-00902	CPT0063320003	Qualified	Primary Tumor
ccrcc	C3L-00907	CPT0064370003	Qualified	Primary Tumor
ccrcc	C3L-00908	CPT0086360003	Qualified	Primary Tumor
ccrcc	C3L-00910	CPT0007860003	Qualified	Primary Tumor
ccrcc	C3L-00917	CPT0023690003	Qualified	Primary Tumor
ccrcc	C3L-01281	CPT0079480003	Qualified	Primary Tumor
ccrcc	C3L-01283	CPT0079380003	Qualified	Primary Tumor
ccrcc	C3L-01286	CPT0086950003	Qualified	Primary Tumor
ccrcc	C3L-01287	CPT0079410003	Qualified	Primary Tumor
ccrcc	C3L-01288	CPT0079230003	Qualified	Primary Tumor
ccrcc	C3L-01302	CPT0063630003	Qualified	Primary Tumor
ccrcc	C3L-01313	CPT0086820003	Qualified	Primary Tumor
ccrcc	C3L-01352	CPT0071150004	Qualified	Primary Tumor
ccrcc	C3L-01553	CPT0065930003	Qualified	Primary Tumor
ccrcc	C3L-01557	CPT0085670003	Qualified	Primary Tumor
ccrcc	C3L-01560	CPT0086030003	Qualified	Primary Tumor
ccrcc	C3L-01603	CPT0087040003	Qualified	Primary Tumor
ccrcc	C3L-01607	CPT0092160003	Qualified	Primary Tumor
ccrcc	C3L-01836	CPT0086870003	Qualified	Primary Tumor
ccrcc	C3L-01861	CPT0092290003	Qualified	Primary Tumor
ccrcc	C3L-01882	CPT0092730003	Qualified	Primary Tumor
ccrcc	C3L-01885	CPT0092790003	Qualified	Primary Tumor
ccrcc	C3N-00148	CPT0081600003	Qualified	Primary Tumor
ccrcc	C3N-00149	CPT0084560003	Qualified	Primary Tumor
ccrcc	C3N-00150	CPT0066480003	Qualified	Primary Tumor
ccrcc	C3N-00154	CPT0081880003	Qualified	Primary Tumor
ccrcc	C3N-00168	CPT0019990003	Qualified	Primary Tumor
ccrcc	C3N-00177	CPT0020120003	Qualified	Primary Tumor
ccrcc	C3N-00194	CPT0014160003	Qualified	Primary Tumor
ccrcc	C3N-00242	CPT0014450004	Qualified	Primary Tumor
ccrcc	C3N-00244	CPT0014370004	Qualified	Primary Tumor
ccrcc	C3N-00246	CPT0025580004	Qualified	Primary Tumor
ccrcc	C3N-00305	CPT0011240003	Qualified	Primary Tumor
ccrcc	C3N-00310	CPT0009000003	Qualified	Primary Tumor
ccrcc	C3N-00312	CPT0009060003	Qualified	Primary Tumor
ccrcc	C3N-00313	CPT0011410003	Qualified	Primary Tumor
ccrcc	C3N-00314	CPT0012080003	Qualified	Primary Tumor
ccrcc	C3N-00315	CPT0012180003	Qualified	Primary Tumor
ccrcc	C3N-00317	CPT0012280003	Qualified	Primary Tumor
ccrcc	C3N-00320	CPT0012370003	Qualified	Primary Tumor
ccrcc	C3N-00380	CPT0021240003	Qualified	Primary Tumor
ccrcc	C3N-00390	CPT0017410003	Qualified	Primary Tumor
ccrcc	C3N-00435	CPT0017850003	Qualified	Primary Tumor
ccrcc	C3N-00437	CPT0012550003	Qualified	Primary Tumor
ccrcc	C3N-00491	CPT0012670003	Qualified	Primary Tumor
ccrcc	C3N-00492	CPT0079180003	Qualified	Primary Tumor
ccrcc	C3N-00494	CPT0012900004	Qualified	Primary Tumor
ccrcc	C3N-00495	CPT0078510003	Qualified	Primary Tumor
ccrcc	C3N-00573	CPT0069000003	Qualified	Primary Tumor
ccrcc	C3N-00577	CPT0069160003	Qualified	Primary Tumor
ccrcc	C3N-00646	CPT0081990003	Qualified	Primary Tumor
ccrcc	C3N-00733	CPT0025880003	Qualified	Primary Tumor
ccrcc	C3N-00831	CPT0089020003	Qualified	Primary Tumor
ccrcc	C3N-00832	CPT0078800003	Qualified	Primary Tumor
ccrcc	C3N-00834	CPT0078830003	Qualified	Primary Tumor
ccrcc	C3N-00852	CPT0024670003	Qualified	Primary Tumor
ccrcc	C3N-00953	CPT0065430003	Qualified	Primary Tumor
ccrcc	C3N-01175	CPT0078660003	Qualified	Primary Tumor
ccrcc	C3N-01176	CPT0078930003	Qualified	Primary Tumor
ccrcc	C3N-01178	CPT0078990003	Qualified	Primary Tumor
ccrcc	C3N-01179	CPT0088900003	Qualified	Primary Tumor
ccrcc	C3N-01180	CPT0088970003	Qualified	Primary Tumor
ccrcc	C3N-01200	CPT0075130003	Qualified	Primary Tumor
ccrcc	C3N-01213	CPT0075720003	Qualified	Primary Tumor
ccrcc	C3N-01214	CPT0075560003	Qualified	Primary Tumor
ccrcc	C3N-01220	CPT0076330003	Qualified	Primary Tumor
ccrcc	C3N-01261	CPT0077490003	Qualified	Primary Tumor
ccrcc	C3N-01361	CPT0088760003	Qualified	Primary Tumor
ccrcc	C3N-01522	CPT0077110003	Qualified	Primary Tumor
ccrcc	C3N-01524	CPT0077310003	Qualified	Primary Tumor
ccrcc	C3N-01646	CPT0088480003	Qualified	Primary Tumor
ccrcc	C3N-01648	CPT0088550004	Qualified	Primary Tumor
ccrcc	C3N-01649	CPT0088630003	Qualified	Primary Tumor
ccrcc	C3N-01651	CPT0088690003	Qualified	Primary Tumor
ccrcc	C3N-01808	CPT0089460004	Qualified	Primary Tumor
gbm	C3L-00104	CPT0092440003	Qualified	Primary Tumor
gbm	C3L-00365	CPT0002410011	Qualified	Primary Tumor
gbm	C3L-00674	CPT0064650003	Qualified	Primary Tumor
gbm	C3L-00677	CPT0071100003	Qualified	Primary Tumor
gbm	C3L-01040	CPT0171580008	Qualified	Primary Tumor
gbm	C3L-01043	CPT0127420003	Qualified	Primary Tumor
gbm	C3L-01045	CPT0123530003	Qualified	Primary Tumor
gbm	C3L-01046	CPT0127480003	Qualified	Primary Tumor
gbm	C3L-01048	CPT0217190003	Qualified	Primary Tumor
gbm	C3L-01049	CPT0217430008	Qualified	Primary Tumor
gbm	C3L-01061	CPT0217710008	Qualified	Primary Tumor
gbm	C3L-01142	CPT0218330004	Qualified	Primary Tumor
gbm	C3L-01146	CPT0218690004	Qualified	Primary Tumor
gbm	C3L-01149	CPT0218770003	Qualified	Primary Tumor
gbm	C3L-01154	CPT0218830004	Qualified	Primary Tumor
gbm	C3L-01155	CPT0218890004	Qualified	Primary Tumor
gbm	C3L-01156	CPT0218960004	Qualified	Primary Tumor
gbm	C3L-01157	CPT0199770003	Qualified	Primary Tumor
gbm	C3L-01327	CPT0064890003	Qualified	Primary Tumor
gbm	C3L-01834	CPT0104220003	Qualified	Primary Tumor
gbm	C3L-01887	CPT0104330003	Qualified	Primary Tumor
gbm	C3L-02041	CPT0125510003	Qualified	Primary Tumor
gbm	C3L-02465	CPT0125570003	Qualified	Primary Tumor
gbm	C3L-02504	CPT0175060003	Qualified	Primary Tumor
gbm	C3L-02542	CPT0161730003	Qualified	Primary Tumor
gbm	C3L-02642	CPT0201710003	Qualified	Primary Tumor
gbm	C3L-02704	CPT0189750004	Qualified	Primary Tumor
gbm	C3L-02705	CPT0189650004	Qualified	Primary Tumor
gbm	C3L-02707	CPT0189850004	Qualified	Primary Tumor
gbm	C3L-02708	CPT0189570004	Qualified	Primary Tumor
gbm	C3L-02900	CPT0218670003	Qualified	Primary Tumor
gbm	C3L-02955	CPT0196850003	Qualified	Primary Tumor
gbm	C3L-02970	CPT0217880003	Qualified	Primary Tumor
gbm	C3L-02984	CPT0190240004	Qualified	Primary Tumor
gbm	C3L-03260	CPT0189250003	Qualified	Primary Tumor
gbm	C3L-03266	CPT0189460003	Qualified	Primary Tumor
gbm	C3L-03387	CPT0224330003	Qualified	Primary Tumor
gbm	C3L-03390	CPT0224390004	Qualified	Primary Tumor
gbm	C3L-03392	CPT0219080004	Qualified	Primary Tumor
gbm	C3L-03400	CPT0224540004	Qualified	Primary Tumor
gbm	C3L-03405	CPT0224600003	Qualified	Primary Tumor
gbm	C3L-03407	CPT0190360004	Qualified	Primary Tumor
gbm	C3L-03681	CPT0221180003	Qualified	Primary Tumor
gbm	C3L-03727	CPT0225730003	Qualified	Primary Tumor
gbm	C3L-03728	CPT0225760003	Qualified	Primary Tumor
gbm	C3L-03744	CPT0216920008	Qualified	Primary Tumor
gbm	C3L-03747	CPT0217000004	Disqualified	Primary Tumor
gbm	C3L-03748	CPT0217060003	Qualified	Primary Tumor
gbm	C3L-03968	CPT0228220003	Qualified	Primary Tumor
gbm	C3L-04084	CPT0217100003	Qualified	Primary Tumor
gbm	C3N-00661	CPT0087570003	Qualified	Primary Tumor
gbm	C3N-00662	CPT0087680003	Qualified	Primary Tumor
gbm	C3N-00663	CPT0087730003	Qualified	Primary Tumor
gbm	C3N-00665	CPT0093360003	Qualified	Primary Tumor
gbm	C3N-01192	CPT0087950003	Qualified	Primary Tumor
gbm	C3N-01196	CPT0078580003	Qualified	Primary Tumor
gbm	C3N-01334	CPT0125220003	Qualified	Primary Tumor
gbm	C3N-01364	CPT0093450003	Qualified	Primary Tumor
gbm	C3N-01366	CPT0093510003	Qualified	Primary Tumor
gbm	C3N-01367	CPT0093550003	Qualified	Primary Tumor
gbm	C3N-01368	CPT0093590003	Qualified	Primary Tumor
gbm	C3N-01369	CPT0162020003	Qualified	Primary Tumor
gbm	C3N-01505	CPT0089150003	Qualified	Primary Tumor
gbm	C3N-01515	CPT0079790003	Qualified	Primary Tumor
gbm	C3N-01517	CPT0167530003	Qualified	Primary Tumor
gbm	C3N-01518	CPT0167640003	Qualified	Primary Tumor
gbm	C3N-01798	CPT0167750004	Qualified	Primary Tumor
gbm	C3N-01814	CPT0167860004	Qualified	Primary Tumor
gbm	C3N-01815	CPT0167970003	Qualified	Primary Tumor
gbm	C3N-01816	CPT0168080003	Qualified	Primary Tumor
gbm	C3N-01818	CPT0168270003	Qualified	Primary Tumor
gbm	C3N-01851	CPT0186100003	Qualified	Primary Tumor
gbm	C3N-01852	CPT0182500003	Qualified	Primary Tumor
gbm	C3N-01856	CPT0162100003	Qualified	Primary Tumor
gbm	C3N-01857	CPT0162140003	Qualified	Primary Tumor
gbm	C3N-02181	CPT0168380003	Qualified	Primary Tumor
gbm	C3N-02183	CPT0168480003	Qualified	Primary Tumor
gbm	C3N-02185	CPT0168590003	Qualified	Primary Tumor
gbm	C3N-02186	CPT0168720003	Qualified	Primary Tumor
gbm	C3N-02188	CPT0168830003	Qualified	Primary Tumor
gbm	C3N-02190	CPT0205450004	Qualified	Primary Tumor
gbm	C3N-02255	CPT0182550003	Qualified	Primary Tumor
gbm	C3N-02256	CPT0182580003	Qualified	Primary Tumor
gbm	C3N-02769	CPT0205570003	Qualified	Primary Tumor
gbm	C3N-02770	CPT0205670004	Qualified	Primary Tumor
gbm	C3N-02782	CPT0205780003	Qualified	Primary Tumor
gbm	C3N-02783	CPT0205890003	Qualified	Primary Tumor
gbm	C3N-02784	CPT0206000004	Qualified	Primary Tumor
gbm	C3N-02785	CPT0206110003	Qualified	Primary Tumor
gbm	C3N-02786	CPT0206230003	Qualified	Primary Tumor
gbm	C3N-02788	CPT0206330003	Qualified	Primary Tumor
gbm	C3N-03070	CPT0208980003	Qualified	Primary Tumor
gbm	C3N-03088	CPT0209440003	Qualified	Primary Tumor
gbm	C3N-03180	CPT0206450003	Qualified	Primary Tumor
gbm	C3N-03182	CPT0206560003	Qualified	Primary Tumor
gbm	C3N-03183	CPT0206670004	Qualified	Primary Tumor
gbm	C3N-03184	CPT0206780003	Qualified	Primary Tumor
gbm	C3N-03186	CPT0206880003	Qualified	Primary Tumor
gbm	C3N-03188	CPT0207030003	Qualified	Primary Tumor
gbm	C3N-03473	CPT0207090003	Qualified	Primary Tumor
luad	11LU013	CPT0053040004	Qualified	Primary Tumor
luad	11LU016	CPT0052940004	Qualified	Primary Tumor
luad	11LU022	CPT0052170004	Qualified	Primary Tumor
luad	11LU035	CPT0051690004	Qualified	Primary Tumor
luad	C3L-00001	CPT0001580009	Qualified	Primary Tumor
luad	C3L-00009	CPT0001380003	Qualified	Primary Tumor
luad	C3L-00080	CPT0001060010	Qualified	Primary Tumor
luad	C3L-00083	CPT0091860003	Qualified	Primary Tumor
luad	C3L-00093	CPT0086310003	Qualified	Primary Tumor
luad	C3L-00094	CPT0000920017	Qualified	Primary Tumor
luad	C3L-00095	CPT0001660013	Qualified	Primary Tumor
luad	C3L-00140	CPT0001800013	Qualified	Primary Tumor
luad	C3L-00144	CPT0001960003	Qualified	Primary Tumor
luad	C3L-00263	CPT0011710004	Qualified	Primary Tumor
luad	C3L-00279	CPT0082740004	Qualified	Primary Tumor
luad	C3L-00368	CPT0063730003	Qualified	Primary Tumor
luad	C3L-00412	CPT0023310003	Qualified	Primary Tumor
luad	C3L-00422	CPT0082850004	Qualified	Primary Tumor
luad	C3L-00510	CPT0011910004	Qualified	Primary Tumor
luad	C3L-00604	CPT0063810003	Qualified	Primary Tumor
luad	C3L-00893	CPT0083100003	Qualified	Primary Tumor
luad	C3L-00913	CPT0106110003	Qualified	Primary Tumor
luad	C3L-00973	CPT0102450003	Qualified	Primary Tumor
luad	C3L-01330	CPT0083390004	Qualified	Primary Tumor
luad	C3L-01632	CPT0086750003	Qualified	Primary Tumor
luad	C3L-01682	CPT0110860004	Qualified	Primary Tumor
luad	C3L-01683	CPT0110980004	Qualified	Primary Tumor
luad	C3L-01862	CPT0092530003	Qualified	Primary Tumor
luad	C3L-01889	CPT0092240003	Qualified	Primary Tumor
luad	C3L-01890	CPT0092930003	Qualified	Primary Tumor
luad	C3L-01924	CPT0114660004	Qualified	Primary Tumor
luad	C3L-02219	CPT0104630003	Qualified	Primary Tumor
luad	C3L-02345	CPT0113990003	Qualified	Primary Tumor
luad	C3L-02348	CPT0115070003	Qualified	Primary Tumor
luad	C3L-02350	CPT0104750003	Qualified	Primary Tumor
luad	C3L-02365	CPT0114840003	Qualified	Primary Tumor
luad	C3L-02508	CPT0125810003	Qualified	Primary Tumor
luad	C3L-02549	CPT0113210003	Qualified	Primary Tumor
luad	C3N-00167	CPT0013600003	Qualified	Primary Tumor
luad	C3N-00169	CPT0014860003	Qualified	Primary Tumor
luad	C3N-00175	CPT0013880003	Qualified	Primary Tumor
luad	C3N-00180	CPT0066780003	Qualified	Primary Tumor
luad	C3N-00199	CPT0014260003	Qualified	Primary Tumor
luad	C3N-00203	CPT0090340003	Qualified	Primary Tumor
luad	C3N-00217	CPT0090570004	Qualified	Primary Tumor
luad	C3N-00223	CPT0111300003	Qualified	Primary Tumor
luad	C3N-00293	CPT0008410003	Qualified	Primary Tumor
luad	C3N-00294	CPT0008450003	Qualified	Primary Tumor
luad	C3N-00433	CPT0021450003	Qualified	Primary Tumor
luad	C3N-00545	CPT0066890003	Disqualified	Primary Tumor
luad	C3N-00546	CPT0067070003	Qualified	Primary Tumor
luad	C3N-00547	CPT0067250003	Qualified	Primary Tumor
luad	C3N-00549	CPT0067450003	Qualified	Primary Tumor
luad	C3N-00550	CPT0067620003	Qualified	Primary Tumor
luad	C3N-00551	CPT0067940003	Qualified	Primary Tumor
luad	C3N-00552	CPT0068100003	Qualified	Primary Tumor
luad	C3N-00556	CPT0090700003	Qualified	Primary Tumor
luad	C3N-00559	CPT0068610003	Qualified	Primary Tumor
luad	C3N-00560	CPT0068800003	Qualified	Primary Tumor
luad	C3N-00572	CPT0015410003	Qualified	Primary Tumor
luad	C3N-00574	CPT0090860003	Qualified	Primary Tumor
luad	C3N-00578	CPT0069360003	Qualified	Primary Tumor
luad	C3N-00579	CPT0069520003	Qualified	Primary Tumor
luad	C3N-00580	CPT0069700003	Qualified	Primary Tumor
luad	C3N-00704	CPT0055100004	Qualified	Primary Tumor
luad	C3N-00737	CPT0090170004	Qualified	Primary Tumor
luad	C3N-00738	CPT0112060003	Qualified	Primary Tumor
luad	C3N-00959	CPT0079830003	Qualified	Primary Tumor
luad	C3N-01016	CPT0083780003	Qualified	Primary Tumor
luad	C3N-01021	CPT0104970003	Qualified	Primary Tumor
luad	C3N-01023	CPT0105060003	Qualified	Primary Tumor
luad	C3N-01024	CPT0105230003	Qualified	Primary Tumor
luad	C3N-01030	CPT0091240003	Qualified	Primary Tumor
luad	C3N-01071	CPT0070060003	Qualified	Primary Tumor
luad	C3N-01072	CPT0084140003	Qualified	Primary Tumor
luad	C3N-01074	CPT0105270003	Qualified	Primary Tumor
luad	C3N-01405	CPT0105330003	Qualified	Primary Tumor
luad	C3N-01410	CPT0117970003	Qualified	Primary Tumor
luad	C3N-01413	CPT0105510003	Qualified	Primary Tumor
luad	C3N-01414	CPT0105600003	Qualified	Primary Tumor
luad	C3N-01415	CPT0105630003	Qualified	Primary Tumor
luad	C3N-01416	CPT0105710003	Qualified	Primary Tumor
luad	C3N-01488	CPT0118160003	Qualified	Primary Tumor
luad	C3N-01489	CPT0105940003	Qualified	Primary Tumor
luad	C3N-01799	CPT0089340003	Qualified	Primary Tumor
luad	C3N-01823	CPT0097580003	Qualified	Primary Tumor
luad	C3N-01842	CPT0098130003	Qualified	Primary Tumor
luad	C3N-02000	CPT0109680004	Qualified	Primary Tumor
luad	C3N-02002	CPT0109720004	Qualified	Primary Tumor
luad	C3N-02003	CPT0109740004	Qualified	Primary Tumor
luad	C3N-02067	CPT0109830004	Qualified	Primary Tumor
luad	C3N-02087	CPT0118200003	Qualified	Primary Tumor
luad	C3N-02089	CPT0118340003	Qualified	Primary Tumor
luad	C3N-02145	CPT0118570003	Qualified	Primary Tumor
luad	C3N-02149	CPT0118620003	Qualified	Primary Tumor
luad	C3N-02155	CPT0118810003	Qualified	Primary Tumor
luad	C3N-02158	CPT0118880003	Qualified	Primary Tumor
luad	C3N-02379	CPT0146580004	Qualified	Primary Tumor
luad	C3N-02380	CPT0146680004	Qualified	Primary Tumor
luad	C3N-02421	CPT0146780004	Qualified	Primary Tumor
luad	C3N-02422	CPT0146880004	Qualified	Primary Tumor
luad	C3N-02423	CPT0146980004	Qualified	Primary Tumor
luad	C3N-02424	CPT0147080004	Qualified	Primary Tumor
luad	C3N-02433	CPT0147380004	Qualified	Primary Tumor
luad	C3N-02529	CPT0147480004	Qualified	Primary Tumor
luad	C3N-02572	CPT0147580004	Qualified	Primary Tumor
luad	C3N-02582	CPT0147880004	Qualified	Primary Tumor
luad	C3N-02586	CPT0147980004	Qualified	Primary Tumor
luad	C3N-02587	CPT0148080004	Qualified	Primary Tumor
luad	C3N-02588	CPT0148180004	Qualified	Primary Tumor
luad	C3N-02729	CPT0148280004	Qualified	Primary Tumor
pdac	C3L-00017	CPT0000250017	Qualified	Primary Tumor
pdac	C3L-00102	CPT0001730017	Qualified	Primary Tumor
pdac	C3L-00189	CPT0081060004	Qualified	Primary Tumor
pdac	C3L-00277	CPT0011520003	Qualified	Primary Tumor
pdac	C3L-00401	CPT0019300004	Qualified	Primary Tumor
pdac	C3L-00589	CPT0063970004	Qualified	Primary Tumor
pdac	C3L-00598	CPT0019410004	Qualified	Primary Tumor
pdac	C3L-00599	CPT0081260004	Qualified	Primary Tumor
pdac	C3L-00622	CPT0081360004	Qualified	Primary Tumor
pdac	C3L-00625	CPT0081470004	Qualified	Primary Tumor
pdac	C3L-00640	CPT0064520004	Qualified	Primary Tumor
pdac	C3L-00819	CPT0064090003	Qualified	Primary Tumor
pdac	C3L-00881	CPT0017040004	Qualified	Primary Tumor
pdac	C3L-00928	CPT0063570003	Qualified	Primary Tumor
pdac	C3L-01031	CPT0127270003	Qualified	Primary Tumor
pdac	C3L-01036	CPT0123440003	Qualified	Primary Tumor
pdac	C3L-01037	CPT0170240004	Qualified	Primary Tumor
pdac	C3L-01051	CPT0123650003	Qualified	Primary Tumor
pdac	C3L-01052	CPT0123750003	Qualified	Primary Tumor
pdac	C3L-01053	CPT0123860003	Qualified	Primary Tumor
pdac	C3L-01054	CPT0123990003	Qualified	Primary Tumor
pdac	C3L-01124	CPT0218200004	Qualified	Primary Tumor
pdac	C3L-01328	CPT0083270003	Qualified	Primary Tumor
pdac	C3L-01453	CPT0108400003	Qualified	Primary Tumor
pdac	C3L-01598	CPT0091660003	Qualified	Primary Tumor
pdac	C3L-01637	CPT0086190004	Qualified	Primary Tumor
pdac	C3L-01662	CPT0092630003	Qualified	Primary Tumor
pdac	C3L-01687	CPT0094630004	Qualified	Primary Tumor
pdac	C3L-01689	CPT0094740004	Qualified	Primary Tumor
pdac	C3L-01703	CPT0094940004	Qualified	Primary Tumor
pdac	C3L-01971	CPT0108930003	Qualified	Primary Tumor
pdac	C3L-02109	CPT0109010004	Qualified	Primary Tumor
pdac	C3L-02112	CPT0124410004	Qualified	Primary Tumor
pdac	C3L-02115	CPT0109110004	Qualified	Primary Tumor
pdac	C3L-02116	CPT0109200004	Qualified	Primary Tumor
pdac	C3L-02118	CPT0109300004	Qualified	Primary Tumor
pdac	C3L-02463	CPT0126160004	Qualified	Primary Tumor
pdac	C3L-02604	CPT0161770004	Qualified	Primary Tumor
pdac	C3L-02606	CPT0124500004	Qualified	Primary Tumor
pdac	C3L-02610	CPT0124980004	Qualified	Primary Tumor
pdac	C3L-02613	CPT0124610004	Qualified	Primary Tumor
pdac	C3L-02701	CPT0227930004	Qualified	Primary Tumor
pdac	C3L-02809	CPT0174700004	Qualified	Primary Tumor
pdac	C3L-02890	CPT0166650006	Qualified	Primary Tumor
pdac	C3L-02897	CPT0217700004	Qualified	Primary Tumor
pdac	C3L-02899	CPT0197420004	Qualified	Primary Tumor
pdac	C3L-03123	CPT0166760004	Qualified	Primary Tumor
pdac	C3L-03129	CPT0166930004	Qualified	Primary Tumor
pdac	C3L-03356	CPT0198420004	Qualified	Primary Tumor
pdac	C3L-03371	CPT0275870003	Qualified	Primary Tumor
pdac	C3L-03388	CPT0239910004	Qualified	Primary Tumor
pdac	C3L-03394	CPT0224460004	Qualified	Primary Tumor
pdac	C3L-03395	CPT0276010003	Qualified	Primary Tumor
pdac	C3L-03628	CPT0198700005	Qualified	Primary Tumor
pdac	C3L-03630	CPT0198910005	Qualified	Primary Tumor
pdac	C3L-03632	CPT0238440005	Qualified	Primary Tumor
pdac	C3L-03635	CPT0238530005	Qualified	Primary Tumor
pdac	C3L-03639	CPT0238610009	Qualified	Primary Tumor
pdac	C3L-03743	CPT0264150003	Qualified	Primary Tumor
pdac	C3L-04027	CPT0254680003	Qualified	Primary Tumor
pdac	C3L-04072	CPT0221240004	Qualified	Primary Tumor
pdac	C3L-04080	CPT0221470005	Qualified	Primary Tumor
pdac	C3L-04473	CPT0238710004	Qualified	Primary Tumor
pdac	C3L-04475	CPT0238820005	Qualified	Primary Tumor
pdac	C3L-04479	CPT0238920004	Qualified	Primary Tumor
pdac	C3L-04495	CPT0239100009	Qualified	Primary Tumor
pdac	C3L-04848	CPT0248410004	Qualified	Primary Tumor
pdac	C3L-04853	CPT0248590004	Qualified	Primary Tumor
pdac	C3N-00198	CPT0014040003	Qualified	Primary Tumor
pdac	C3N-00249	CPT0025750003	Qualified	Primary Tumor
pdac	C3N-00302	CPT0008750003	Qualified	Primary Tumor
pdac	C3N-00303	CPT0008800003	Qualified	Primary Tumor
pdac	C3N-00436	CPT0077860003	Qualified	Primary Tumor
pdac	C3N-00511	CPT0078250003	Qualified	Primary Tumor
pdac	C3N-00512	CPT0078160004	Qualified	Primary Tumor
pdac	C3N-00513	CPT0077790004	Qualified	Primary Tumor
pdac	C3N-00514	CPT0077930004	Qualified	Primary Tumor
pdac	C3N-00516	CPT0078090004	Qualified	Primary Tumor
pdac	C3N-00517	CPT0093860003	Qualified	Primary Tumor
pdac	C3N-00518	CPT0078000003	Qualified	Primary Tumor
pdac	C3N-00709	CPT0203850004	Qualified	Primary Tumor
pdac	C3N-00957	CPT0089720003	Qualified	Primary Tumor
pdac	C3N-01011	CPT0065640003	Qualified	Primary Tumor
pdac	C3N-01012	CPT0241320005	Qualified	Primary Tumor
pdac	C3N-01165	CPT0093930004	Qualified	Primary Tumor
pdac	C3N-01166	CPT0093980004	Qualified	Primary Tumor
pdac	C3N-01167	CPT0087890004	Qualified	Primary Tumor
pdac	C3N-01168	CPT0094030003	Qualified	Primary Tumor
pdac	C3N-01375	CPT0088180004	Qualified	Primary Tumor
pdac	C3N-01379	CPT0088840004	Qualified	Primary Tumor
pdac	C3N-01380	CPT0088260004	Qualified	Primary Tumor
pdac	C3N-01381	CPT0094130004	Qualified	Primary Tumor
pdac	C3N-01382	CPT0094180003	Qualified	Primary Tumor
pdac	C3N-01383	CPT0094230004	Qualified	Primary Tumor
pdac	C3N-01388	CPT0088320003	Qualified	Primary Tumor
pdac	C3N-01502	CPT0065570003	Qualified	Primary Tumor
pdac	C3N-01714	CPT0124360003	Qualified	Primary Tumor
pdac	C3N-01715	CPT0125090003	Qualified	Primary Tumor
pdac	C3N-01716	CPT0125130003	Qualified	Primary Tumor
pdac	C3N-01719	CPT0161990005	Qualified	Primary Tumor
pdac	C3N-01900	CPT0162600005	Qualified	Primary Tumor
pdac	C3N-01907	CPT0162830005	Qualified	Primary Tumor
pdac	C3N-01997	CPT0138900004	Qualified	Primary Tumor
pdac	C3N-01998	CPT0139000004	Qualified	Primary Tumor
pdac	C3N-02010	CPT0241500004	Qualified	Primary Tumor
pdac	C3N-02295	CPT0187550004	Qualified	Primary Tumor
pdac	C3N-02573	CPT0183450005	Qualified	Primary Tumor
pdac	C3N-02579	CPT0207780004	Qualified	Primary Tumor
pdac	C3N-02585	CPT0183750005	Qualified	Primary Tumor
pdac	C3N-02589	CPT0162660004	Qualified	Primary Tumor
pdac	C3N-02592	CPT0162760003	Qualified	Primary Tumor
pdac	C3N-02768	CPT0207980005	Qualified	Primary Tumor
pdac	C3N-02940	CPT0208550005	Qualified	Primary Tumor
pdac	C3N-02944	CPT0208690004	Qualified	Primary Tumor
pdac	C3N-02971	CPT0185920004	Qualified	Primary Tumor
pdac	C3N-02998	CPT0187930005	Qualified	Primary Tumor
pdac	C3N-03000	CPT0226490004	Qualified	Primary Tumor
pdac	C3N-03006	CPT0226530004	Qualified	Primary Tumor
pdac	C3N-03007	CPT0226570004	Qualified	Primary Tumor
pdac	C3N-03039	CPT0235230004	Qualified	Primary Tumor
pdac	C3N-03061	CPT0208840004	Qualified	Primary Tumor
pdac	C3N-03069	CPT0236340004	Qualified	Primary Tumor
pdac	C3N-03086	CPT0209310004	Qualified	Primary Tumor
pdac	C3N-03173	CPT0186040004	Qualified	Primary Tumor
pdac	C3N-03190	CPT0236560004	Qualified	Primary Tumor
pdac	C3N-03211	CPT0209640005	Qualified	Primary Tumor
pdac	C3N-03426	CPT0226600004	Qualified	Primary Tumor
pdac	C3N-03428	CPT0226680005	Qualified	Primary Tumor
pdac	C3N-03430	CPT0226650004	Qualified	Primary Tumor
pdac	C3N-03439	CPT0246260004	Qualified	Primary Tumor
pdac	C3N-03440	CPT0246210004	Qualified	Primary Tumor
pdac	C3N-03665	CPT0226760004	Qualified	Primary Tumor
pdac	C3N-03666	CPT0246720003	Qualified	Primary Tumor
pdac	C3N-03670	CPT0246840003	Qualified	Primary Tumor
pdac	C3N-03754	CPT0246810003	Qualified	Primary Tumor
pdac	C3N-03780	CPT0246940003	Qualified	Primary Tumor
pdac	C3N-03839	CPT0236700005	Qualified	Primary Tumor
pdac	C3N-03840	CPT0236780005	Qualified	Primary Tumor
pdac	C3N-03853	CPT0237270005	Qualified	Primary Tumor
pdac	C3N-03884	CPT0237840004	Qualified	Primary Tumor
pdac	C3N-04119	CPT0237910004	Qualified	Primary Tumor
pdac	C3N-04126	CPT0238040005	Qualified	Primary Tumor
pdac	C3N-04282	CPT0246990003	Qualified	Primary Tumor
pdac	C3N-04283	CPT0247040003	Qualified	Primary Tumor
pdac	C3N-04284	CPT0247090003	Qualified	Primary Tumor
ucec	C3L-00006	CPT0001460012	Qualified	Primary Tumor
ucec	C3L-00008	CPT0001300009	Qualified	Primary Tumor
ucec	C3L-00032	CPT0001420009	Qualified	Primary Tumor
ucec	C3L-00084	CPT0000820012	Disqualified	Primary Tumor
ucec	C3L-00090	CPT0001140003	Qualified	Primary Tumor
ucec	C3L-00098	CPT0000980012	Qualified	Primary Tumor
ucec	C3L-00136	CPT0000730011	Qualified	Primary Tumor
ucec	C3L-00137	CPT0002010011	Qualified	Primary Tumor
ucec	C3L-00139	CPT0001850012	Qualified	Primary Tumor
ucec	C3L-00143	CPT0001910016	Qualified	Primary Tumor
ucec	C3L-00145	CPT0002630003	Qualified	Primary Tumor
ucec	C3L-00156	CPT0002080011	Qualified	Primary Tumor
ucec	C3L-00157	CPT0002560003	Disqualified	Primary Tumor
ucec	C3L-00161	CPT0070380004	Qualified	Primary Tumor
ucec	C3L-00356	CPT0002130003	Disqualified	Primary Tumor
ucec	C3L-00358	CPT0002210011	Qualified	Primary Tumor
ucec	C3L-00361	CPT0002430011	Qualified	Primary Tumor
ucec	C3L-00362	CPT0002500011	Qualified	Primary Tumor
ucec	C3L-00413	CPT0009980003	Qualified	Primary Tumor
ucec	C3L-00449	CPT0007100003	Qualified	Primary Tumor
ucec	C3L-00563	CPT0063250003	Qualified	Primary Tumor
ucec	C3L-00586	CPT0023630003	Qualified	Primary Tumor
ucec	C3L-00601	CPT0007600003	Qualified	Primary Tumor
ucec	C3L-00605	CPT0063890003	Qualified	Primary Tumor
ucec	C3L-00767	CPT0026430003	Qualified	Primary Tumor
ucec	C3L-00769	CPT0026530003	Qualified	Primary Tumor
ucec	C3L-00770	CPT0026650003	Qualified	Primary Tumor
ucec	C3L-00771	CPT0026770003	Qualified	Primary Tumor
ucec	C3L-00780	CPT0070330004	Qualified	Primary Tumor
ucec	C3L-00781	CPT0070260003	Qualified	Primary Tumor
ucec	C3L-00905	CPT0063380003	Qualified	Primary Tumor
ucec	C3L-00918	CPT0063790003	Qualified	Primary Tumor
ucec	C3L-00921	CPT0064150004	Qualified	Primary Tumor
ucec	C3L-00932	CPT0027120003	Qualified	Primary Tumor
ucec	C3L-00938	CPT0016260003	Disqualified	Primary Tumor
ucec	C3L-00942	CPT0016830003	Qualified	Primary Tumor
ucec	C3L-00946	CPT0027520003	Qualified	Primary Tumor
ucec	C3L-00947	CPT0027420003	Qualified	Primary Tumor
ucec	C3L-00949	CPT0016370003	Qualified	Primary Tumor
ucec	C3L-00961	CPT0027320003	Qualified	Primary Tumor
ucec	C3L-00963	CPT0016490003	Qualified	Primary Tumor
ucec	C3L-01246	CPT0080980003	Qualified	Primary Tumor
ucec	C3L-01247	CPT0080700003	Disqualified	Primary Tumor
ucec	C3L-01248	CPT0080300003	Qualified	Primary Tumor
ucec	C3L-01249	CPT0080880003	Qualified	Primary Tumor
ucec	C3L-01252	CPT0080610003	Qualified	Primary Tumor
ucec	C3L-01253	CPT0080400003	Disqualified	Primary Tumor
ucec	C3L-01256	CPT0073450003	Qualified	Primary Tumor
ucec	C3L-01257	CPT0073520003	Qualified	Primary Tumor
ucec	C3L-01275	CPT0073730003	Qualified	Primary Tumor
ucec	C3L-01282	CPT0077650003	Qualified	Primary Tumor
ucec	C3L-01284	CPT0079570003	Disqualified	Primary Tumor
ucec	C3L-01304	CPT0064210003	Qualified	Primary Tumor
ucec	C3L-01307	CPT0064290004	Qualified	Primary Tumor
ucec	C3L-01311	CPT0077770003	Qualified	Primary Tumor
ucec	C3L-01312	CPT0063670003	Qualified	Primary Tumor
ucec	C3L-01744	CPT0093280003	Qualified	Primary Tumor
ucec	C3L-01925	CPT0113690003	Qualified	Primary Tumor
ucec	C3N-00151	CPT0066620003	Qualified	Primary Tumor
ucec	C3N-00200	CPT0017870003	Qualified	Primary Tumor
ucec	C3N-00321	CPT0010260003	Qualified	Primary Tumor
ucec	C3N-00322	CPT0010430003	Qualified	Primary Tumor
ucec	C3N-00323	CPT0010610003	Qualified	Primary Tumor
ucec	C3N-00324	CPT0010820003	Qualified	Primary Tumor
ucec	C3N-00326	CPT0022530003	Qualified	Primary Tumor
ucec	C3N-00328	CPT0019840003	Qualified	Primary Tumor
ucec	C3N-00333	CPT0011000003	Qualified	Primary Tumor
ucec	C3N-00334	CPT0018570003	Qualified	Primary Tumor
ucec	C3N-00335	CPT0018790003	Qualified	Primary Tumor
ucec	C3N-00337	CPT0018960003	Qualified	Primary Tumor
ucec	C3N-00339	CPT0020530003	Qualified	Primary Tumor
ucec	C3N-00340	CPT0022620003	Qualified	Primary Tumor
ucec	C3N-00377	CPT0021650003	Qualified	Primary Tumor
ucec	C3N-00379	CPT0015520003	Qualified	Primary Tumor
ucec	C3N-00383	CPT0022830003	Qualified	Primary Tumor
ucec	C3N-00386	CPT0016220003	Qualified	Primary Tumor
ucec	C3N-00388	CPT0016940003	Qualified	Primary Tumor
ucec	C3N-00389	CPT0026270003	Qualified	Primary Tumor
ucec	C3N-00729	CPT0064930004	Qualified	Primary Tumor
ucec	C3N-00734	CPT0026030004	Qualified	Primary Tumor
ucec	C3N-00743	CPT0062940003	Qualified	Primary Tumor
ucec	C3N-00836	CPT0023810003	Qualified	Primary Tumor
ucec	C3N-00847	CPT0027650003	Qualified	Primary Tumor
ucec	C3N-00848	CPT0024130003	Qualified	Primary Tumor
ucec	C3N-00850	CPT0027810003	Qualified	Primary Tumor
ucec	C3N-00858	CPT0078320004	Qualified	Primary Tumor
ucec	C3N-00866	CPT0063090003	Qualified	Primary Tumor
ucec	C3N-00880	CPT0078710004	Qualified	Primary Tumor
ucec	C3N-01001	CPT0078880003	Disqualified	Primary Tumor
ucec	C3N-01003	CPT0078610003	Qualified	Primary Tumor
ucec	C3N-01211	CPT0075900003	Qualified	Primary Tumor
ucec	C3N-01212	CPT0075380003	Qualified	Primary Tumor
ucec	C3N-01217	CPT0076500003	Qualified	Primary Tumor
ucec	C3N-01219	CPT0076160003	Qualified	Primary Tumor
ucec	C3N-01267	CPT0027970003	Qualified	Primary Tumor
ucec	C3N-01346	CPT0116550004	Qualified	Primary Tumor
ucec	C3N-01349	CPT0116630003	Qualified	Primary Tumor
ucec	C3N-01510	CPT0079650003	Qualified	Primary Tumor
ucec	C3N-01520	CPT0076860003	Qualified	Primary Tumor
ucec	C3N-01521	CPT0076680003	Qualified	Primary Tumor
ucec	C3N-01537	CPT0097010003	Qualified	Primary Tumor
ucec	C3N-01802	CPT0080030003	Qualified	Primary Tumor
ucec	C3N-01825	CPT0097710003	Qualified	Primary Tumor
ucec	C3N-01825	CPT0097730003	Disqualified	Primary Tumor
