case_id	plex	plex_idx	status	resolution	n_tumor_aliquots_pdc	tumor_aliquots_pdc	disqualified_aliquots	measured_aliquots	n_tumor_channels	all_plexes	plex_original_build_rule	differs_from_original_rule	route2_aliquots	route2_plexes	route2_plex	route2_agrees	pull_rule_aliquots	pull_rule_differs
C3L-00086	16CPTAC_C_UCEC_Proteome_PNNL_20200706	16	single		1	CPT0092460003		CPT0092460003	1	16CPTAC_C_UCEC_Proteome_PNNL_20200706	16CPTAC_C_UCEC_Proteome_PNNL_20200706	False	CPT0092460003	16CPTAC_C_UCEC_Proteome_PNNL_20200706	16CPTAC_C_UCEC_Proteome_PNNL_20200706	True	CPT0092460003	False
C3L-00898	14CPTAC_C_UCEC_Proteome_PNNL_20200706	14	single		1	CPT0172200008		CPT0172200008	1	14CPTAC_C_UCEC_Proteome_PNNL_20200706	14CPTAC_C_UCEC_Proteome_PNNL_20200706	False	CPT0172200008	14CPTAC_C_UCEC_Proteome_PNNL_20200706	14CPTAC_C_UCEC_Proteome_PNNL_20200706	True	CPT0172200008	False
C3L-00943	15CPTAC_C_UCEC_Proteome_PNNL_20200706	15	single		1	CPT0086090003		CPT0086090003	1	15CPTAC_C_UCEC_Proteome_PNNL_20200706	15CPTAC_C_UCEC_Proteome_PNNL_20200706	False	CPT0086090003	15CPTAC_C_UCEC_Proteome_PNNL_20200706	15CPTAC_C_UCEC_Proteome_PNNL_20200706	True	CPT0086090003	False
C3L-01064	09CPTAC_C_UCEC_Proteome_PNNL_20200522	09	single		1	CPT0113430004		CPT0113430004	1	09CPTAC_C_UCEC_Proteome_PNNL_20200522	09CPTAC_C_UCEC_Proteome_PNNL_20200522	False	CPT0113430004	09CPTAC_C_UCEC_Proteome_PNNL_20200522	09CPTAC_C_UCEC_Proteome_PNNL_20200522	True	CPT0113430004	False
C3L-01277	13CPTAC_C_UCEC_Proteome_PNNL_20200706	13	single		1	CPT0093170003		CPT0093170003	1	13CPTAC_C_UCEC_Proteome_PNNL_20200706	13CPTAC_C_UCEC_Proteome_PNNL_20200706	False	CPT0093170003	13CPTAC_C_UCEC_Proteome_PNNL_20200706	13CPTAC_C_UCEC_Proteome_PNNL_20200706	True	CPT0093170003	False
C3L-01355	16CPTAC_C_UCEC_Proteome_PNNL_20200706	16	single		1	CPT0083580003		CPT0083580003	1	16CPTAC_C_UCEC_Proteome_PNNL_20200706	16CPTAC_C_UCEC_Proteome_PNNL_20200706	False	CPT0083580003	16CPTAC_C_UCEC_Proteome_PNNL_20200706	16CPTAC_C_UCEC_Proteome_PNNL_20200706	True	CPT0083580003	False
C3L-01599	12CPTAC_C_UCEC_Proteome_PNNL_20200522	12	single		1	CPT0087260003		CPT0087260003	1	12CPTAC_C_UCEC_Proteome_PNNL_20200522	12CPTAC_C_UCEC_Proteome_PNNL_20200522	False	CPT0087260003	12CPTAC_C_UCEC_Proteome_PNNL_20200522	12CPTAC_C_UCEC_Proteome_PNNL_20200522	True	CPT0087260003	False
C3L-01631	11CPTAC_C_UCEC_Proteome_PNNL_20200522	11	single		1	CPT0091720003		CPT0091720003	1	11CPTAC_C_UCEC_Proteome_PNNL_20200522	11CPTAC_C_UCEC_Proteome_PNNL_20200522	False	CPT0091720003	11CPTAC_C_UCEC_Proteome_PNNL_20200522	11CPTAC_C_UCEC_Proteome_PNNL_20200522	True	CPT0091720003	False
C3L-01633	04CPTAC_C_UCEC_Proteome_PNNL_20191223	04	single		1	CPT0091910003		CPT0091910003	1	04CPTAC_C_UCEC_Proteome_PNNL_20191223	04CPTAC_C_UCEC_Proteome_PNNL_20191223	False	CPT0091910003	04CPTAC_C_UCEC_Proteome_PNNL_20191223	04CPTAC_C_UCEC_Proteome_PNNL_20191223	True	CPT0091910003	False
C3L-01639	13CPTAC_C_UCEC_Proteome_PNNL_20200706	13	single		1	CPT0091780003		CPT0091780003	1	13CPTAC_C_UCEC_Proteome_PNNL_20200706	13CPTAC_C_UCEC_Proteome_PNNL_20200706	False	CPT0091780003	13CPTAC_C_UCEC_Proteome_PNNL_20200706	13CPTAC_C_UCEC_Proteome_PNNL_20200706	True	CPT0091780003	False
C3L-01664	05CPTAC_C_UCEC_Proteome_PNNL_20200223	05	single		1	CPT0086490003		CPT0086490003	1	05CPTAC_C_UCEC_Proteome_PNNL_20200223	05CPTAC_C_UCEC_Proteome_PNNL_20200223	False	CPT0086490003	05CPTAC_C_UCEC_Proteome_PNNL_20200223	05CPTAC_C_UCEC_Proteome_PNNL_20200223	True	CPT0086490003	False
C3L-01668	05CPTAC_C_UCEC_Proteome_PNNL_20200223	05	single		1	CPT0186560008		CPT0186560008	1	05CPTAC_C_UCEC_Proteome_PNNL_20200223	05CPTAC_C_UCEC_Proteome_PNNL_20200223	False	CPT0186560008	05CPTAC_C_UCEC_Proteome_PNNL_20200223	05CPTAC_C_UCEC_Proteome_PNNL_20200223	True	CPT0186560008	False
C3L-01672	08CPTAC_C_UCEC_Proteome_PNNL_20200223	08	single		1	CPT0172460008		CPT0172460008	1	08CPTAC_C_UCEC_Proteome_PNNL_20200223	08CPTAC_C_UCEC_Proteome_PNNL_20200223	False	CPT0172460008	08CPTAC_C_UCEC_Proteome_PNNL_20200223	08CPTAC_C_UCEC_Proteome_PNNL_20200223	True	CPT0172460008	False
C3L-01729	16CPTAC_C_UCEC_Proteome_PNNL_20200706	16	single		1	CPT0127610003		CPT0127610003	1	16CPTAC_C_UCEC_Proteome_PNNL_20200706	16CPTAC_C_UCEC_Proteome_PNNL_20200706	False	CPT0127610003	16CPTAC_C_UCEC_Proteome_PNNL_20200706	16CPTAC_C_UCEC_Proteome_PNNL_20200706	True	CPT0127610003	False
C3L-01732	13CPTAC_C_UCEC_Proteome_PNNL_20200706	13	single		1	CPT0099910003		CPT0099910003	1	13CPTAC_C_UCEC_Proteome_PNNL_20200706	13CPTAC_C_UCEC_Proteome_PNNL_20200706	False	CPT0099910003	13CPTAC_C_UCEC_Proteome_PNNL_20200706	13CPTAC_C_UCEC_Proteome_PNNL_20200706	True	CPT0099910003	False
C3L-01739	05CPTAC_C_UCEC_Proteome_PNNL_20200223	05	single		1	CPT0100100003		CPT0100100003	1	05CPTAC_C_UCEC_Proteome_PNNL_20200223	05CPTAC_C_UCEC_Proteome_PNNL_20200223	False	CPT0100100003	05CPTAC_C_UCEC_Proteome_PNNL_20200223	05CPTAC_C_UCEC_Proteome_PNNL_20200223	True	CPT0100100003	False
C3L-01749	06CPTAC_C_UCEC_Proteome_PNNL_20200223	06	single		1	CPT0127700003		CPT0127700003	1	06CPTAC_C_UCEC_Proteome_PNNL_20200223	06CPTAC_C_UCEC_Proteome_PNNL_20200223	False	CPT0127700003	06CPTAC_C_UCEC_Proteome_PNNL_20200223	06CPTAC_C_UCEC_Proteome_PNNL_20200223	True	CPT0127700003	False
C3L-01833	11CPTAC_C_UCEC_Proteome_PNNL_20200522	11	single		1	CPT0100010003		CPT0100010003	1	11CPTAC_C_UCEC_Proteome_PNNL_20200522	11CPTAC_C_UCEC_Proteome_PNNL_20200522	False	CPT0100010003	11CPTAC_C_UCEC_Proteome_PNNL_20200522	11CPTAC_C_UCEC_Proteome_PNNL_20200522	True	CPT0100010003	False
C3L-01840	01CPTAC_C_UCEC_Proteome_PNNL_20191223	01	single		1	CPT0091990003		CPT0091990003	1	01CPTAC_C_UCEC_Proteome_PNNL_20191223	01CPTAC_C_UCEC_Proteome_PNNL_20191223	False	CPT0091990003	01CPTAC_C_UCEC_Proteome_PNNL_20191223	01CPTAC_C_UCEC_Proteome_PNNL_20191223	True	CPT0091990003	False
C3L-01864	13CPTAC_C_UCEC_Proteome_PNNL_20200706	13	single		1	CPT0092860003		CPT0092860003	1	13CPTAC_C_UCEC_Proteome_PNNL_20200706	13CPTAC_C_UCEC_Proteome_PNNL_20200706	False	CPT0092860003	13CPTAC_C_UCEC_Proteome_PNNL_20200706	13CPTAC_C_UCEC_Proteome_PNNL_20200706	True	CPT0092860003	False
C3L-01913	06CPTAC_C_UCEC_Proteome_PNNL_20200223	06	single		1	CPT0092690003		CPT0092690003	1	06CPTAC_C_UCEC_Proteome_PNNL_20200223	06CPTAC_C_UCEC_Proteome_PNNL_20200223	False	CPT0092690003	06CPTAC_C_UCEC_Proteome_PNNL_20200223	06CPTAC_C_UCEC_Proteome_PNNL_20200223	True	CPT0092690003	False
C3L-01967	04CPTAC_C_UCEC_Proteome_PNNL_20191223	04	single		1	CPT0108750003		CPT0108750003	1	04CPTAC_C_UCEC_Proteome_PNNL_20191223	04CPTAC_C_UCEC_Proteome_PNNL_20191223	False	CPT0108750003	04CPTAC_C_UCEC_Proteome_PNNL_20191223	04CPTAC_C_UCEC_Proteome_PNNL_20191223	True	CPT0108750003	False
C3L-02119	03CPTAC_C_UCEC_Proteome_PNNL_20191223	03	single		1	CPT0114340003		CPT0114340003	1	03CPTAC_C_UCEC_Proteome_PNNL_20191223	03CPTAC_C_UCEC_Proteome_PNNL_20191223	False	CPT0114340003	03CPTAC_C_UCEC_Proteome_PNNL_20191223	03CPTAC_C_UCEC_Proteome_PNNL_20191223	True	CPT0114340003	False
C3L-02121	09CPTAC_C_UCEC_Proteome_PNNL_20200522	09	single		1	CPT0114100003		CPT0114100003	1	09CPTAC_C_UCEC_Proteome_PNNL_20200522	09CPTAC_C_UCEC_Proteome_PNNL_20200522	False	CPT0114100003	09CPTAC_C_UCEC_Proteome_PNNL_20200522	09CPTAC_C_UCEC_Proteome_PNNL_20200522	True	CPT0114100003	False
C3L-02125	08CPTAC_C_UCEC_Proteome_PNNL_20200223	08	single		1	CPT0197250003		CPT0197250003	1	08CPTAC_C_UCEC_Proteome_PNNL_20200223	08CPTAC_C_UCEC_Proteome_PNNL_20200223	False	CPT0197250003	08CPTAC_C_UCEC_Proteome_PNNL_20200223	08CPTAC_C_UCEC_Proteome_PNNL_20200223	True	CPT0197250003	False
C3L-02216	06CPTAC_C_UCEC_Proteome_PNNL_20200223	06	single		1	CPT0104690003		CPT0104690003	1	06CPTAC_C_UCEC_Proteome_PNNL_20200223	06CPTAC_C_UCEC_Proteome_PNNL_20200223	False	CPT0104690003	06CPTAC_C_UCEC_Proteome_PNNL_20200223	06CPTAC_C_UCEC_Proteome_PNNL_20200223	True	CPT0104690003	False
C3L-02347	08CPTAC_C_UCEC_Proteome_PNNL_20200223	08	single		1	CPT0113850003		CPT0113850003	1	08CPTAC_C_UCEC_Proteome_PNNL_20200223	08CPTAC_C_UCEC_Proteome_PNNL_20200223	False	CPT0113850003	08CPTAC_C_UCEC_Proteome_PNNL_20200223	08CPTAC_C_UCEC_Proteome_PNNL_20200223	True	CPT0113850003	False
C3L-02353	15CPTAC_C_UCEC_Proteome_PNNL_20200706	15	single		1	CPT0112780003		CPT0112780003	1	15CPTAC_C_UCEC_Proteome_PNNL_20200706	15CPTAC_C_UCEC_Proteome_PNNL_20200706	False	CPT0112780003	15CPTAC_C_UCEC_Proteome_PNNL_20200706	15CPTAC_C_UCEC_Proteome_PNNL_20200706	True	CPT0112780003	False
C3L-02354	09CPTAC_C_UCEC_Proteome_PNNL_20200522	09	single		1	CPT0112910003		CPT0112910003	1	09CPTAC_C_UCEC_Proteome_PNNL_20200522	09CPTAC_C_UCEC_Proteome_PNNL_20200522	False	CPT0112910003	09CPTAC_C_UCEC_Proteome_PNNL_20200522	09CPTAC_C_UCEC_Proteome_PNNL_20200522	True	CPT0112910003	False
C3L-02357	01CPTAC_C_UCEC_Proteome_PNNL_20191223	01	single		1	CPT0113330003		CPT0113330003	1	01CPTAC_C_UCEC_Proteome_PNNL_20191223	01CPTAC_C_UCEC_Proteome_PNNL_20191223	False	CPT0113330003	01CPTAC_C_UCEC_Proteome_PNNL_20191223	01CPTAC_C_UCEC_Proteome_PNNL_20191223	True	CPT0113330003	False
C3L-02382	14CPTAC_C_UCEC_Proteome_PNNL_20200706	14	single		1	CPT0190700008		CPT0190700008	1	14CPTAC_C_UCEC_Proteome_PNNL_20200706	14CPTAC_C_UCEC_Proteome_PNNL_20200706	False	CPT0190700008	14CPTAC_C_UCEC_Proteome_PNNL_20200706	14CPTAC_C_UCEC_Proteome_PNNL_20200706	True	CPT0190700008	False
C3L-02384	05CPTAC_C_UCEC_Proteome_PNNL_20200223	05	single		1	CPT0127980003		CPT0127980003	1	05CPTAC_C_UCEC_Proteome_PNNL_20200223	05CPTAC_C_UCEC_Proteome_PNNL_20200223	False	CPT0127980003	05CPTAC_C_UCEC_Proteome_PNNL_20200223	05CPTAC_C_UCEC_Proteome_PNNL_20200223	True	CPT0127980003	False
C3L-02389	11CPTAC_C_UCEC_Proteome_PNNL_20200522	11	single		1	CPT0203040008		CPT0203040008	1	11CPTAC_C_UCEC_Proteome_PNNL_20200522	11CPTAC_C_UCEC_Proteome_PNNL_20200522	False	CPT0203040008	11CPTAC_C_UCEC_Proteome_PNNL_20200522	11CPTAC_C_UCEC_Proteome_PNNL_20200522	True	CPT0203040008	False
C3L-02392	10CPTAC_C_UCEC_Proteome_PNNL_20200522	10	single		1	CPT0203250008		CPT0203250008	1	10CPTAC_C_UCEC_Proteome_PNNL_20200522	10CPTAC_C_UCEC_Proteome_PNNL_20200522	False	CPT0203250008	10CPTAC_C_UCEC_Proteome_PNNL_20200522	10CPTAC_C_UCEC_Proteome_PNNL_20200522	True	CPT0203250008	False
C3L-02399	03CPTAC_C_UCEC_Proteome_PNNL_20191223	03	single		1	CPT0171090008		CPT0171090008	1	03CPTAC_C_UCEC_Proteome_PNNL_20191223	03CPTAC_C_UCEC_Proteome_PNNL_20191223	False	CPT0171090008	03CPTAC_C_UCEC_Proteome_PNNL_20191223	03CPTAC_C_UCEC_Proteome_PNNL_20191223	True	CPT0171090008	False
C3L-02403	12CPTAC_C_UCEC_Proteome_PNNL_20200522	12	single		1	CPT0203150008		CPT0203150008	1	12CPTAC_C_UCEC_Proteome_PNNL_20200522	12CPTAC_C_UCEC_Proteome_PNNL_20200522	False	CPT0203150008	12CPTAC_C_UCEC_Proteome_PNNL_20200522	12CPTAC_C_UCEC_Proteome_PNNL_20200522	True	CPT0203150008	False
C3L-02408	09CPTAC_C_UCEC_Proteome_PNNL_20200522	09	single		1	CPT0111720003		CPT0111720003	1	09CPTAC_C_UCEC_Proteome_PNNL_20200522	09CPTAC_C_UCEC_Proteome_PNNL_20200522	False	CPT0111720003	09CPTAC_C_UCEC_Proteome_PNNL_20200522	09CPTAC_C_UCEC_Proteome_PNNL_20200522	True	CPT0111720003	False
C3L-02409	09CPTAC_C_UCEC_Proteome_PNNL_20200522	09	single		1	CPT0111810003		CPT0111810003	1	09CPTAC_C_UCEC_Proteome_PNNL_20200522	09CPTAC_C_UCEC_Proteome_PNNL_20200522	False	CPT0111810003	09CPTAC_C_UCEC_Proteome_PNNL_20200522	09CPTAC_C_UCEC_Proteome_PNNL_20200522	True	CPT0111810003	False
C3L-02411	10CPTAC_C_UCEC_Proteome_PNNL_20200522	10	single		1	CPT0111880003		CPT0111880003	1	10CPTAC_C_UCEC_Proteome_PNNL_20200522	10CPTAC_C_UCEC_Proteome_PNNL_20200522	False	CPT0111880003	10CPTAC_C_UCEC_Proteome_PNNL_20200522	10CPTAC_C_UCEC_Proteome_PNNL_20200522	True	CPT0111880003	False
C3L-02412	01CPTAC_C_UCEC_Proteome_PNNL_20191223	01	single		1	CPT0111950003		CPT0111950003	1	01CPTAC_C_UCEC_Proteome_PNNL_20191223	01CPTAC_C_UCEC_Proteome_PNNL_20191223	False	CPT0111950003	01CPTAC_C_UCEC_Proteome_PNNL_20191223	01CPTAC_C_UCEC_Proteome_PNNL_20191223	True	CPT0111950003	False
C3L-02449	10CPTAC_C_UCEC_Proteome_PNNL_20200522	10	single		1	CPT0186720008		CPT0186720008	1	10CPTAC_C_UCEC_Proteome_PNNL_20200522	10CPTAC_C_UCEC_Proteome_PNNL_20200522	False	CPT0186720008	10CPTAC_C_UCEC_Proteome_PNNL_20200522	10CPTAC_C_UCEC_Proteome_PNNL_20200522	True	CPT0186720008	False
C3L-02468	05CPTAC_C_UCEC_Proteome_PNNL_20200223	05	single		1	CPT0126000003		CPT0126000003	1	05CPTAC_C_UCEC_Proteome_PNNL_20200223	05CPTAC_C_UCEC_Proteome_PNNL_20200223	False	CPT0126000003	05CPTAC_C_UCEC_Proteome_PNNL_20200223	05CPTAC_C_UCEC_Proteome_PNNL_20200223	True	CPT0126000003	False
C3L-02545	10CPTAC_C_UCEC_Proteome_PNNL_20200522	10	single		1	CPT0113060003		CPT0113060003	1	10CPTAC_C_UCEC_Proteome_PNNL_20200522	10CPTAC_C_UCEC_Proteome_PNNL_20200522	False	CPT0113060003	10CPTAC_C_UCEC_Proteome_PNNL_20200522	10CPTAC_C_UCEC_Proteome_PNNL_20200522	True	CPT0113060003	False
C3L-02555	02CPTAC_C_UCEC_Proteome_PNNL_20191223	02	single		1	CPT0128370003		CPT0128370003	1	02CPTAC_C_UCEC_Proteome_PNNL_20191223	02CPTAC_C_UCEC_Proteome_PNNL_20191223	False	CPT0128370003	02CPTAC_C_UCEC_Proteome_PNNL_20191223	02CPTAC_C_UCEC_Proteome_PNNL_20191223	True	CPT0128370003	False
C3L-02557	12CPTAC_C_UCEC_Proteome_PNNL_20200522	12	single		1	CPT0128610003		CPT0128610003	1	12CPTAC_C_UCEC_Proteome_PNNL_20200522	12CPTAC_C_UCEC_Proteome_PNNL_20200522	False	CPT0128610003	12CPTAC_C_UCEC_Proteome_PNNL_20200522	12CPTAC_C_UCEC_Proteome_PNNL_20200522	True	CPT0128610003	False
C3L-02602	12CPTAC_C_UCEC_Proteome_PNNL_20200522	12	single		1	CPT0113910003		CPT0113910003	1	12CPTAC_C_UCEC_Proteome_PNNL_20200522	12CPTAC_C_UCEC_Proteome_PNNL_20200522	False	CPT0113910003	12CPTAC_C_UCEC_Proteome_PNNL_20200522	12CPTAC_C_UCEC_Proteome_PNNL_20200522	True	CPT0113910003	False
C3L-02741	02CPTAC_C_UCEC_Proteome_PNNL_20191223	02	single		1	CPT0188190004		CPT0188190004	1	02CPTAC_C_UCEC_Proteome_PNNL_20191223	02CPTAC_C_UCEC_Proteome_PNNL_20191223	False	CPT0188190004	02CPTAC_C_UCEC_Proteome_PNNL_20191223	02CPTAC_C_UCEC_Proteome_PNNL_20191223	True	CPT0188190004	False
C3L-02744	06CPTAC_C_UCEC_Proteome_PNNL_20200223	06	single		1	CPT0188370003		CPT0188370003	1	06CPTAC_C_UCEC_Proteome_PNNL_20200223	06CPTAC_C_UCEC_Proteome_PNNL_20200223	False	CPT0188370003	06CPTAC_C_UCEC_Proteome_PNNL_20200223	06CPTAC_C_UCEC_Proteome_PNNL_20200223	True	CPT0188370003	False
C3L-02746	06CPTAC_C_UCEC_Proteome_PNNL_20200223	06	single		1	CPT0188270004		CPT0188270004	1	06CPTAC_C_UCEC_Proteome_PNNL_20200223	06CPTAC_C_UCEC_Proteome_PNNL_20200223	False	CPT0188270004	06CPTAC_C_UCEC_Proteome_PNNL_20200223	06CPTAC_C_UCEC_Proteome_PNNL_20200223	True	CPT0188270004	False
C3L-02747	06CPTAC_C_UCEC_Proteome_PNNL_20200223	06	single		1	CPT0188480004		CPT0188480004	1	06CPTAC_C_UCEC_Proteome_PNNL_20200223	06CPTAC_C_UCEC_Proteome_PNNL_20200223	False	CPT0188480004	06CPTAC_C_UCEC_Proteome_PNNL_20200223	06CPTAC_C_UCEC_Proteome_PNNL_20200223	True	CPT0188480004	False
C3L-02800	11CPTAC_C_UCEC_Proteome_PNNL_20200522	11	single		1	CPT0186900008		CPT0186900008	1	11CPTAC_C_UCEC_Proteome_PNNL_20200522	11CPTAC_C_UCEC_Proteome_PNNL_20200522	False	CPT0186900008	11CPTAC_C_UCEC_Proteome_PNNL_20200522	11CPTAC_C_UCEC_Proteome_PNNL_20200522	True	CPT0186900008	False
C3L-02802	03CPTAC_C_UCEC_Proteome_PNNL_20191223	03	single		1	CPT0174890008		CPT0174890008	1	03CPTAC_C_UCEC_Proteome_PNNL_20191223	03CPTAC_C_UCEC_Proteome_PNNL_20191223	False	CPT0174890008	03CPTAC_C_UCEC_Proteome_PNNL_20191223	03CPTAC_C_UCEC_Proteome_PNNL_20191223	True	CPT0174890008	False
C3L-02894	08CPTAC_C_UCEC_Proteome_PNNL_20200223	08	single		1	CPT0196790004		CPT0196790004	1	08CPTAC_C_UCEC_Proteome_PNNL_20200223	08CPTAC_C_UCEC_Proteome_PNNL_20200223	False	CPT0196790004	08CPTAC_C_UCEC_Proteome_PNNL_20200223	08CPTAC_C_UCEC_Proteome_PNNL_20200223	True	CPT0196790004	False
C3L-02953	14CPTAC_C_UCEC_Proteome_PNNL_20200706	14	single		1	CPT0161590008		CPT0161590008	1	14CPTAC_C_UCEC_Proteome_PNNL_20200706	14CPTAC_C_UCEC_Proteome_PNNL_20200706	False	CPT0161590008	14CPTAC_C_UCEC_Proteome_PNNL_20200706	14CPTAC_C_UCEC_Proteome_PNNL_20200706	True	CPT0161590008	False
C3L-02990	06CPTAC_C_UCEC_Proteome_PNNL_20200223	06	single		1	CPT0238260003		CPT0238260003	1	06CPTAC_C_UCEC_Proteome_PNNL_20200223	06CPTAC_C_UCEC_Proteome_PNNL_20200223	False	CPT0238260003	06CPTAC_C_UCEC_Proteome_PNNL_20200223	06CPTAC_C_UCEC_Proteome_PNNL_20200223	True	CPT0238260003	False
C3L-03143	15CPTAC_C_UCEC_Proteome_PNNL_20200706	15	single		1	CPT0234080003		CPT0234080003	1	15CPTAC_C_UCEC_Proteome_PNNL_20200706	15CPTAC_C_UCEC_Proteome_PNNL_20200706	False	CPT0234080003	15CPTAC_C_UCEC_Proteome_PNNL_20200706	15CPTAC_C_UCEC_Proteome_PNNL_20200706	True	CPT0234080003	False
C3L-03264	13CPTAC_C_UCEC_Proteome_PNNL_20200706	13	single		1	CPT0225010003		CPT0225010003	1	13CPTAC_C_UCEC_Proteome_PNNL_20200706	13CPTAC_C_UCEC_Proteome_PNNL_20200706	False	CPT0225010003	13CPTAC_C_UCEC_Proteome_PNNL_20200706	13CPTAC_C_UCEC_Proteome_PNNL_20200706	True	CPT0225010003	False
C3L-03467	04CPTAC_C_UCEC_Proteome_PNNL_20191223	04	single		1	CPT0188610003		CPT0188610003	1	04CPTAC_C_UCEC_Proteome_PNNL_20191223	04CPTAC_C_UCEC_Proteome_PNNL_20191223	False	CPT0188610003	04CPTAC_C_UCEC_Proteome_PNNL_20191223	04CPTAC_C_UCEC_Proteome_PNNL_20191223	True	CPT0188610003	False
C3L-03589	09CPTAC_C_UCEC_Proteome_PNNL_20200522	09	single		1	CPT0188710003		CPT0188710003	1	09CPTAC_C_UCEC_Proteome_PNNL_20200522	09CPTAC_C_UCEC_Proteome_PNNL_20200522	False	CPT0188710003	09CPTAC_C_UCEC_Proteome_PNNL_20200522	09CPTAC_C_UCEC_Proteome_PNNL_20200522	True	CPT0188710003	False
C3L-05571	16CPTAC_C_UCEC_Proteome_PNNL_20200706	16	multi_plex	plex of the non-Disqualified aliquot	2	CPT0275270003;CPT0275270003.1	CPT0275270003	CPT0275270003;CPT0275270003.1	2	04CPTAC_C_UCEC_Proteome_PNNL_20191223;16CPTAC_C_UCEC_Proteome_PNNL_20200706	04CPTAC_C_UCEC_Proteome_PNNL_20191223	True	CPT0275270003;CPT0275270003.1	04CPTAC_C_UCEC_Proteome_PNNL_20191223;16CPTAC_C_UCEC_Proteome_PNNL_20200706	16CPTAC_C_UCEC_Proteome_PNNL_20200706	True	CPT0275270003;CPT0275270003.1	False
C3L-05848	01CPTAC_C_UCEC_Proteome_PNNL_20191223	01	single		1	CPT0288750003		CPT0288750003	1	01CPTAC_C_UCEC_Proteome_PNNL_20191223	01CPTAC_C_UCEC_Proteome_PNNL_20191223	False	CPT0288750003	01CPTAC_C_UCEC_Proteome_PNNL_20191223	01CPTAC_C_UCEC_Proteome_PNNL_20191223	True	CPT0288750003	False
C3L-05849	10CPTAC_C_UCEC_Proteome_PNNL_20200522	10	single		1	CPT0288830003		CPT0288830003	1	10CPTAC_C_UCEC_Proteome_PNNL_20200522	10CPTAC_C_UCEC_Proteome_PNNL_20200522	False	CPT0288830003	10CPTAC_C_UCEC_Proteome_PNNL_20200522	10CPTAC_C_UCEC_Proteome_PNNL_20200522	True	CPT0288830003	False
C3N-00155	15CPTAC_C_UCEC_Proteome_PNNL_20200706	15	single		1	CPT0104820003		CPT0104820003	1	15CPTAC_C_UCEC_Proteome_PNNL_20200706	15CPTAC_C_UCEC_Proteome_PNNL_20200706	False	CPT0104820003	15CPTAC_C_UCEC_Proteome_PNNL_20200706	15CPTAC_C_UCEC_Proteome_PNNL_20200706	True	CPT0104820003	False
C3N-00520	07CPTAC_C_UCEC_Proteome_PNNL_20200223	07	single		1	CPT0115000004		CPT0115000004	1	07CPTAC_C_UCEC_Proteome_PNNL_20200223	07CPTAC_C_UCEC_Proteome_PNNL_20200223	False	CPT0115000004	07CPTAC_C_UCEC_Proteome_PNNL_20200223	07CPTAC_C_UCEC_Proteome_PNNL_20200223	True	CPT0115000004	False
C3N-00732	07CPTAC_C_UCEC_Proteome_PNNL_20200223	07	single		1	CPT0089600003		CPT0089600003	1	07CPTAC_C_UCEC_Proteome_PNNL_20200223	07CPTAC_C_UCEC_Proteome_PNNL_20200223	False	CPT0089600003	07CPTAC_C_UCEC_Proteome_PNNL_20200223	07CPTAC_C_UCEC_Proteome_PNNL_20200223	True	CPT0089600003	False
C3N-00750	16CPTAC_C_UCEC_Proteome_PNNL_20200706	16	single		1	CPT0265110003		CPT0265110003	1	16CPTAC_C_UCEC_Proteome_PNNL_20200706	16CPTAC_C_UCEC_Proteome_PNNL_20200706	False	CPT0265110003	16CPTAC_C_UCEC_Proteome_PNNL_20200706	16CPTAC_C_UCEC_Proteome_PNNL_20200706	True	CPT0265110003	False
C3N-00753	14CPTAC_C_UCEC_Proteome_PNNL_20200706	14	single		1	CPT0129640003		CPT0129640003	1	14CPTAC_C_UCEC_Proteome_PNNL_20200706	14CPTAC_C_UCEC_Proteome_PNNL_20200706	False	CPT0129640003	14CPTAC_C_UCEC_Proteome_PNNL_20200706	14CPTAC_C_UCEC_Proteome_PNNL_20200706	True	CPT0129640003	False
C3N-00755	07CPTAC_C_UCEC_Proteome_PNNL_20200223	07	single		1	CPT0129520003		CPT0129520003	1	07CPTAC_C_UCEC_Proteome_PNNL_20200223	07CPTAC_C_UCEC_Proteome_PNNL_20200223	False	CPT0129520003	07CPTAC_C_UCEC_Proteome_PNNL_20200223	07CPTAC_C_UCEC_Proteome_PNNL_20200223	True	CPT0129520003	False
C3N-00859	16CPTAC_C_UCEC_Proteome_PNNL_20200706	16	single		1	CPT0116010004		CPT0116010004	1	16CPTAC_C_UCEC_Proteome_PNNL_20200706	16CPTAC_C_UCEC_Proteome_PNNL_20200706	False	CPT0116010004	16CPTAC_C_UCEC_Proteome_PNNL_20200706	16CPTAC_C_UCEC_Proteome_PNNL_20200706	True	CPT0116010004	False
C3N-00860	15CPTAC_C_UCEC_Proteome_PNNL_20200706	15	single		1	CPT0116140004		CPT0116140004	1	15CPTAC_C_UCEC_Proteome_PNNL_20200706	15CPTAC_C_UCEC_Proteome_PNNL_20200706	False	CPT0116140004	15CPTAC_C_UCEC_Proteome_PNNL_20200706	15CPTAC_C_UCEC_Proteome_PNNL_20200706	True	CPT0116140004	False
C3N-00872	11CPTAC_C_UCEC_Proteome_PNNL_20200522	11	single		1	CPT0116250004		CPT0116250004	1	11CPTAC_C_UCEC_Proteome_PNNL_20200522	11CPTAC_C_UCEC_Proteome_PNNL_20200522	False	CPT0116250004	11CPTAC_C_UCEC_Proteome_PNNL_20200522	11CPTAC_C_UCEC_Proteome_PNNL_20200522	True	CPT0116250004	False
C3N-01007	02CPTAC_C_UCEC_Proteome_PNNL_20191223	02	single		1	CPT0095100003		CPT0095100003	1	02CPTAC_C_UCEC_Proteome_PNNL_20191223	02CPTAC_C_UCEC_Proteome_PNNL_20191223	False	CPT0095100003	02CPTAC_C_UCEC_Proteome_PNNL_20191223	02CPTAC_C_UCEC_Proteome_PNNL_20191223	True	CPT0095100003	False
C3N-01008	03CPTAC_C_UCEC_Proteome_PNNL_20191223	03	single		1	CPT0095130004		CPT0095130004	1	03CPTAC_C_UCEC_Proteome_PNNL_20191223	03CPTAC_C_UCEC_Proteome_PNNL_20191223	False	CPT0095130004	03CPTAC_C_UCEC_Proteome_PNNL_20191223	03CPTAC_C_UCEC_Proteome_PNNL_20191223	True	CPT0095130004	False
C3N-01079	02CPTAC_C_UCEC_Proteome_PNNL_20191223	02	single		1	CPT0211120004		CPT0211120004	1	02CPTAC_C_UCEC_Proteome_PNNL_20191223	02CPTAC_C_UCEC_Proteome_PNNL_20191223	False	CPT0211120004	02CPTAC_C_UCEC_Proteome_PNNL_20191223	02CPTAC_C_UCEC_Proteome_PNNL_20191223	True	CPT0211120004	False
C3N-01171	10CPTAC_C_UCEC_Proteome_PNNL_20200522	10	single		1	CPT0095190003		CPT0095190003	1	10CPTAC_C_UCEC_Proteome_PNNL_20200522	10CPTAC_C_UCEC_Proteome_PNNL_20200522	False	CPT0095190003	10CPTAC_C_UCEC_Proteome_PNNL_20200522	10CPTAC_C_UCEC_Proteome_PNNL_20200522	True	CPT0095190003	False
C3N-01172	08CPTAC_C_UCEC_Proteome_PNNL_20200223	08	single		1	CPT0095230003		CPT0095230003	1	08CPTAC_C_UCEC_Proteome_PNNL_20200223	08CPTAC_C_UCEC_Proteome_PNNL_20200223	False	CPT0095230003	08CPTAC_C_UCEC_Proteome_PNNL_20200223	08CPTAC_C_UCEC_Proteome_PNNL_20200223	True	CPT0095230003	False
C3N-01341	04CPTAC_C_UCEC_Proteome_PNNL_20191223	04	single		1	CPT0095280003		CPT0095280003	1	04CPTAC_C_UCEC_Proteome_PNNL_20191223	04CPTAC_C_UCEC_Proteome_PNNL_20191223	False	CPT0095280003	04CPTAC_C_UCEC_Proteome_PNNL_20191223	04CPTAC_C_UCEC_Proteome_PNNL_20191223	True	CPT0095280003	False
C3N-01342	01CPTAC_C_UCEC_Proteome_PNNL_20191223	01	single		1	CPT0088140003		CPT0088140003	1	01CPTAC_C_UCEC_Proteome_PNNL_20191223	01CPTAC_C_UCEC_Proteome_PNNL_20191223	False	CPT0088140003	01CPTAC_C_UCEC_Proteome_PNNL_20191223	01CPTAC_C_UCEC_Proteome_PNNL_20191223	True	CPT0088140003	False
C3N-01344	08CPTAC_C_UCEC_Proteome_PNNL_20200223	08	single		1	CPT0116340004		CPT0116340004	1	08CPTAC_C_UCEC_Proteome_PNNL_20200223	08CPTAC_C_UCEC_Proteome_PNNL_20200223	False	CPT0116340004	08CPTAC_C_UCEC_Proteome_PNNL_20200223	08CPTAC_C_UCEC_Proteome_PNNL_20200223	True	CPT0116340004	False
C3N-01525	04CPTAC_C_UCEC_Proteome_PNNL_20191223	04	single		1	CPT0095880003		CPT0095880003	1	04CPTAC_C_UCEC_Proteome_PNNL_20191223	04CPTAC_C_UCEC_Proteome_PNNL_20191223	False	CPT0095880003	04CPTAC_C_UCEC_Proteome_PNNL_20191223	04CPTAC_C_UCEC_Proteome_PNNL_20191223	True	CPT0095880003	False
C3N-01526	02CPTAC_C_UCEC_Proteome_PNNL_20191223	02	single		1	CPT0096010003		CPT0096010003	1	02CPTAC_C_UCEC_Proteome_PNNL_20191223	02CPTAC_C_UCEC_Proteome_PNNL_20191223	False	CPT0096010003	02CPTAC_C_UCEC_Proteome_PNNL_20191223	02CPTAC_C_UCEC_Proteome_PNNL_20191223	True	CPT0096010003	False
C3N-01529	10CPTAC_C_UCEC_Proteome_PNNL_20200522	10	single		1	CPT0097440003		CPT0097440003	1	10CPTAC_C_UCEC_Proteome_PNNL_20200522	10CPTAC_C_UCEC_Proteome_PNNL_20200522	False	CPT0097440003	10CPTAC_C_UCEC_Proteome_PNNL_20200522	10CPTAC_C_UCEC_Proteome_PNNL_20200522	True	CPT0097440003	False
C3N-01761	09CPTAC_C_UCEC_Proteome_PNNL_20200522	09	single		1	CPT0116710003		CPT0116710003	1	09CPTAC_C_UCEC_Proteome_PNNL_20200522	09CPTAC_C_UCEC_Proteome_PNNL_20200522	False	CPT0116710003	09CPTAC_C_UCEC_Proteome_PNNL_20200522	09CPTAC_C_UCEC_Proteome_PNNL_20200522	True	CPT0116710003	False
C3N-01764	07CPTAC_C_UCEC_Proteome_PNNL_20200223	07	single		1	CPT0181320003		CPT0181320003	1	07CPTAC_C_UCEC_Proteome_PNNL_20200223	07CPTAC_C_UCEC_Proteome_PNNL_20200223	False	CPT0181320003	07CPTAC_C_UCEC_Proteome_PNNL_20200223	07CPTAC_C_UCEC_Proteome_PNNL_20200223	True	CPT0181320003	False
C3N-01765	04CPTAC_C_UCEC_Proteome_PNNL_20191223	04	single		1	CPT0116940003		CPT0116940003	1	04CPTAC_C_UCEC_Proteome_PNNL_20191223	04CPTAC_C_UCEC_Proteome_PNNL_20191223	False	CPT0116940003	04CPTAC_C_UCEC_Proteome_PNNL_20191223	04CPTAC_C_UCEC_Proteome_PNNL_20191223	True	CPT0116940003	False
C3N-01766	02CPTAC_C_UCEC_Proteome_PNNL_20191223	02	single		1	CPT0226810003		CPT0226810003	1	02CPTAC_C_UCEC_Proteome_PNNL_20191223	02CPTAC_C_UCEC_Proteome_PNNL_20191223	False	CPT0226810003	02CPTAC_C_UCEC_Proteome_PNNL_20191223	02CPTAC_C_UCEC_Proteome_PNNL_20191223	True	CPT0226810003	False
C3N-01830	12CPTAC_C_UCEC_Proteome_PNNL_20200522	12	single		1	CPT0097300003		CPT0097300003	1	12CPTAC_C_UCEC_Proteome_PNNL_20200522	12CPTAC_C_UCEC_Proteome_PNNL_20200522	False	CPT0097300003	12CPTAC_C_UCEC_Proteome_PNNL_20200522	12CPTAC_C_UCEC_Proteome_PNNL_20200522	True	CPT0097300003	False
C3N-01843	09CPTAC_C_UCEC_Proteome_PNNL_20200522	09	single		1	CPT0098270003		CPT0098270003	1	09CPTAC_C_UCEC_Proteome_PNNL_20200522	09CPTAC_C_UCEC_Proteome_PNNL_20200522	False	CPT0098270003	09CPTAC_C_UCEC_Proteome_PNNL_20200522	09CPTAC_C_UCEC_Proteome_PNNL_20200522	True	CPT0098270003	False
C3N-01847	03CPTAC_C_UCEC_Proteome_PNNL_20191223	03	single		1	CPT0098920003		CPT0098920003	1	03CPTAC_C_UCEC_Proteome_PNNL_20191223	03CPTAC_C_UCEC_Proteome_PNNL_20191223	False	CPT0098920003	03CPTAC_C_UCEC_Proteome_PNNL_20191223	03CPTAC_C_UCEC_Proteome_PNNL_20191223	True	CPT0098920003	False
C3N-01848	12CPTAC_C_UCEC_Proteome_PNNL_20200522	12	single		1	CPT0099050003		CPT0099050003	1	12CPTAC_C_UCEC_Proteome_PNNL_20200522	12CPTAC_C_UCEC_Proteome_PNNL_20200522	False	CPT0099050003	12CPTAC_C_UCEC_Proteome_PNNL_20200522	12CPTAC_C_UCEC_Proteome_PNNL_20200522	True	CPT0099050003	False
C3N-01871	13CPTAC_C_UCEC_Proteome_PNNL_20200706	13	single		1	CPT0117010004		CPT0117010004	1	13CPTAC_C_UCEC_Proteome_PNNL_20200706	13CPTAC_C_UCEC_Proteome_PNNL_20200706	False	CPT0117010004	13CPTAC_C_UCEC_Proteome_PNNL_20200706	13CPTAC_C_UCEC_Proteome_PNNL_20200706	True	CPT0117010004	False
C3N-01873	16CPTAC_C_UCEC_Proteome_PNNL_20200706	16	single		1	CPT0117230003		CPT0117230003	1	16CPTAC_C_UCEC_Proteome_PNNL_20200706	16CPTAC_C_UCEC_Proteome_PNNL_20200706	False	CPT0117230003	16CPTAC_C_UCEC_Proteome_PNNL_20200706	16CPTAC_C_UCEC_Proteome_PNNL_20200706	True	CPT0117230003	False
C3N-01874	16CPTAC_C_UCEC_Proteome_PNNL_20200706	16	single		1	CPT0117300003		CPT0117300003	1	16CPTAC_C_UCEC_Proteome_PNNL_20200706	16CPTAC_C_UCEC_Proteome_PNNL_20200706	False	CPT0117300003	16CPTAC_C_UCEC_Proteome_PNNL_20200706	16CPTAC_C_UCEC_Proteome_PNNL_20200706	True	CPT0117300003	False
C3N-01875	02CPTAC_C_UCEC_Proteome_PNNL_20191223	02	single		1	CPT0117370004		CPT0117370004	1	02CPTAC_C_UCEC_Proteome_PNNL_20191223	02CPTAC_C_UCEC_Proteome_PNNL_20191223	False	CPT0117370004	02CPTAC_C_UCEC_Proteome_PNNL_20191223	02CPTAC_C_UCEC_Proteome_PNNL_20191223	True	CPT0117370004	False
C3N-01876	15CPTAC_C_UCEC_Proteome_PNNL_20200706	15	single		1	CPT0117440003		CPT0117440003	1	15CPTAC_C_UCEC_Proteome_PNNL_20200706	15CPTAC_C_UCEC_Proteome_PNNL_20200706	False	CPT0117440003	15CPTAC_C_UCEC_Proteome_PNNL_20200706	15CPTAC_C_UCEC_Proteome_PNNL_20200706	True	CPT0117440003	False
C3N-01877	08CPTAC_C_UCEC_Proteome_PNNL_20200223	08	single		1	CPT0117510003		CPT0117510003	1	08CPTAC_C_UCEC_Proteome_PNNL_20200223	08CPTAC_C_UCEC_Proteome_PNNL_20200223	False	CPT0117510003	08CPTAC_C_UCEC_Proteome_PNNL_20200223	08CPTAC_C_UCEC_Proteome_PNNL_20200223	True	CPT0117510003	False
C3N-01878	05CPTAC_C_UCEC_Proteome_PNNL_20200223	05	single		1	CPT0117560003		CPT0117560003	1	05CPTAC_C_UCEC_Proteome_PNNL_20200223	05CPTAC_C_UCEC_Proteome_PNNL_20200223	False	CPT0117560003	05CPTAC_C_UCEC_Proteome_PNNL_20200223	05CPTAC_C_UCEC_Proteome_PNNL_20200223	True	CPT0117560003	False
C3N-01879	08CPTAC_C_UCEC_Proteome_PNNL_20200223	08	single		1	CPT0226860003		CPT0226860003	1	08CPTAC_C_UCEC_Proteome_PNNL_20200223	08CPTAC_C_UCEC_Proteome_PNNL_20200223	False	CPT0226860003	08CPTAC_C_UCEC_Proteome_PNNL_20200223	08CPTAC_C_UCEC_Proteome_PNNL_20200223	True	CPT0226860003	False
C3N-01880	14CPTAC_C_UCEC_Proteome_PNNL_20200706	14	single		1	CPT0244510003		CPT0244510003	1	14CPTAC_C_UCEC_Proteome_PNNL_20200706	14CPTAC_C_UCEC_Proteome_PNNL_20200706	False	CPT0244510003	14CPTAC_C_UCEC_Proteome_PNNL_20200706	14CPTAC_C_UCEC_Proteome_PNNL_20200706	True	CPT0244510003	False
C3N-02012	04CPTAC_C_UCEC_Proteome_PNNL_20191223	04	single		1	CPT0115470003		CPT0115470003	1	04CPTAC_C_UCEC_Proteome_PNNL_20191223	04CPTAC_C_UCEC_Proteome_PNNL_20191223	False	CPT0115470003	04CPTAC_C_UCEC_Proteome_PNNL_20191223	04CPTAC_C_UCEC_Proteome_PNNL_20191223	True	CPT0115470003	False
C3N-02027	07CPTAC_C_UCEC_Proteome_PNNL_20200223	07	single		1	CPT0133400008		CPT0133400008	1	07CPTAC_C_UCEC_Proteome_PNNL_20200223	07CPTAC_C_UCEC_Proteome_PNNL_20200223	False	CPT0133400008	07CPTAC_C_UCEC_Proteome_PNNL_20200223	07CPTAC_C_UCEC_Proteome_PNNL_20200223	True	CPT0133400008	False
C3N-02028	03CPTAC_C_UCEC_Proteome_PNNL_20191223	03	single		1	CPT0133600003		CPT0133600003	1	03CPTAC_C_UCEC_Proteome_PNNL_20191223	03CPTAC_C_UCEC_Proteome_PNNL_20191223	False	CPT0133600003	03CPTAC_C_UCEC_Proteome_PNNL_20191223	03CPTAC_C_UCEC_Proteome_PNNL_20191223	True	CPT0133600003	False
C3N-02030	04CPTAC_C_UCEC_Proteome_PNNL_20191223	04	single		1	CPT0133770008		CPT0133770008	1	04CPTAC_C_UCEC_Proteome_PNNL_20191223	04CPTAC_C_UCEC_Proteome_PNNL_20191223	False	CPT0133770008	04CPTAC_C_UCEC_Proteome_PNNL_20191223	04CPTAC_C_UCEC_Proteome_PNNL_20191223	True	CPT0133770008	False
C3N-02061	02CPTAC_C_UCEC_Proteome_PNNL_20191223	02	single		1	CPT0134310008		CPT0134310008	1	02CPTAC_C_UCEC_Proteome_PNNL_20191223	02CPTAC_C_UCEC_Proteome_PNNL_20191223	False	CPT0134310008	02CPTAC_C_UCEC_Proteome_PNNL_20191223	02CPTAC_C_UCEC_Proteome_PNNL_20191223	True	CPT0134310008	False
C3N-02062	01CPTAC_C_UCEC_Proteome_PNNL_20191223	01	single		1	CPT0134500003		CPT0134500003	1	01CPTAC_C_UCEC_Proteome_PNNL_20191223	01CPTAC_C_UCEC_Proteome_PNNL_20191223	False	CPT0134500003	01CPTAC_C_UCEC_Proteome_PNNL_20191223	01CPTAC_C_UCEC_Proteome_PNNL_20191223	True	CPT0134500003	False
C3N-02244	02CPTAC_C_UCEC_Proteome_PNNL_20191223	02	single		1	CPT0128960003		CPT0128960003	1	02CPTAC_C_UCEC_Proteome_PNNL_20191223	02CPTAC_C_UCEC_Proteome_PNNL_20191223	False	CPT0128960003	02CPTAC_C_UCEC_Proteome_PNNL_20191223	02CPTAC_C_UCEC_Proteome_PNNL_20191223	True	CPT0128960003	False
C3N-02247	03CPTAC_C_UCEC_Proteome_PNNL_20191223	03	single		1	CPT0265300003		CPT0265300003	1	03CPTAC_C_UCEC_Proteome_PNNL_20191223	03CPTAC_C_UCEC_Proteome_PNNL_20191223	False	CPT0265300003	03CPTAC_C_UCEC_Proteome_PNNL_20191223	03CPTAC_C_UCEC_Proteome_PNNL_20191223	True	CPT0265300003	False
C3N-02249	10CPTAC_C_UCEC_Proteome_PNNL_20200522	10	single		1	CPT0129080003		CPT0129080003	1	10CPTAC_C_UCEC_Proteome_PNNL_20200522	10CPTAC_C_UCEC_Proteome_PNNL_20200522	False	CPT0129080003	10CPTAC_C_UCEC_Proteome_PNNL_20200522	10CPTAC_C_UCEC_Proteome_PNNL_20200522	True	CPT0129080003	False
C3N-02253	14CPTAC_C_UCEC_Proteome_PNNL_20200706	14	single		1	CPT0128770003		CPT0128770003	1	14CPTAC_C_UCEC_Proteome_PNNL_20200706	14CPTAC_C_UCEC_Proteome_PNNL_20200706	False	CPT0128770003	14CPTAC_C_UCEC_Proteome_PNNL_20200706	14CPTAC_C_UCEC_Proteome_PNNL_20200706	True	CPT0128770003	False
C3N-02271	03CPTAC_C_UCEC_Proteome_PNNL_20191223	03	single		1	CPT0181670008		CPT0181670008	1	03CPTAC_C_UCEC_Proteome_PNNL_20191223	03CPTAC_C_UCEC_Proteome_PNNL_20191223	False	CPT0181670008	03CPTAC_C_UCEC_Proteome_PNNL_20191223	03CPTAC_C_UCEC_Proteome_PNNL_20191223	True	CPT0181670008	False
C3N-02274	05CPTAC_C_UCEC_Proteome_PNNL_20200223	05	single		1	CPT0182380004		CPT0182380004	1	05CPTAC_C_UCEC_Proteome_PNNL_20200223	05CPTAC_C_UCEC_Proteome_PNNL_20200223	False	CPT0182380004	05CPTAC_C_UCEC_Proteome_PNNL_20200223	05CPTAC_C_UCEC_Proteome_PNNL_20200223	True	CPT0182380004	False
C3N-02296	09CPTAC_C_UCEC_Proteome_PNNL_20200522	09	single		1	CPT0181750004		CPT0181750004	1	09CPTAC_C_UCEC_Proteome_PNNL_20200522	09CPTAC_C_UCEC_Proteome_PNNL_20200522	False	CPT0181750004	09CPTAC_C_UCEC_Proteome_PNNL_20200522	09CPTAC_C_UCEC_Proteome_PNNL_20200522	True	CPT0181750004	False
C3N-02298	10CPTAC_C_UCEC_Proteome_PNNL_20200522	10	single		1	CPT0181540008		CPT0181540008	1	10CPTAC_C_UCEC_Proteome_PNNL_20200522	10CPTAC_C_UCEC_Proteome_PNNL_20200522	False	CPT0181540008	10CPTAC_C_UCEC_Proteome_PNNL_20200522	10CPTAC_C_UCEC_Proteome_PNNL_20200522	True	CPT0181540008	False
C3N-02302	11CPTAC_C_UCEC_Proteome_PNNL_20200522	11	single		1	CPT0181610003		CPT0181610003	1	11CPTAC_C_UCEC_Proteome_PNNL_20200522	11CPTAC_C_UCEC_Proteome_PNNL_20200522	False	CPT0181610003	11CPTAC_C_UCEC_Proteome_PNNL_20200522	11CPTAC_C_UCEC_Proteome_PNNL_20200522	True	CPT0181610003	False
C3N-02337	12CPTAC_C_UCEC_Proteome_PNNL_20200522	12	single		1	CPT0136280003		CPT0136280003	1	12CPTAC_C_UCEC_Proteome_PNNL_20200522	12CPTAC_C_UCEC_Proteome_PNNL_20200522	False	CPT0136280003	12CPTAC_C_UCEC_Proteome_PNNL_20200522	12CPTAC_C_UCEC_Proteome_PNNL_20200522	True	CPT0136280003	False
C3N-02372	07CPTAC_C_UCEC_Proteome_PNNL_20200223	07	single		1	CPT0137140008		CPT0137140008	1	07CPTAC_C_UCEC_Proteome_PNNL_20200223	07CPTAC_C_UCEC_Proteome_PNNL_20200223	False	CPT0137140008	07CPTAC_C_UCEC_Proteome_PNNL_20200223	07CPTAC_C_UCEC_Proteome_PNNL_20200223	True	CPT0137140008	False
C3N-02436	14CPTAC_C_UCEC_Proteome_PNNL_20200706	14	single		1	CPT0115530003		CPT0115530003	1	14CPTAC_C_UCEC_Proteome_PNNL_20200706	14CPTAC_C_UCEC_Proteome_PNNL_20200706	False	CPT0115530003	14CPTAC_C_UCEC_Proteome_PNNL_20200706	14CPTAC_C_UCEC_Proteome_PNNL_20200706	True	CPT0115530003	False
C3N-02437	01CPTAC_C_UCEC_Proteome_PNNL_20191223	01	single		1	CPT0159110003		CPT0159110003	1	01CPTAC_C_UCEC_Proteome_PNNL_20191223	01CPTAC_C_UCEC_Proteome_PNNL_20191223	False	CPT0159110003	01CPTAC_C_UCEC_Proteome_PNNL_20191223	01CPTAC_C_UCEC_Proteome_PNNL_20191223	True	CPT0159110003	False
C3N-02595	15CPTAC_C_UCEC_Proteome_PNNL_20200706	15	single		1	CPT0181810004		CPT0181810004	1	15CPTAC_C_UCEC_Proteome_PNNL_20200706	15CPTAC_C_UCEC_Proteome_PNNL_20200706	False	CPT0181810004	15CPTAC_C_UCEC_Proteome_PNNL_20200706	15CPTAC_C_UCEC_Proteome_PNNL_20200706	True	CPT0181810004	False
C3N-02598	12CPTAC_C_UCEC_Proteome_PNNL_20200522	12	single		1	CPT0187960004		CPT0187960004	1	12CPTAC_C_UCEC_Proteome_PNNL_20200522	12CPTAC_C_UCEC_Proteome_PNNL_20200522	False	CPT0187960004	12CPTAC_C_UCEC_Proteome_PNNL_20200522	12CPTAC_C_UCEC_Proteome_PNNL_20200522	True	CPT0187960004	False
C3N-02631	11CPTAC_C_UCEC_Proteome_PNNL_20200522	11	single		1	CPT0181960004		CPT0181960004	1	11CPTAC_C_UCEC_Proteome_PNNL_20200522	11CPTAC_C_UCEC_Proteome_PNNL_20200522	False	CPT0181960004	11CPTAC_C_UCEC_Proteome_PNNL_20200522	11CPTAC_C_UCEC_Proteome_PNNL_20200522	True	CPT0181960004	False
C3N-02632	01CPTAC_C_UCEC_Proteome_PNNL_20191223	01	single		1	CPT0182020004		CPT0182020004	1	01CPTAC_C_UCEC_Proteome_PNNL_20191223	01CPTAC_C_UCEC_Proteome_PNNL_20191223	False	CPT0182020004	01CPTAC_C_UCEC_Proteome_PNNL_20191223	01CPTAC_C_UCEC_Proteome_PNNL_20191223	True	CPT0182020004	False
C3N-02635	13CPTAC_C_UCEC_Proteome_PNNL_20200706	13	single		1	CPT0182070004		CPT0182070004	1	13CPTAC_C_UCEC_Proteome_PNNL_20200706	13CPTAC_C_UCEC_Proteome_PNNL_20200706	False	CPT0182070004	13CPTAC_C_UCEC_Proteome_PNNL_20200706	13CPTAC_C_UCEC_Proteome_PNNL_20200706	True	CPT0182070004	False
C3N-02636	14CPTAC_C_UCEC_Proteome_PNNL_20200706	14	single		1	CPT0182150003		CPT0182150003	1	14CPTAC_C_UCEC_Proteome_PNNL_20200706	14CPTAC_C_UCEC_Proteome_PNNL_20200706	False	CPT0182150003	14CPTAC_C_UCEC_Proteome_PNNL_20200706	14CPTAC_C_UCEC_Proteome_PNNL_20200706	True	CPT0182150003	False
C3N-02637	15CPTAC_C_UCEC_Proteome_PNNL_20200706	15	single		1	CPT0182210004		CPT0182210004	1	15CPTAC_C_UCEC_Proteome_PNNL_20200706	15CPTAC_C_UCEC_Proteome_PNNL_20200706	False	CPT0182210004	15CPTAC_C_UCEC_Proteome_PNNL_20200706	15CPTAC_C_UCEC_Proteome_PNNL_20200706	True	CPT0182210004	False
C3N-02639	14CPTAC_C_UCEC_Proteome_PNNL_20200706	14	single		1	CPT0182290003		CPT0182290003	1	14CPTAC_C_UCEC_Proteome_PNNL_20200706	14CPTAC_C_UCEC_Proteome_PNNL_20200706	False	CPT0182290003	14CPTAC_C_UCEC_Proteome_PNNL_20200706	14CPTAC_C_UCEC_Proteome_PNNL_20200706	True	CPT0182290003	False
C3N-02678	11CPTAC_C_UCEC_Proteome_PNNL_20200522	11	single		1	CPT0182340004		CPT0182340004	1	11CPTAC_C_UCEC_Proteome_PNNL_20200522	11CPTAC_C_UCEC_Proteome_PNNL_20200522	False	CPT0182340004	11CPTAC_C_UCEC_Proteome_PNNL_20200522	11CPTAC_C_UCEC_Proteome_PNNL_20200522	True	CPT0182340004	False
C3N-02789	13CPTAC_C_UCEC_Proteome_PNNL_20200706	13	single		1	CPT0186010004		CPT0186010004	1	13CPTAC_C_UCEC_Proteome_PNNL_20200706	13CPTAC_C_UCEC_Proteome_PNNL_20200706	False	CPT0186010004	13CPTAC_C_UCEC_Proteome_PNNL_20200706	13CPTAC_C_UCEC_Proteome_PNNL_20200706	True	CPT0186010004	False
C3N-02947	08CPTAC_C_UCEC_Proteome_PNNL_20200223	08	single		1	CPT0158520008		CPT0158520008	1	08CPTAC_C_UCEC_Proteome_PNNL_20200223	08CPTAC_C_UCEC_Proteome_PNNL_20200223	False	CPT0158520008	08CPTAC_C_UCEC_Proteome_PNNL_20200223	08CPTAC_C_UCEC_Proteome_PNNL_20200223	True	CPT0158520008	False
C3N-02972	15CPTAC_C_UCEC_Proteome_PNNL_20200706	15	single		1	CPT0159220008		CPT0159220008	1	15CPTAC_C_UCEC_Proteome_PNNL_20200706	15CPTAC_C_UCEC_Proteome_PNNL_20200706	False	CPT0159220008	15CPTAC_C_UCEC_Proteome_PNNL_20200706	15CPTAC_C_UCEC_Proteome_PNNL_20200706	True	CPT0159220008	False
C3N-02976	07CPTAC_C_UCEC_Proteome_PNNL_20200223	07	single		1	CPT0188030003		CPT0188030003	1	07CPTAC_C_UCEC_Proteome_PNNL_20200223	07CPTAC_C_UCEC_Proteome_PNNL_20200223	False	CPT0188030003	07CPTAC_C_UCEC_Proteome_PNNL_20200223	07CPTAC_C_UCEC_Proteome_PNNL_20200223	True	CPT0188030003	False
C3N-02978	16CPTAC_C_UCEC_Proteome_PNNL_20200706	16	multi_plex	plex of the non-Disqualified aliquot	2	CPT0244470003;CPT0244470003.1	CPT0244470003	CPT0244470003;CPT0244470003.1	2	12CPTAC_C_UCEC_Proteome_PNNL_20200522;16CPTAC_C_UCEC_Proteome_PNNL_20200706	12CPTAC_C_UCEC_Proteome_PNNL_20200522	True	CPT0244470003;CPT0244470003.1	12CPTAC_C_UCEC_Proteome_PNNL_20200522;16CPTAC_C_UCEC_Proteome_PNNL_20200706	16CPTAC_C_UCEC_Proteome_PNNL_20200706	True	CPT0244470003;CPT0244470003.1	False
C3N-02979	06CPTAC_C_UCEC_Proteome_PNNL_20200223	06	single		1	CPT0188100004		CPT0188100004	1	06CPTAC_C_UCEC_Proteome_PNNL_20200223	06CPTAC_C_UCEC_Proteome_PNNL_20200223	False	CPT0188100004	06CPTAC_C_UCEC_Proteome_PNNL_20200223	06CPTAC_C_UCEC_Proteome_PNNL_20200223	True	CPT0188100004	False
C3N-02994	11CPTAC_C_UCEC_Proteome_PNNL_20200522	11	single		1	CPT0248000003		CPT0248000003	1	11CPTAC_C_UCEC_Proteome_PNNL_20200522	11CPTAC_C_UCEC_Proteome_PNNL_20200522	False	CPT0248000003	11CPTAC_C_UCEC_Proteome_PNNL_20200522	11CPTAC_C_UCEC_Proteome_PNNL_20200522	True	CPT0248000003	False
C3N-03005	05CPTAC_C_UCEC_Proteome_PNNL_20200223	05	single		1	CPT0247940003		CPT0247940003	1	05CPTAC_C_UCEC_Proteome_PNNL_20200223	05CPTAC_C_UCEC_Proteome_PNNL_20200223	False	CPT0247940003	05CPTAC_C_UCEC_Proteome_PNNL_20200223	05CPTAC_C_UCEC_Proteome_PNNL_20200223	True	CPT0247940003	False
C3N-03415	07CPTAC_C_UCEC_Proteome_PNNL_20200223	07	single		1	CPT0247910003		CPT0247910003	1	07CPTAC_C_UCEC_Proteome_PNNL_20200223	07CPTAC_C_UCEC_Proteome_PNNL_20200223	False	CPT0247910003	07CPTAC_C_UCEC_Proteome_PNNL_20200223	07CPTAC_C_UCEC_Proteome_PNNL_20200223	True	CPT0247910003	False
C3N-03417	13CPTAC_C_UCEC_Proteome_PNNL_20200706	13	single		1	CPT0247880003		CPT0247880003	1	13CPTAC_C_UCEC_Proteome_PNNL_20200706	13CPTAC_C_UCEC_Proteome_PNNL_20200706	False	CPT0247880003	13CPTAC_C_UCEC_Proteome_PNNL_20200706	13CPTAC_C_UCEC_Proteome_PNNL_20200706	True	CPT0247880003	False
C3N-03767	05CPTAC_C_UCEC_Proteome_PNNL_20200223	05	single		1	CPT0247970003		CPT0247970003	1	05CPTAC_C_UCEC_Proteome_PNNL_20200223	05CPTAC_C_UCEC_Proteome_PNNL_20200223	False	CPT0247970003	05CPTAC_C_UCEC_Proteome_PNNL_20200223	05CPTAC_C_UCEC_Proteome_PNNL_20200223	True	CPT0247970003	False
