case	filename	sample_code	portion	slide_label	size	keep	reason
TCGA-A2-A0CM	TCGA-A2-A0CM-01A-03-BSC.c240a44d-0583-496e-bdef-5cdb5e0ee167.svs	01A	03	BSC	207731433	1	keep
TCGA-A2-A0CM	TCGA-A2-A0CM-01A-03-TSC.7f2cc1ed-793e-4717-92fd-da1aa4424aed.svs	01A	03	TSC	211907977	1	keep
TCGA-A2-A0D0	TCGA-A2-A0D0-01A-01-BSA.de3699b8-cd5b-4bac-af17-b63d447c55e7.svs	01A	01	BSA	373612601	1	keep
TCGA-A2-A0D0	TCGA-A2-A0D0-01A-01-TSA.231084a7-765a-481e-9e40-2c9b131b38ea.svs	01A	01	TSA	304989867	1	keep
TCGA-A2-A0EQ	TCGA-A2-A0EQ-01A-01-BSA.fa7a323e-2939-4941-a56f-3b7352b16050.svs	01A	01	BSA	433425625	1	keep
TCGA-A2-A0EQ	TCGA-A2-A0EQ-01A-01-TSA.c64d0ac8-9849-47c7-86e1-2e2037b02422.svs	01A	01	TSA	434227985	1	keep
TCGA-A2-A0EV	TCGA-A2-A0EV-01A-01-BSA.895f4272-acc0-48e5-8c91-58209e6aa849.svs	01A	01	BSA	297708621	1	keep
TCGA-A2-A0EV	TCGA-A2-A0EV-01A-01-TSA.49658afd-55bd-4adb-a3c2-06a4e633efc5.svs	01A	01	TSA	255154101	1	keep
TCGA-A2-A0EX	TCGA-A2-A0EX-01A-02-MSB.8a884510-c00e-442d-bf13-1eb36f4ee10b.svs	01A	02	MSB	271950909	1	keep
TCGA-A2-A0EX	TCGA-A2-A0EX-01A-02-TSB.8880934b-a491-492b-b6bc-32b50276ba99.svs	01A	02	TSB	206230081	1	keep
TCGA-A2-A0EY	TCGA-A2-A0EY-01A-01-BSA.dbf1ad9c-0529-4b08-90fc-5b1d7da797aa.svs	01A	01	BSA	288663715	1	keep
TCGA-A2-A0EY	TCGA-A2-A0EY-01A-01-TSA.b3cf2e58-b037-4496-b85e-6fefe2d42e01.svs	01A	01	TSA	152561547	1	keep
TCGA-A2-A0SW	TCGA-A2-A0SW-01A-01-BSA.7a710f66-502f-43fa-94eb-742243cf2aff.svs	01A	01	BSA	200214655	1	keep
TCGA-A2-A0SW	TCGA-A2-A0SW-01A-01-TSA.dff06b29-6dfc-4d17-8b78-0ef50f9aa985.svs	01A	01	TSA	240522975	1	keep
TCGA-A2-A0SX	TCGA-A2-A0SX-01A-01-BSA.7c3c820b-1ddc-4a92-a59d-7ac2df9a7313.svs	01A	01	BSA	306058819	1	keep
TCGA-A2-A0SX	TCGA-A2-A0SX-01A-01-TSA.3830b6f0-c05a-4d09-a1bc-c7018bc5e458.svs	01A	01	TSA	546177279	1	keep
TCGA-A2-A0T1	TCGA-A2-A0T1-01A-02-BSB.3bba2447-a52a-4ed3-88b5-c91124ecbcac.svs	01A	02	BSB	227390391	1	keep
TCGA-A2-A0T1	TCGA-A2-A0T1-01A-02-TSB.63e971bf-39ec-41c9-986e-a1937437dea8.svs	01A	02	TSB	157589035	1	keep
TCGA-A2-A0T2	TCGA-A2-A0T2-01A-01-BSA.3613219b-687b-419f-ac8f-33b668b72446.svs	01A	01	BSA	185983223	1	keep
TCGA-A2-A0T2	TCGA-A2-A0T2-01A-01-TSA.8595967b-5bf7-447f-9310-10b53a1c1dfa.svs	01A	01	TSA	232137833	1	keep
TCGA-A2-A0T3	TCGA-A2-A0T3-01A-02-BSB.19f759a7-4b0f-43f3-b1ac-bce827f93fc6.svs	01A	02	BSB	329251215	1	keep
TCGA-A2-A0T3	TCGA-A2-A0T3-01A-02-TSB.5833680c-4d57-4657-acd7-879e52cfd8c4.svs	01A	02	TSB	436750257	1	keep
TCGA-A2-A0T6	TCGA-A2-A0T6-01A-01-BSA.b82fe5ae-dafc-45d6-9410-b6ef20725739.svs	01A	01	BSA	179672243	1	keep
TCGA-A2-A0T6	TCGA-A2-A0T6-01A-01-TSA.a91e20c4-e88b-4f25-a691-1ed38fbca876.svs	01A	01	TSA	253426265	1	keep
TCGA-A2-A0T7	TCGA-A2-A0T7-01A-02-BSB.8f69b301-dcf9-4a7f-a504-187f9a11252a.svs	01A	02	BSB	392667611	1	keep
TCGA-A2-A0T7	TCGA-A2-A0T7-01A-02-TSB.d37d2184-6f53-4c98-88fd-aa854fd50700.svs	01A	02	TSB	302298967	1	keep
TCGA-A2-A0YC	TCGA-A2-A0YC-01A-01-MSA.05ee8628-8199-466f-9e26-012186642f25.svs	01A	01	MSA	188343505	1	keep
TCGA-A2-A0YC	TCGA-A2-A0YC-01A-01-TSA.dfb0f795-b54a-44fd-8ddd-105ac7c51d35.svs	01A	01	TSA	234758157	1	keep
TCGA-A2-A0YD	TCGA-A2-A0YD-01A-01-BSA.dbbc3956-3306-4e98-904d-15ed9c0ff148.svs	01A	01	BSA	268607337	1	keep
TCGA-A2-A0YD	TCGA-A2-A0YD-01A-01-TSA.7cbd1fbb-d5dd-4bc1-94fc-acff71e2b6c9.svs	01A	01	TSA	201622289	1	keep
TCGA-A2-A0YF	TCGA-A2-A0YF-01A-02-MSB.2e4e34a9-4701-4b96-b3d6-22d46c792fa9.svs	01A	02	MSB	316154573	1	keep
TCGA-A2-A0YF	TCGA-A2-A0YF-01A-02-TSB.65b05e09-46e2-47f8-8ef6-ccc5914752c5.svs	01A	02	TSB	273505543	1	keep
TCGA-A2-A0YG	TCGA-A2-A0YG-01A-02-BSB.23b5c2d3-91a2-4091-bd43-04210baa9941.svs	01A	02	BSB	309214829	1	keep
TCGA-A2-A0YG	TCGA-A2-A0YG-01A-02-TSB.8bd4f37a-7944-4379-910c-621a80229783.svs	01A	02	TSB	265722831	1	keep
TCGA-A2-A0YI	TCGA-A2-A0YI-01A-03-BSC.29006cd1-80d6-4b68-a760-ba91a34b9942.svs	01A	03	BSC	210515939	1	keep
TCGA-A2-A0YI	TCGA-A2-A0YI-01A-03-TSC.315f5bb4-4ef4-471e-b5b4-ae73a6038c20.svs	01A	03	TSC	195884569	1	keep
TCGA-A2-A0YL	TCGA-A2-A0YL-01A-02-BSB.b9a27669-4484-41f2-ae55-85eeb3792e60.svs	01A	02	BSB	221833253	1	keep
TCGA-A2-A0YL	TCGA-A2-A0YL-01A-02-TSB.12b73a8a-ac2d-4cd5-b8c2-de8fd1357dea.svs	01A	02	TSB	145194659	1	keep
TCGA-A2-A0YM	TCGA-A2-A0YM-01A-01-BSA.26fc4cb8-24ef-494a-9334-db3a9099199f.svs	01A	01	BSA	125399035	1	keep
TCGA-A2-A0YM	TCGA-A2-A0YM-01A-01-TSA.af2a6b3d-dbf4-4323-aebe-d8b95053fff3.svs	01A	01	TSA	223088537	1	keep
TCGA-A7-A0CD	TCGA-A7-A0CD-01A-01-BSA.a48267de-7bf0-409f-a8b5-9712f2e06a90.svs	01A	01	BSA	406658563	1	keep
TCGA-A7-A0CD	TCGA-A7-A0CD-01A-01-TSA.8966c3d7-c0d2-47a4-badf-df9412a1e5f0.svs	01A	01	TSA	710444381	1	keep
TCGA-A7-A0CE	TCGA-A7-A0CE-01A-01-BS1.33fde61b-7c02-43d1-978f-56808f6a278e.svs	01A	01	BS1	536506503	1	keep
TCGA-A7-A0CE	TCGA-A7-A0CE-01A-01-TS1.3025a9c8-a7e4-4048-bcf0-a28720c0f96b.svs	01A	01	TS1	455942373	1	keep
TCGA-A7-A0CE	TCGA-A7-A0CE-11A-01-BS1.44105666-1880-4b3a-9206-88bf6d300346.svs	11A	01	BS1	338399093	0	non-primary sample code 11A
TCGA-A7-A0CE	TCGA-A7-A0CE-11A-02-BS2.2c324d8a-4f5a-4fa1-a779-5ff38fe8a52f.svs	11A	02	BS2	141669655	0	non-primary sample code 11A
TCGA-A7-A0CJ	TCGA-A7-A0CJ-01A-02-BSB.c0dd564e-d0a6-4e94-b050-824b05d29f23.svs	01A	02	BSB	323416661	1	keep
TCGA-A7-A0CJ	TCGA-A7-A0CJ-01A-02-TSB.e090ba35-b5b7-469f-a267-8c8c68bc2c2b.svs	01A	02	TSB	214592211	1	keep
TCGA-A7-A13F	TCGA-A7-A13F-01A-01-BS1.96f41b20-1b8b-4a7d-93ed-6b8b2cbe1150.svs	01A	01	BS1	197479965	1	keep
TCGA-A7-A13F	TCGA-A7-A13F-01A-01-TS1.6e5cfefb-e31f-447e-b8cf-d3d5294d3421.svs	01A	01	TS1	284193061	1	keep
TCGA-A7-A13F	TCGA-A7-A13F-11A-01-TS1.3cfe5002-0af8-4c2c-82c5-38aac97c76d5.svs	11A	01	TS1	45253003	0	non-primary sample code 11A
TCGA-A7-A13F	TCGA-A7-A13F-11A-02-TS2.b7da11e6-6ffa-4f28-91ce-ba70bfb9c87c.svs	11A	02	TS2	39263811	0	non-primary sample code 11A
TCGA-A7-A13F	TCGA-A7-A13F-11A-03-TS3.5d843614-b1dd-442f-b0d3-6027594c4eb9.svs	11A	03	TS3	84230463	0	non-primary sample code 11A
TCGA-A8-A06N	TCGA-A8-A06N-01A-01-BS1.12bf6cf9-767e-469a-ab07-accd6b3b134e.svs	01A	01	BS1	511379917	1	keep
TCGA-A8-A06N	TCGA-A8-A06N-01A-01-TS1.0e8d431f-4df4-4e2e-a8d2-3febb0f1beb9.svs	01A	01	TS1	610778921	1	keep
TCGA-A8-A06Z	TCGA-A8-A06Z-01A-01-BS1.d29f4573-c196-4e24-813d-131a00f55b78.svs	01A	01	BS1	244257245	1	keep
TCGA-A8-A06Z	TCGA-A8-A06Z-01A-01-TS1.7bbdf988-c2f4-4c2a-975d-249efe34d802.svs	01A	01	TS1	147708509	1	keep
TCGA-A8-A076	TCGA-A8-A076-01A-02-BSB.7619e564-4d3c-40b9-ad85-5bb8dd934d3b.svs	01A	02	BSB	252287879	1	keep
TCGA-A8-A076	TCGA-A8-A076-01A-02-TSB.6a8058db-d92b-4a26-8b84-5ccd4cb198e3.svs	01A	02	TSB	385153163	1	keep
TCGA-A8-A079	TCGA-A8-A079-01A-02-BS2.af4b2721-1e8c-4b61-b03f-1a50c2366832.svs	01A	02	BS2	165535245	1	keep
TCGA-A8-A079	TCGA-A8-A079-01A-02-MS2.62d794d5-a44b-493b-be71-30f31bc80b9e.svs	01A	02	MS2	322255937	1	keep
TCGA-A8-A08G	TCGA-A8-A08G-01A-01-BS1.1db0beb9-ba79-4391-8e89-ba0ece7fd68c.svs	01A	01	BS1	420003107	1	keep
TCGA-A8-A08G	TCGA-A8-A08G-01A-01-TS1.00c53463-683f-443f-b693-5673b3b564ff.svs	01A	01	TS1	160508755	1	keep
TCGA-A8-A08Z	TCGA-A8-A08Z-01A-01-BS1.1fb87e93-fd85-4c69-a7e0-a8e3d889851a.svs	01A	01	BS1	644195987	1	keep
TCGA-A8-A08Z	TCGA-A8-A08Z-01A-02-BS2.5d948ef0-cfa3-40bd-a383-ba99e6b28378.svs	01A	02	BS2	599288127	1	keep
TCGA-A8-A09G	TCGA-A8-A09G-01A-01-BS1.d16e6e1e-268a-4973-97c5-8aa9cdef622b.svs	01A	01	BS1	105675741	1	keep
TCGA-A8-A09G	TCGA-A8-A09G-01A-02-BS2.e110bb6c-7c19-4ace-9507-14ef5714a74d.svs	01A	02	BS2	201889629	1	keep
TCGA-A8-A09I	TCGA-A8-A09I-01A-01-BS1.b0debb62-86b0-459f-b62b-604bb9f17e5d.svs	01A	01	BS1	397527461	1	keep
TCGA-A8-A09I	TCGA-A8-A09I-01A-02-BS2.ca9aacf2-573b-4af2-bc50-5213526eb3a3.svs	01A	02	BS2	528737799	1	keep
TCGA-AN-A0AJ	TCGA-AN-A0AJ-01A-01-BSA.e768585b-8fac-4998-88a6-29983ae06c92.svs	01A	01	BSA	200562167	1	keep
TCGA-AN-A0AJ	TCGA-AN-A0AJ-01A-01-TSA.c21f9dd1-b47c-406f-9ad6-6969bd6f3246.svs	01A	01	TSA	161823615	1	keep
TCGA-AN-A0AL	TCGA-AN-A0AL-01A-01-BSA.56e46756-aa0f-4c59-a189-ee4c9601b3ea.svs	01A	01	BSA	207619097	1	keep
TCGA-AN-A0AL	TCGA-AN-A0AL-01A-01-TSA.3651da9c-bdad-4944-a3ac-c5bc9754fdeb.svs	01A	01	TSA	286772807	1	keep
TCGA-AN-A0AM	TCGA-AN-A0AM-01A-01-BSA.1736e9ff-6a00-45e7-8ab9-b81018eea03f.svs	01A	01	BSA	413732833	1	keep
TCGA-AN-A0AM	TCGA-AN-A0AM-01A-01-TSA.63a22828-01b7-4b90-976d-7c32ccb9889d.svs	01A	01	TSA	323007709	1	keep
TCGA-AN-A0AS	TCGA-AN-A0AS-01A-01-BSA.1c59c3dd-eebc-421c-ad6f-953c0b924b13.svs	01A	01	BSA	181870323	1	keep
TCGA-AN-A0AS	TCGA-AN-A0AS-01A-01-TSA.b7c27ab8-435a-4e9d-bf0a-899d7616b660.svs	01A	01	TSA	203252267	1	keep
TCGA-AN-A0FK	TCGA-AN-A0FK-01A-01-BSA.532b125c-98bb-44d7-a041-fb2506b70e26.svs	01A	01	BSA	287464689	1	keep
TCGA-AN-A0FK	TCGA-AN-A0FK-01A-01-TSA.4cbfd31d-1a58-4ee1-8359-7fd4fc9c4cbe.svs	01A	01	TSA	246989863	1	keep
TCGA-AN-A0FL	TCGA-AN-A0FL-01A-01-BSA.78d30e6e-2bd3-439c-8063-5ca6a09828cc.svs	01A	01	BSA	434296335	1	keep
TCGA-AN-A0FL	TCGA-AN-A0FL-01A-01-TSA.a9270e98-40e9-45f5-935a-681708f170c9.svs	01A	01	TSA	656506607	1	keep
TCGA-AO-A03O	TCGA-AO-A03O-01A-01-BS1.8b349194-04c1-4a85-947c-9397d5267823.svs	01A	01	BS1	212881992	1	keep
TCGA-AO-A03O	TCGA-AO-A03O-01A-01-TS1.dbeaa688-64e0-48ce-bd9a-cfba3407bca6.svs	01A	01	TS1	145121374	1	keep
TCGA-AO-A0J6	TCGA-AO-A0J6-01A-01-BSA.094c1ad0-5cd5-4b13-af5e-9c7d3688aa23.svs	01A	01	BSA	755276089	1	keep
TCGA-AO-A0J6	TCGA-AO-A0J6-01A-01-TSA.d62f4c33-ae94-4321-b833-53663942e846.svs	01A	01	TSA	683606963	1	keep
TCGA-AO-A0J9	TCGA-AO-A0J9-01A-01-BSA.a5487965-8c66-4e0d-9dfe-53bb39d7f9fa.svs	01A	01	BSA	170196089	1	keep
TCGA-AO-A0J9	TCGA-AO-A0J9-01A-01-TSA.526836e1-20e5-42a2-89b4-014a69e4838d.svs	01A	01	TSA	278190635	1	keep
TCGA-AO-A0JC	TCGA-AO-A0JC-01A-01-BSA.2a81630f-81ee-4c33-ba26-0e825cfa5f72.svs	01A	01	BSA	270997159	1	keep
TCGA-AO-A0JC	TCGA-AO-A0JC-01A-01-TSA.261a41f2-e0b3-4c3b-bd16-ce6a61d1454c.svs	01A	01	TSA	423817791	1	keep
TCGA-AO-A0JE	TCGA-AO-A0JE-01A-01-BSA.8f04fdde-1427-45f9-bcd9-4449d501c109.svs	01A	01	BSA	798265585	1	keep
TCGA-AO-A0JE	TCGA-AO-A0JE-01A-01-TSA.2ade56dd-a085-472b-b92c-c7a63d7ce4ac.svs	01A	01	TSA	703425669	1	keep
TCGA-AO-A0JJ	TCGA-AO-A0JJ-01A-01-BSA.132f03bb-3b31-485c-b814-0f4bf204440e.svs	01A	01	BSA	234971451	1	keep
TCGA-AO-A0JJ	TCGA-AO-A0JJ-01A-01-TSA.fe4ee1f2-09e8-46a7-9c62-b20fc8042934.svs	01A	01	TSA	405140055	1	keep
TCGA-AO-A0JL	TCGA-AO-A0JL-01A-01-BSA.796a85da-b722-4311-89f8-8b397ea10c85.svs	01A	01	BSA	472625081	1	keep
TCGA-AO-A0JL	TCGA-AO-A0JL-01A-01-TSA.b6151e7a-75be-425c-b9b0-d93111659ce9.svs	01A	01	TSA	281388799	1	keep
TCGA-AO-A0JM	TCGA-AO-A0JM-01A-02-BSB.2f3cfa20-a735-4e35-ae2d-2d2dd211339d.svs	01A	02	BSB	196529197	1	keep
TCGA-AO-A0JM	TCGA-AO-A0JM-01A-02-TSB.d19f822d-0237-41cb-be13-4d3023dcb507.svs	01A	02	TSB	179404153	1	keep
TCGA-AO-A126	TCGA-AO-A126-01A-01-BSA.d9c05421-91fc-4fdd-988d-2b404fa24095.svs	01A	01	BSA	169375237	1	keep
TCGA-AO-A126	TCGA-AO-A126-01A-01-TSA.399484a5-e833-4acd-a73b-1fd5a684e7c1.svs	01A	01	TSA	257644357	1	keep
TCGA-AO-A12B	TCGA-AO-A12B-01A-01-BSA.ec654e0e-2adc-488b-8653-acbf6164419e.svs	01A	01	BSA	320235085	1	keep
TCGA-AO-A12B	TCGA-AO-A12B-01A-01-TSA.635646b4-dc81-45e2-92b1-8f087abc5240.svs	01A	01	TSA	245452109	1	keep
TCGA-AO-A12D	TCGA-AO-A12D-01A-01-BSA.e75eaf83-11b8-49a2-b6b1-77f98fa6660a.svs	01A	01	BSA	324738183	1	keep
TCGA-AO-A12D	TCGA-AO-A12D-01A-01-TSA.f28ffd60-5d5f-4fec-8776-bf587f1f2496.svs	01A	01	TSA	287523959	1	keep
TCGA-AO-A12E	TCGA-AO-A12E-01A-01-BSA.9b55ad59-32de-4238-9958-b54e3a43eb2e.svs	01A	01	BSA	197423291	1	keep
TCGA-AO-A12E	TCGA-AO-A12E-01A-01-TSA.5c7b82d0-dca5-4778-bc30-1201e08dd832.svs	01A	01	TSA	261158635	1	keep
TCGA-AO-A12F	TCGA-AO-A12F-01A-01-BSA.54904b26-0053-4e3e-8f3e-dd67ed8194a5.svs	01A	01	BSA	166145849	1	keep
TCGA-AO-A12F	TCGA-AO-A12F-01A-01-TSA.6ed8979a-e4f3-42b1-950f-64908238f50b.svs	01A	01	TSA	162903827	1	keep
TCGA-AR-A0TR	TCGA-AR-A0TR-01A-01-BSA.f1455ed0-393b-495c-9618-bbe3088baf4d.svs	01A	01	BSA	251299173	1	keep
TCGA-AR-A0TR	TCGA-AR-A0TR-01A-01-TSA.c7ef8351-ef5c-44a3-bf32-d06dde6ca154.svs	01A	01	TSA	217876665	1	keep
TCGA-AR-A0TT	TCGA-AR-A0TT-01A-03-BSC.06e9fb5e-1c6e-4778-9c52-d026628f39c7.svs	01A	03	BSC	289036097	1	keep
TCGA-AR-A0TT	TCGA-AR-A0TT-01A-03-TSC.6e42fa9f-569c-45cf-a316-b3d41a946f57.svs	01A	03	TSC	160194029	1	keep
TCGA-AR-A0TV	TCGA-AR-A0TV-01A-02-BSB.e4adf5bf-398f-402f-997e-7b5ef9facbe8.svs	01A	02	BSB	142002615	1	keep
TCGA-AR-A0TV	TCGA-AR-A0TV-01A-02-TSB.9f3ece24-69a8-4d4d-9c2d-ab674faf9ee0.svs	01A	02	TSB	242570507	1	keep
TCGA-AR-A0TX	TCGA-AR-A0TX-01A-01-BSA.2d59aca1-69fd-4105-830a-a687eddd27c9.svs	01A	01	BSA	148470839	1	keep
TCGA-AR-A0TX	TCGA-AR-A0TX-01A-01-TSA.4f6a2ef2-8c09-4c9a-aea9-5601722f4e4c.svs	01A	01	TSA	288284829	1	keep
TCGA-AR-A0TY	TCGA-AR-A0TY-01A-01-MSA.94fa564d-0f66-4307-bfcc-41b0fe4886b9.svs	01A	01	MSA	223337365	1	keep
TCGA-AR-A0TY	TCGA-AR-A0TY-01A-01-TSA.44dd02fc-5205-42df-ae58-0686e1355bdc.svs	01A	01	TSA	201374215	1	keep
TCGA-AR-A0U4	TCGA-AR-A0U4-01A-01-BSA.abebefec-9cf4-47c8-8c70-a7b17dc97171.svs	01A	01	BSA	354448927	1	keep
TCGA-AR-A0U4	TCGA-AR-A0U4-01A-01-TSA.e671596e-6974-40ec-8013-07cd699843d6.svs	01A	01	TSA	331559687	1	keep
TCGA-AR-A1AP	TCGA-AR-A1AP-01A-01-TSA.462d1ac8-1c00-4690-9d0e-975853c4c5f2.svs	01A	01	TSA	212284053	1	keep
TCGA-AR-A1AQ	TCGA-AR-A1AQ-01A-01-TSA.113b2018-7bb9-44bd-aa80-63eaf688b555.svs	01A	01	TSA	327580565	1	keep
TCGA-AR-A1AS	TCGA-AR-A1AS-01A-01-TSA.235f24b3-d72a-419e-8f5c-ffc808dc06be.svs	01A	01	TSA	255252995	1	keep
TCGA-AR-A1AV	TCGA-AR-A1AV-01A-02-TSB.8aac8e77-5af5-4958-86e8-5883c88630fb.svs	01A	02	TSB	179075805	1	keep
TCGA-AR-A1AW	TCGA-AR-A1AW-01A-02-TSB.d237252f-1ece-4bc3-b84c-d7de505c0a56.svs	01A	02	TSB	245804677	1	keep
TCGA-BH-A0AV	TCGA-BH-A0AV-01A-03-BSC.7a107632-b8d8-4b82-ab74-628fff0f10de.svs	01A	03	BSC	337357197	1	keep
TCGA-BH-A0AV	TCGA-BH-A0AV-01A-03-MSC.f769a3c4-ee58-45c2-931e-d94b31981169.svs	01A	03	MSC	396810279	1	keep
TCGA-BH-A0BV	TCGA-BH-A0BV-01A-01-BSA.1d27d74a-405e-4a7f-befa-6d5f7b1fa8e9.svs	01A	01	BSA	698084603	1	keep
TCGA-BH-A0BV	TCGA-BH-A0BV-01A-01-TSA.f5f04523-e30b-4204-99f4-0003ceec2724.svs	01A	01	TSA	701616747	1	keep
TCGA-BH-A0BV	TCGA-BH-A0BV-11A-03-TSC.645b9dfa-3a41-4452-942e-055522324438.svs	11A	03	TSC	71138591	0	non-primary sample code 11A
TCGA-BH-A0BZ	TCGA-BH-A0BZ-01A-03-BSC.875682e9-3d99-4189-8ad1-f1e4e4bb7610.svs	01A	03	BSC	736586171	1	keep
TCGA-BH-A0BZ	TCGA-BH-A0BZ-01A-03-TSC.18e04e86-9ccb-4773-bcf3-d7f0c54c6e2a.svs	01A	03	TSC	630701859	1	keep
TCGA-BH-A0BZ	TCGA-BH-A0BZ-11A-06-TSF.8926f914-ba66-41ff-b779-574f25cb99b4.svs	11A	06	TSF	129864105	0	non-primary sample code 11A
TCGA-BH-A0C0	TCGA-BH-A0C0-01A-02-BSB.4b112630-4214-42cb-8db9-56df1ce4c6ea.svs	01A	02	BSB	671922301	1	keep
TCGA-BH-A0C0	TCGA-BH-A0C0-01A-02-TSB.b5d6fdae-cc88-4ded-a599-f778187bdc37.svs	01A	02	TSB	480095551	1	keep
TCGA-BH-A0C0	TCGA-BH-A0C0-11A-02-BSB.8fef7630-9151-41e4-9d1c-52e083c4772b.svs	11A	02	BSB	53274095	0	non-primary sample code 11A
TCGA-BH-A0C0	TCGA-BH-A0C0-11A-02-TSB.739aaca8-b70d-4586-b134-1e18a906b24e.svs	11A	02	TSB	52633035	0	non-primary sample code 11A
TCGA-BH-A0C1	TCGA-BH-A0C1-01B-01-BS1.2fa43733-dfce-4806-99d1-ef0834132ff6.svs	01B	01	BS1	212071701	1	keep
TCGA-BH-A0C1	TCGA-BH-A0C1-01B-01-TS1.34796b87-c808-47ff-8a33-ce181cd00674.svs	01B	01	TS1	250339763	1	keep
TCGA-BH-A0C7	TCGA-BH-A0C7-01B-01-BSA.eff3406d-2af0-435f-8aa9-fd77dbba35dd.svs	01B	01	BSA	218589469	1	keep
TCGA-BH-A0C7	TCGA-BH-A0C7-01B-01-TSA.deec957f-1264-4169-945e-24d4bd1988cd.svs	01B	01	TSA	258181653	1	keep
TCGA-BH-A0DD	TCGA-BH-A0DD-01A-03-BSC.c1eded57-13d8-48ff-9389-5467a8455fe6.svs	01A	03	BSC	495000801	1	keep
TCGA-BH-A0DD	TCGA-BH-A0DD-01A-03-TSC.0088505b-5e18-49c4-bc2b-7946b2780383.svs	01A	03	TSC	558025167	1	keep
TCGA-BH-A0DD	TCGA-BH-A0DD-11A-01-BSA.e9aae98d-ecf8-4d48-b1ca-f349013f2c42.svs	11A	01	BSA	68046005	0	non-primary sample code 11A
TCGA-BH-A0DD	TCGA-BH-A0DD-11A-01-TSA.dec60ceb-0937-4ed0-8da9-095eb0c6fc04.svs	11A	01	TSA	58503961	0	non-primary sample code 11A
TCGA-BH-A0DD	TCGA-BH-A0DD-11A-02-TSB.905e3dfb-4c83-4eae-937e-00d5d3a5d454.svs	11A	02	TSB	53004715	0	non-primary sample code 11A
TCGA-BH-A0DD	TCGA-BH-A0DD-11A-03-TSC.ad254a5b-39c4-4320-8482-52563481172e.svs	11A	03	TSC	48003213	0	non-primary sample code 11A
TCGA-BH-A0DD	TCGA-BH-A0DD-11A-04-TSD.7d550da7-9516-4ef8-80da-39bd0c7742fb.svs	11A	04	TSD	81938917	0	non-primary sample code 11A
TCGA-BH-A0DD	TCGA-BH-A0DD-11A-05-TSE.4a8b32a0-22d7-4262-8139-81ca73b121ff.svs	11A	05	TSE	55931929	0	non-primary sample code 11A
TCGA-BH-A0DG	TCGA-BH-A0DG-01A-02-BSB.991bb656-5e82-4698-8618-27c6a0b1616e.svs	01A	02	BSB	415949775	1	keep
TCGA-BH-A0DG	TCGA-BH-A0DG-01A-02-MSB.46920fd1-be28-491c-87cd-01ae77283a76.svs	01A	02	MSB	225360525	1	keep
TCGA-BH-A0DG	TCGA-BH-A0DG-11A-04-TSD.a5f6411b-ecf4-41e3-b251-0a34b488993b.svs	11A	04	TSD	85168377	0	non-primary sample code 11A
TCGA-BH-A0E0	TCGA-BH-A0E0-01A-01-BSA.b224536e-7d49-421d-a3bb-815fc01556a9.svs	01A	01	BSA	242141161	1	keep
TCGA-BH-A0E0	TCGA-BH-A0E0-01A-01-TSA.6d266771-231b-4305-afd9-ec77a67f2e73.svs	01A	01	TSA	338637241	1	keep
TCGA-BH-A0E0	TCGA-BH-A0E0-11A-01-BSA.c8b71d03-9b3c-482a-9bff-574bb2aa3666.svs	11A	01	BSA	64946663	0	non-primary sample code 11A
TCGA-BH-A0E0	TCGA-BH-A0E0-11A-01-TSA.37cd3113-00c2-470c-aab3-909656d9a559.svs	11A	01	TSA	94678425	0	non-primary sample code 11A
TCGA-BH-A0E1	TCGA-BH-A0E1-01A-01-BSA.57534115-65b7-48cc-b124-13b8f3c15d48.svs	01A	01	BSA	512969779	1	keep
TCGA-BH-A0E1	TCGA-BH-A0E1-01A-01-TSA.01da1142-7d58-419d-998b-acd3be403d31.svs	01A	01	TSA	320754387	1	keep
TCGA-BH-A0E1	TCGA-BH-A0E1-11A-01-BSA.92fc4382-6bb1-4ca5-ac90-8116afde7d92.svs	11A	01	BSA	160956855	0	non-primary sample code 11A
TCGA-BH-A0E1	TCGA-BH-A0E1-11A-01-TSA.e81e751c-af38-4650-8add-93c6def815f3.svs	11A	01	TSA	178154329	0	non-primary sample code 11A
TCGA-BH-A0E9	TCGA-BH-A0E9-01B-01-BSA.a92a2910-0c73-4abb-9c85-b1d1f7d19618.svs	01B	01	BSA	186975839	1	keep
TCGA-BH-A0E9	TCGA-BH-A0E9-01B-01-MSA.dd6f8fe7-ceaa-4396-82c2-f27d12a6dd6b.svs	01B	01	MSA	325142051	1	keep
TCGA-BH-A0EE	TCGA-BH-A0EE-01A-01-BSA.3b661349-b956-42ea-8872-db00f9a397f2.svs	01A	01	BSA	655850693	1	keep
TCGA-BH-A0EE	TCGA-BH-A0EE-01A-01-TSA.73130d8d-377f-4924-b023-0908ec862747.svs	01A	01	TSA	471558753	1	keep
TCGA-BH-A0HK	TCGA-BH-A0HK-01A-01-BSA.9503c4b2-4f84-4b5e-80a1-2e29605606b2.svs	01A	01	BSA	237917207	1	keep
TCGA-BH-A0HK	TCGA-BH-A0HK-01A-01-TSA.baefe9ea-a565-4ec1-92b2-6b62ed9944e3.svs	01A	01	TSA	247327131	1	keep
TCGA-BH-A0HK	TCGA-BH-A0HK-11A-01-BSA.cb7cc1cb-17d2-4a33-a299-c8b231dccb46.svs	11A	01	BSA	70845003	0	non-primary sample code 11A
TCGA-BH-A0HK	TCGA-BH-A0HK-11A-01-TSA.212cfdb9-69cc-41ef-8583-1d0da12d73e5.svs	11A	01	TSA	81204439	0	non-primary sample code 11A
TCGA-BH-A0HP	TCGA-BH-A0HP-01A-01-BSA.c795ed04-0ade-4ed8-9a8b-526b4b789838.svs	01A	01	BSA	496313243	1	keep
TCGA-BH-A0HP	TCGA-BH-A0HP-01A-01-TSA.f21bc9c8-67ad-4b4c-b9ac-5d824f2c0df8.svs	01A	01	TSA	616831659	1	keep
TCGA-BH-A18N	TCGA-BH-A18N-01A-01-TSA.fa28d892-c8d9-4e85-af22-24c75bb952f9.svs	01A	01	TSA	291069525	1	keep
TCGA-BH-A18N	TCGA-BH-A18N-11A-01-TSA.67433f2f-b31c-420a-adb5-358ca3dfeb3e.svs	11A	01	TSA	86926559	0	non-primary sample code 11A
TCGA-BH-A18N	TCGA-BH-A18N-11A-02-TSB.c1360bc0-7e02-4847-a9de-db90a7005bfa.svs	11A	02	TSB	68191817	0	non-primary sample code 11A
TCGA-BH-A18N	TCGA-BH-A18N-11A-03-TSC.812dc8a3-8b4b-4c72-b9a6-fe699a63eb89.svs	11A	03	TSC	66321057	0	non-primary sample code 11A
TCGA-BH-A18N	TCGA-BH-A18N-11A-04-TSD.dc113c2d-2491-48d2-8173-70e4ef0a7330.svs	11A	04	TSD	73347195	0	non-primary sample code 11A
TCGA-BH-A18Q	TCGA-BH-A18Q-01A-01-TSA.53679e88-228a-40c4-b82b-742c601e3096.svs	01A	01	TSA	468247887	1	keep
TCGA-BH-A18Q	TCGA-BH-A18Q-11A-01-TSA.cf47b7ab-8a52-4867-ba62-0caea0107a9b.svs	11A	01	TSA	69563187	0	non-primary sample code 11A
TCGA-BH-A18Q	TCGA-BH-A18Q-11A-02-TSB.5e23d89f-cfad-41c3-937a-6b4d70e7a18f.svs	11A	02	TSB	63194129	0	non-primary sample code 11A
TCGA-BH-A18Q	TCGA-BH-A18Q-11A-03-TSC.fc585bb7-e259-444b-9132-4735a0fbd450.svs	11A	03	TSC	46496849	0	non-primary sample code 11A
TCGA-BH-A18R	TCGA-BH-A18R-01A-01-TSA.d57b08ae-35a1-40ca-9a74-7ebac8c8cc53.svs	01A	01	TSA	267427687	1	keep
TCGA-BH-A18R	TCGA-BH-A18R-11A-01-TSA.7fed6f84-608c-4327-860d-41e57e8dc6ef.svs	11A	01	TSA	69506683	0	non-primary sample code 11A
TCGA-BH-A18R	TCGA-BH-A18R-11A-02-TSB.99c62391-0a05-4d3d-a32f-3cbe4b90f881.svs	11A	02	TSB	70421569	0	non-primary sample code 11A
TCGA-BH-A18R	TCGA-BH-A18R-11A-03-TSC.14aecef8-d2e7-46cb-9510-701e8650976b.svs	11A	03	TSC	84020697	0	non-primary sample code 11A
TCGA-BH-A18R	TCGA-BH-A18R-11A-04-TSD.7619babc-0ad5-4789-bd86-25e3c3a22ef3.svs	11A	04	TSD	50000403	0	non-primary sample code 11A
TCGA-BH-A18U	TCGA-BH-A18U-01A-02-TSB.157a84f2-044a-4414-a029-d5b626e1b53e.svs	01A	02	TSB	215371387	1	keep
TCGA-BH-A18U	TCGA-BH-A18U-11A-01-TSA.31543ccd-35dd-4a3e-bee8-c1499300917b.svs	11A	01	TSA	88245893	0	non-primary sample code 11A
TCGA-BH-A18U	TCGA-BH-A18U-11A-02-TSB.8810d21d-1f53-4ba1-9754-c76522f8d84a.svs	11A	02	TSB	69008527	0	non-primary sample code 11A
TCGA-BH-A18V	TCGA-BH-A18V-01A-01-TSA.c53853f8-5b57-4695-9d13-58cfd0d5819b.svs	01A	01	TSA	432928551	1	keep
TCGA-BH-A18V	TCGA-BH-A18V-06A-01-TSA.BEF73FC6-FB7D-47EE-8674-DF132F5D5B06.svs	06A	01	TSA	240552501	0	non-primary sample code 06A
TCGA-BH-A18V	TCGA-BH-A18V-11A-01-TSA.45955e02-8acb-43e7-859c-a16a95aadd36.svs	11A	01	TSA	77842833	0	non-primary sample code 11A
TCGA-BH-A18V	TCGA-BH-A18V-11A-02-TSB.6d39d85d-2309-4b01-b860-2273580ad4ef.svs	11A	02	TSB	58355077	0	non-primary sample code 11A
TCGA-BH-A18V	TCGA-BH-A18V-11A-03-TSC.18ff74d9-eac0-401e-ac2d-8511f81b5e28.svs	11A	03	TSC	78761281	0	non-primary sample code 11A
TCGA-BH-A18V	TCGA-BH-A18V-11A-04-TSD.4c816f6c-b656-4aab-8011-97c4077da74f.svs	11A	04	TSD	72959699	0	non-primary sample code 11A
TCGA-BH-A18V	TCGA-BH-A18V-11A-05-TSE.e0ed4c5f-4c86-4837-a29f-3c5426ebb2b9.svs	11A	05	TSE	110477147	0	non-primary sample code 11A
TCGA-C8-A12L	TCGA-C8-A12L-01A-01-BSA.f97cb175-3951-4f67-ac52-18ad07e74726.svs	01A	01	BSA	268191837	1	keep
TCGA-C8-A12L	TCGA-C8-A12L-01A-01-TSA.0e63ef85-144d-4827-9e61-fd54a5320ddf.svs	01A	01	TSA	392278301	1	keep
TCGA-C8-A12P	TCGA-C8-A12P-01A-01-BSA.0c86a6ed-1d8f-47a9-ab33-7d232c3e359b.svs	01A	01	BSA	355452387	1	keep
TCGA-C8-A12P	TCGA-C8-A12P-01A-01-TSA.a635ee87-3392-4ce7-93a3-87fc5680e4e9.svs	01A	01	TSA	144918885	1	keep
TCGA-C8-A12Q	TCGA-C8-A12Q-01A-01-BSA.0ca5b171-d61d-4e6d-b365-4cd6bd288aec.svs	01A	01	BSA	401508309	1	keep
TCGA-C8-A12Q	TCGA-C8-A12Q-01A-01-TSA.b3023358-4c0f-4d25-a1e6-cd23f160f901.svs	01A	01	TSA	339756703	1	keep
TCGA-C8-A12T	TCGA-C8-A12T-01A-01-BSA.bad01673-9581-4bac-b060-56e5bbc2fcd3.svs	01A	01	BSA	302772509	1	keep
TCGA-C8-A12T	TCGA-C8-A12T-01A-01-TSA.c02a2d06-ae14-49da-9f03-5f2f296ad012.svs	01A	01	TSA	339272411	1	keep
TCGA-C8-A12U	TCGA-C8-A12U-01A-01-BSA.7c5796ff-ef35-4ced-8216-254cd8cbc271.svs	01A	01	BSA	165728381	1	keep
TCGA-C8-A12U	TCGA-C8-A12U-01A-01-TSA.46d73ab3-ab0b-4739-aabc-3a678d422419.svs	01A	01	TSA	158041893	1	keep
TCGA-C8-A12V	TCGA-C8-A12V-01A-01-BSA.786f1496-199f-41ae-a487-540f3f599600.svs	01A	01	BSA	236462761	1	keep
TCGA-C8-A12V	TCGA-C8-A12V-01A-01-TSA.e3f84baa-0829-4683-a26c-b50c7f732f4a.svs	01A	01	TSA	252470333	1	keep
TCGA-C8-A12W	TCGA-C8-A12W-01A-01-BSA.16af5fbe-7bcf-4274-8762-e255595462f6.svs	01A	01	BSA	309966825	1	keep
TCGA-C8-A12W	TCGA-C8-A12W-01A-01-TSA.763f7b10-e613-4d9a-be67-4329e670f882.svs	01A	01	TSA	642658197	1	keep
TCGA-C8-A12Z	TCGA-C8-A12Z-01A-01-BSA.e7ddd80e-4b44-49f3-ac1c-4cf2b061c0a6.svs	01A	01	BSA	561893901	1	keep
TCGA-C8-A12Z	TCGA-C8-A12Z-01A-01-TSA.d85a700f-8886-4b59-8ceb-d1d8e15fdd19.svs	01A	01	TSA	214185277	1	keep
TCGA-C8-A130	TCGA-C8-A130-01A-03-BSC.f362f3af-a66f-4a3b-a3cc-3768a59602f3.svs	01A	03	BSC	228843989	1	keep
TCGA-C8-A130	TCGA-C8-A130-01A-03-TSC.251e7faa-da83-468e-ad6e-4c14768a595e.svs	01A	03	TSC	224596517	1	keep
TCGA-C8-A131	TCGA-C8-A131-01A-01-BSA.df5faaa8-e4ac-4a4b-8ef2-ff2063c9ae2f.svs	01A	01	BSA	314467397	1	keep
TCGA-C8-A131	TCGA-C8-A131-01A-01-TSA.accbe649-9fc6-4f5b-b001-a27366ac9024.svs	01A	01	TSA	349230993	1	keep
TCGA-C8-A134	TCGA-C8-A134-01A-01-BSA.f8e29c16-ea94-4398-8e3b-c50294afc3e8.svs	01A	01	BSA	125880497	1	keep
TCGA-C8-A134	TCGA-C8-A134-01A-01-TSA.76591f60-9e71-495f-beca-e4b91ef3dd68.svs	01A	01	TSA	170296013	1	keep
TCGA-C8-A135	TCGA-C8-A135-01A-01-BSA.4871792f-d00b-4541-815b-7aaa44c43f94.svs	01A	01	BSA	241447467	1	keep
TCGA-C8-A135	TCGA-C8-A135-01A-01-TSA.c03f75de-8d25-4f74-8ca4-498db35d5df9.svs	01A	01	TSA	351560785	1	keep
TCGA-C8-A138	TCGA-C8-A138-01A-01-BSA.27aba9f8-6a6e-41b5-b15d-89206cc475a6.svs	01A	01	BSA	197118691	1	keep
TCGA-C8-A138	TCGA-C8-A138-01A-01-TSA.51e98f1b-b02a-4c46-92d4-73bc15a006d0.svs	01A	01	TSA	129178941	1	keep
TCGA-D8-A13Y	TCGA-D8-A13Y-01A-01-BSA.e5ebf2b4-7022-45da-8001-e499964080fd.svs	01A	01	BSA	270080657	1	keep
TCGA-D8-A13Y	TCGA-D8-A13Y-01A-01-TSA.3b97c805-0681-4e8d-9dd9-f24a9c2bb4cd.svs	01A	01	TSA	174455641	1	keep
TCGA-D8-A142	TCGA-D8-A142-01A-01-BS1.82a62b94-698c-4047-a13d-083bf49170ed.svs	01A	01	BS1	213134787	1	keep
TCGA-D8-A142	TCGA-D8-A142-01A-01-TS1.c9a5ce5f-59a8-4e02-8168-269ec044dbd9.svs	01A	01	TS1	446343959	1	keep
TCGA-E2-A10A	TCGA-E2-A10A-01A-02-BSB.79389df7-59f1-427f-80d4-3a959407407e.svs	01A	02	BSB	146616199	1	keep
TCGA-E2-A10A	TCGA-E2-A10A-01A-02-TSB.36e0494e-10c5-4b95-a77c-d8dbe2532135.svs	01A	02	TSB	174115723	1	keep
TCGA-E2-A150	TCGA-E2-A150-01A-01-TSA.c32feae0-434d-4e04-9cfa-5b0d89547711.svs	01A	01	TSA	124509299	1	keep
TCGA-E2-A154	TCGA-E2-A154-01A-01-TS1.49b5b0d1-36eb-486f-bcf2-e575ac4764bd.svs	01A	01	TS1	213583517	1	keep
TCGA-E2-A158	TCGA-E2-A158-01A-01-TS1.7dc3c147-bcdb-4e14-83ef-71e24102846a.svs	01A	01	TS1	243988219	1	keep
TCGA-E2-A158	TCGA-E2-A158-11A-02-TS2.97f08d10-8897-4a8b-8c35-7eaaaf0a3049.svs	11A	02	TS2	94062765	0	non-primary sample code 11A
TCGA-E2-A159	TCGA-E2-A159-01A-01-TSA.257b9eec-d799-4545-bae4-b279258bba63.svs	01A	01	TSA	338803969	1	keep
TCGA-E2-A15A	TCGA-E2-A15A-01A-01-TS1.12b3eabe-32d3-4772-8337-e4ae024911bb.svs	01A	01	TS1	254997237	1	keep
TCGA-E2-A15A	TCGA-E2-A15A-06A-01-TS1.bc17c613-409e-4308-beae-d7dea1493c10.svs	06A	01	TS1	358786387	0	non-primary sample code 06A
