set	gene
ecm	ACAN
ecm	ACTN1
ecm	ADAM10
ecm	ADAM12
ecm	ADAM15
ecm	ADAM17
ecm	ADAM19
ecm	ADAM8
ecm	ADAM9
ecm	ADAMTS1
ecm	ADAMTS14
ecm	ADAMTS16
ecm	ADAMTS18
ecm	ADAMTS2
ecm	ADAMTS3
ecm	ADAMTS4
ecm	ADAMTS5
ecm	ADAMTS8
ecm	ADAMTS9
ecm	AGRN
ecm	ARHGEF6
ecm	ASPN
ecm	BCAN
ecm	BGN
ecm	BMP1
ecm	BMP10
ecm	BMP2
ecm	BMP4
ecm	BMP7
ecm	BSG
ecm	CAPN1
ecm	CAPN10
ecm	CAPN11
ecm	CAPN12
ecm	CAPN13
ecm	CAPN14
ecm	CAPN15
ecm	CAPN2
ecm	CAPN3
ecm	CAPN5
ecm	CAPN6
ecm	CAPN7
ecm	CAPN8
ecm	CAPN9
ecm	CAPNS1
ecm	CAPNS2
ecm	CASK
ecm	CASP3
ecm	CD151
ecm	CD44
ecm	CD47
ecm	CEACAM1
ecm	CEACAM6
ecm	CEACAM8
ecm	CMA1
ecm	COL10A1
ecm	COL11A1
ecm	COL11A2
ecm	COL12A1
ecm	COL13A1
ecm	COL14A1
ecm	COL15A1
ecm	COL16A1
ecm	COL17A1
ecm	COL18A1
ecm	COL19A1
ecm	COL1A1
ecm	COL1A2
ecm	COL20A1
ecm	COL21A1
ecm	COL22A1
ecm	COL23A1
ecm	COL24A1
ecm	COL25A1
ecm	COL26A1
ecm	COL27A1
ecm	COL28A1
ecm	COL2A1
ecm	COL3A1
ecm	COL4A1
ecm	COL4A2
ecm	COL4A3
ecm	COL4A4
ecm	COL4A5
ecm	COL4A6
ecm	COL5A1
ecm	COL5A2
ecm	COL5A3
ecm	COL6A1
ecm	COL6A2
ecm	COL6A3
ecm	COL6A5
ecm	COL6A6
ecm	COL7A1
ecm	COL8A1
ecm	COL8A2
ecm	COL9A1
ecm	COL9A2
ecm	COL9A3
ecm	COLGALT1
ecm	COLGALT2
ecm	COMP
ecm	CRTAP
ecm	CTRB1
ecm	CTRB2
ecm	CTSB
ecm	CTSD
ecm	CTSG
ecm	CTSK
ecm	CTSL
ecm	CTSS
ecm	CTSV
ecm	CXXC1
ecm	DAG1
ecm	DCN
ecm	DDR1
ecm	DDR2
ecm	DMD
ecm	DMTF1
ecm	DSPP
ecm	DST
ecm	EFEMP1
ecm	EFEMP2
ecm	ELANE
ecm	ERC2
ecm	F11R
ecm	FBLIM1
ecm	FBLN1
ecm	FBLN2
ecm	FBLN5
ecm	FBN1
ecm	FBN2
ecm	FBN3
ecm	FCER1G
ecm	FERMT2
ecm	FGA
ecm	FGB
ecm	FGF13
ecm	FGG
ecm	FLNA
ecm	FLNC
ecm	FMOD
ecm	FN1
ecm	FURIN
ecm	FYN
ecm	FZR1
ecm	GDF5
ecm	GP1BA
ecm	GP5
ecm	GP6
ecm	GP9
ecm	HAPLN1
ecm	HSPG2
ecm	HTRA1
ecm	IBSP
ecm	ICAM1
ecm	ICAM2
ecm	ICAM3
ecm	ICAM4
ecm	ICAM5
ecm	ILK
ecm	ITGA1
ecm	ITGA10
ecm	ITGA11
ecm	ITGA2
ecm	ITGA2B
ecm	ITGA3
ecm	ITGA4
ecm	ITGA5
ecm	ITGA6
ecm	ITGA7
ecm	ITGA8
ecm	ITGA9
ecm	ITGAD
ecm	ITGAE
ecm	ITGAL
ecm	ITGAM
ecm	ITGAV
ecm	ITGAX
ecm	ITGB1
ecm	ITGB2
ecm	ITGB3
ecm	ITGB4
ecm	ITGB5
ecm	ITGB6
ecm	ITGB7
ecm	ITGB8
ecm	JAM2
ecm	JAM3
ecm	KDR
ecm	KLK2
ecm	KLK7
ecm	KLKB1
ecm	LAMA1
ecm	LAMA2
ecm	LAMA4
ecm	LAMA5
ecm	LAMB1
ecm	LAMB3
ecm	LAMC1
ecm	LAMC2
ecm	LAMC3
ecm	LIMS1
ecm	LIMS2
ecm	LMNB2
ecm	LOX
ecm	LOXL1
ecm	LOXL2
ecm	LOXL3
ecm	LOXL4
ecm	LRP4
ecm	LTBP1
ecm	LTBP3
ecm	LTBP4
ecm	LUM
ecm	LYN
ecm	MADCAM1
ecm	MATN1
ecm	MATN3
ecm	MATN4
ecm	MFAP2
ecm	MFAP3
ecm	MFAP4
ecm	MFAP5
ecm	MMP1
ecm	MMP10
ecm	MMP11
ecm	MMP12
ecm	MMP13
ecm	MMP14
ecm	MMP15
ecm	MMP16
ecm	MMP17
ecm	MMP19
ecm	MMP2
ecm	MMP24
ecm	MMP28
ecm	MMP3
ecm	MMP7
ecm	MMP8
ecm	MMP9
ecm	MUSK
ecm	NCAM1
ecm	NCAN
ecm	NCSTN
ecm	NID1
ecm	NID2
ecm	NRXN1
ecm	NTN4
ecm	OPTC
ecm	P3H1
ecm	P3H2
ecm	P3H3
ecm	P4HA1
ecm	P4HA2
ecm	P4HA3
ecm	P4HB
ecm	PARVA
ecm	PARVB
ecm	PCOLCE
ecm	PCOLCE2
ecm	PDGFA
ecm	PDGFB
ecm	PECAM1
ecm	PHYKPL
ecm	PLEC
ecm	PLG
ecm	PLOD1
ecm	PLOD2
ecm	PLOD3
ecm	PPIB
ecm	PRKCA
ecm	PRSS2
ecm	PRSS58
ecm	PSEN1
ecm	PTPRS
ecm	PXDN
ecm	RSU1
ecm	SCUBE1
ecm	SCUBE3
ecm	SDC1
ecm	SDC2
ecm	SDC3
ecm	SDC4
ecm	SERPINE1
ecm	SERPINH1
ecm	SH3PXD2A
ecm	SMIM6
ecm	SPARC
ecm	SPOCK3
ecm	TESK1
ecm	TGFB1
ecm	TGFB2
ecm	TGFB3
ecm	THBS1
ecm	TIMP1
ecm	TIMP2
ecm	TLL1
ecm	TLL2
ecm	TMPRSS6
ecm	TNN
ecm	TNNI3
ecm	TNR
ecm	TNXB
ecm	TPSAB1
ecm	TRAPPC4
ecm	TTR
ecm	VASP
ecm	VCAM1
ecm	VCAN
ecm	VTN
ecm	VWF
folding	ACADVL
folding	ACD
folding	ACTR10
folding	ACTR1A
folding	ADD1
folding	AP3M1
folding	AREG
folding	ARFGAP1
folding	ARFGEF2
folding	ARL13B
folding	ARL2
folding	ATF4
folding	ATF6
folding	ATG14
folding	ATP6V0D1
folding	B2M
folding	BECN1
folding	CALR
folding	CANX
folding	CAPZA1
folding	CAPZA2
folding	CAPZA3
folding	CAPZB
folding	CCNE1
folding	CCNE2
folding	CCT2
folding	CCT3
folding	CCT4
folding	CCT5
folding	CCT6A
folding	CCT6B
folding	CCT7
folding	CCT8
folding	CETN1
folding	CFTR
folding	CSNK2A2
folding	CSNK2B
folding	CTDSP2
folding	CUL7
folding	CXXC1
folding	DCAF7
folding	DCTN1
folding	DCTN2
folding	DCTN3
folding	DCTN4
folding	DCTN5
folding	DCTN6
folding	DDIT3
folding	DDX11
folding	DNAJA1
folding	DNAJA2
folding	DNAJA4
folding	DNAJB1
folding	DNAJB11
folding	DNAJB9
folding	DNAJC3
folding	DYNC1H1
folding	DYNC1I1
folding	DYNC1I2
folding	DYNC1LI1
folding	DYNC1LI2
folding	DYNLL1
folding	DYNLL2
folding	EDEM1
folding	EEF1A1
folding	ERAP1
folding	ERAP2
folding	ERN1
folding	EXTL1
folding	EXTL2
folding	EXTL3
folding	FBXL3
folding	FBXL5
folding	FBXO4
folding	FBXO6
folding	FBXW10
folding	FBXW2
folding	FBXW4
folding	FBXW5
folding	FBXW7
folding	FBXW9
folding	FKBP14
folding	FKBP4
folding	FKBP5
folding	FKBP9
folding	GAPDHS
folding	GFAP
folding	GFPT1
folding	GNA11
folding	GNA14
folding	GNA15
folding	GNAQ
folding	GNB1
folding	GNB2
folding	GNB3
folding	GNB4
folding	GNB5
folding	GNG10
folding	GNG11
folding	GNG12
folding	GNG13
folding	GNG2
folding	GNG3
folding	GNG4
folding	GNG5
folding	GNG7
folding	GNG8
folding	GNGT1
folding	GNGT2
folding	GOSR2
folding	GSK3A
folding	HDAC3
folding	HDAC6
folding	HDGF
folding	HLA-A
folding	HLA-B
folding	HLA-C
folding	HLA-E
folding	HLA-F
folding	HLA-G
folding	HSP90AA1
folding	HSP90AB1
folding	HSP90B1
folding	HSPA1A
folding	HSPA1B
folding	HSPA1L
folding	HSPA2
folding	HSPA5
folding	HSPA8
folding	HYOU1
folding	IFT88
folding	KDELR3
folding	KIF13A
folding	KIFC3
folding	KLHDC3
folding	LAMP2
folding	LMNA
folding	LONP2
folding	MBTPS1
folding	MBTPS2
folding	MYDGF
folding	NFYA
folding	NFYB
folding	NFYC
folding	NOP56
folding	NR3C1
folding	NR3C2
folding	PARK7
folding	PCNT
folding	PDCL
folding	PDIA3
folding	PDIA5
folding	PDIA6
folding	PFDN1
folding	PFDN2
folding	PFDN4
folding	PFDN5
folding	PFDN6
folding	PGR
folding	PIK3C3
folding	PIK3R4
folding	PLA2G4B
folding	PLIN2
folding	PLIN3
folding	POTEF
folding	PPP2R5B
folding	PREB
folding	PTGES3
folding	RGS11
folding	RGS6
folding	RGS7
folding	RGS9BP
folding	RNASE1
folding	RPS27A
folding	SAR1B
folding	SEC13
folding	SEC14L2
folding	SEC14L3
folding	SEC23A
folding	SEC24A
folding	SEC24B
folding	SEC24C
folding	SEC24D
folding	SEC31A
folding	SERP1
folding	SHC1
folding	SKIC2
folding	SPHK1
folding	SRPRA
folding	SRPRB
folding	SSR1
folding	STAT3
folding	STIP1
folding	SYVN1
folding	TAPBP
folding	TATDN2
folding	TBCA
folding	TBCB
folding	TBCC
folding	TBCD
folding	TBCE
folding	TCP1
folding	TLN1
folding	TP53
folding	TSPYL2
folding	TUBA1A
folding	TUBA1B
folding	TUBA1C
folding	TUBA3C
folding	TUBA3D
folding	TUBA3E
folding	TUBA4A
folding	TUBA4B
folding	TUBA8
folding	TUBAL3
folding	TUBB
folding	TUBB2A
folding	TUBB2B
folding	TUBB3
folding	TUBB4A
folding	TUBB4B
folding	TUBB6
folding	UBA52
folding	UBB
folding	UBC
folding	USP11
folding	VBP1
folding	WFS1
folding	WIPI1
folding	WRAP53
folding	XRN2
folding	YIF1A
folding	ZBTB17
ptm	A4GNT
ptm	AAAS
ptm	ABRAXAS1
ptm	ABRAXAS2
ptm	ACTL6A
ptm	ACTR10
ptm	ACTR1A
ptm	ACTR5
ptm	ACTR8
ptm	ADAM10
ptm	ADAMTS1
ptm	ADAMTS10
ptm	ADAMTS12
ptm	ADAMTS13
ptm	ADAMTS14
ptm	ADAMTS15
ptm	ADAMTS16
ptm	ADAMTS17
ptm	ADAMTS18
ptm	ADAMTS19
ptm	ADAMTS2
ptm	ADAMTS20
ptm	ADAMTS3
ptm	ADAMTS4
ptm	ADAMTS5
ptm	ADAMTS6
ptm	ADAMTS7
ptm	ADAMTS8
ptm	ADAMTS9
ptm	ADAMTSL1
ptm	ADAMTSL2
ptm	ADAMTSL3
ptm	ADAMTSL4
ptm	ADAMTSL5
ptm	ADRB2
ptm	ADRM1
ptm	AGBL1
ptm	AGBL2
ptm	AGBL3
ptm	AGBL4
ptm	AGBL5
ptm	AGTPBP1
ptm	AHSG
ptm	ALB
ptm	ALG1
ptm	ALG10B
ptm	ALG11
ptm	ALG12
ptm	ALG13
ptm	ALG14
ptm	ALG2
ptm	ALG3
ptm	ALG5
ptm	ALG6
ptm	ALG8
ptm	ALG9
ptm	ALPG
ptm	ALPL
ptm	ALPP
ptm	AMBN
ptm	AMDHD2
ptm	AMELX
ptm	AMFR
ptm	AMTN
ptm	ANAPC1
ptm	ANAPC10
ptm	ANAPC11
ptm	ANAPC13
ptm	ANAPC2
ptm	ANAPC4
ptm	ANAPC5
ptm	ANAPC7
ptm	ANK1
ptm	ANK2
ptm	ANK3
ptm	ANKRD28
ptm	ANKRD9
ptm	ANO8
ptm	APLP2
ptm	APOA1
ptm	APOA5
ptm	APOB
ptm	APOE
ptm	APOL1
ptm	APP
ptm	ARCN1
ptm	AREG
ptm	AREL1
ptm	ARF3
ptm	ARF4
ptm	ARF5
ptm	ARFGAP1
ptm	ARFGAP2
ptm	ARFGAP3
ptm	ARIH2
ptm	ARRB1
ptm	ARRB2
ptm	ARSA
ptm	ARSB
ptm	ARSD
ptm	ARSF
ptm	ARSG
ptm	ARSH
ptm	ARSI
ptm	ARSJ
ptm	ARSK
ptm	ARSL
ptm	ART3
ptm	ART4
ptm	ASB1
ptm	ASB10
ptm	ASB11
ptm	ASB12
ptm	ASB13
ptm	ASB14
ptm	ASB15
ptm	ASB16
ptm	ASB17
ptm	ASB18
ptm	ASB2
ptm	ASB4
ptm	ASB5
ptm	ASB6
ptm	ASB7
ptm	ASB8
ptm	ASB9
ptm	ASGR1
ptm	ASGR2
ptm	ASXL1
ptm	ASXL2
ptm	ATG7
ptm	ATM
ptm	ATXN3
ptm	ATXN3L
ptm	ATXN7
ptm	AURKA
ptm	AURKB
ptm	AXIN1
ptm	AXIN2
ptm	B3GALNT2
ptm	B3GLCT
ptm	B3GNT2
ptm	B3GNT3
ptm	B3GNT4
ptm	B3GNT5
ptm	B3GNT6
ptm	B3GNT7
ptm	B3GNT8
ptm	B3GNT9
ptm	B3GNTL1
ptm	B4GALNT2
ptm	B4GALT1
ptm	B4GALT2
ptm	B4GALT3
ptm	B4GALT4
ptm	B4GALT5
ptm	B4GALT6
ptm	B4GAT1
ptm	BABAM1
ptm	BABAM2
ptm	BARD1
ptm	BCL10
ptm	BECN1
ptm	BET1
ptm	BET1L
ptm	BGLAP
ptm	BIRC2
ptm	BIRC3
ptm	BIRC5
ptm	BLM
ptm	BLMH
ptm	BMP15
ptm	BMP4
ptm	BPIFB2
ptm	BRCA1
ptm	BRCC3
ptm	BST1
ptm	BTBD1
ptm	BTBD6
ptm	BTRC
ptm	C1GALT1
ptm	C1GALT1C1
ptm	C3
ptm	C4A
ptm	CALM1
ptm	CALR
ptm	CALU
ptm	CAMKMT
ptm	CAND1
ptm	CANX
ptm	CAPZA1
ptm	CAPZA2
ptm	CAPZA3
ptm	CAPZB
ptm	CARD16
ptm	CASP8AP2
ptm	CBLB
ptm	CBLL2
ptm	CBX2
ptm	CBX4
ptm	CBX5
ptm	CBX8
ptm	CCDC22
ptm	CCDC8
ptm	CCNA1
ptm	CCNA2
ptm	CCND1
ptm	CCNF
ptm	CCP110
ptm	CD109
ptm	CD52
ptm	CD55
ptm	CD59
ptm	CDC16
ptm	CDC20
ptm	CDC23
ptm	CDC25A
ptm	CDC26
ptm	CDC27
ptm	CDC34
ptm	CDC73
ptm	CDCA8
ptm	CDH2
ptm	CDK1
ptm	CDK4
ptm	CDKN2A
ptm	CEACAM5
ptm	CEACAM7
ptm	CETN2
ptm	CFAP73
ptm	CFP
ptm	CFTR
ptm	CHD3
ptm	CHEK1
ptm	CHEK2
ptm	CHGA
ptm	CHGB
ptm	CHML
ptm	CHRDL1
ptm	CHST10
ptm	CHST4
ptm	CHST8
ptm	CISH
ptm	CKAP4
ptm	CLSPN
ptm	CMAS
ptm	CNIH1
ptm	CNIH2
ptm	CNIH3
ptm	CNKSR3
ptm	CNTN3
ptm	CNTN4
ptm	CNTN5
ptm	COG1
ptm	COG2
ptm	COG3
ptm	COG4
ptm	COG5
ptm	COG6
ptm	COG7
ptm	COG8
ptm	COL7A1
ptm	COMMD1
ptm	COMMD10
ptm	COMMD2
ptm	COMMD3
ptm	COMMD3-BMI1
ptm	COMMD4
ptm	COMMD5
ptm	COMMD6
ptm	COMMD7
ptm	COMMD8
ptm	COMMD9
ptm	COPA
ptm	COPB1
ptm	COPB2
ptm	COPE
ptm	COPG1
ptm	COPG2
ptm	COPS2
ptm	COPS3
ptm	COPS4
ptm	COPS5
ptm	COPS6
ptm	COPS7A
ptm	COPS8
ptm	COPZ1
ptm	COPZ2
ptm	CP
ptm	CPM
ptm	CREBBP
ptm	CSF1
ptm	CSNK1A1
ptm	CSNK1D
ptm	CST3
ptm	CTBP1
ptm	CTR9
ptm	CTSA
ptm	CTSC
ptm	CTSZ
ptm	CUL1
ptm	CUL2
ptm	CUL3
ptm	CUL4A
ptm	CUL4B
ptm	CUL5
ptm	CUL7
ptm	CUL9
ptm	CXXC1
ptm	CYLD
ptm	DAD1
ptm	DAG1
ptm	DAXX
ptm	DCAF1
ptm	DCAF10
ptm	DCAF11
ptm	DCAF13
ptm	DCAF16
ptm	DCAF17
ptm	DCAF4
ptm	DCAF5
ptm	DCAF6
ptm	DCAF7
ptm	DCAF8
ptm	DCTN1
ptm	DCTN2
ptm	DCTN3
ptm	DCTN4
ptm	DCTN5
ptm	DCTN6
ptm	DCUN1D1
ptm	DCUN1D2
ptm	DCUN1D3
ptm	DCUN1D4
ptm	DCUN1D5
ptm	DDA1
ptm	DDB1
ptm	DDB2
ptm	DDOST
ptm	DDX17
ptm	DDX5
ptm	DERL1
ptm	DERL2
ptm	DET1
ptm	DHDDS
ptm	DHPS
ptm	DMTF1
ptm	DNAJC24
ptm	DNAJC3
ptm	DNMT1
ptm	DNMT3A
ptm	DNMT3B
ptm	DOHH
ptm	DOLK
ptm	DOLPP1
ptm	DPAGT1
ptm	DPH1
ptm	DPH2
ptm	DPH3
ptm	DPH5
ptm	DPH6
ptm	DPH7
ptm	DPM1
ptm	DPM2
ptm	DPM3
ptm	DTL
ptm	DTX3L
ptm	DYNC1H1
ptm	DYNC1I1
ptm	DYNC1I2
ptm	DYNC1LI1
ptm	DYNC1LI2
ptm	DYNLL1
ptm	DYNLL2
ptm	DZIP3
ptm	EDEM1
ptm	EDEM2
ptm	EDEM3
ptm	EEF1A1
ptm	EEF1AKMT1
ptm	EEF1AKMT2
ptm	EEF2
ptm	EEF2KMT
ptm	EGFL7
ptm	EID3
ptm	EIF5A2
ptm	EIF5AL1
ptm	ELOB
ptm	ELOC
ptm	ENAM
ptm	ENGASE
ptm	EP300
ptm	EPAS1
ptm	ERCC8
ptm	ESR1
ptm	ETFB
ptm	ETFBKMT
ptm	EVA1A
ptm	F5
ptm	F7
ptm	F8
ptm	F9
ptm	FAM110A
ptm	FAM20A
ptm	FAM20C
ptm	FBN1
ptm	FBXL12
ptm	FBXL13
ptm	FBXL14
ptm	FBXL15
ptm	FBXL16
ptm	FBXL18
ptm	FBXL19
ptm	FBXL20
ptm	FBXL22
ptm	FBXL3
ptm	FBXL4
ptm	FBXL5
ptm	FBXL7
ptm	FBXL8
ptm	FBXO10
ptm	FBXO11
ptm	FBXO15
ptm	FBXO17
ptm	FBXO2
ptm	FBXO21
ptm	FBXO22
ptm	FBXO27
ptm	FBXO30
ptm	FBXO31
ptm	FBXO32
ptm	FBXO4
ptm	FBXO40
ptm	FBXO41
ptm	FBXO44
ptm	FBXO6
ptm	FBXO7
ptm	FBXO9
ptm	FBXW10
ptm	FBXW11
ptm	FBXW12
ptm	FBXW2
ptm	FBXW4
ptm	FBXW5
ptm	FBXW7
ptm	FBXW8
ptm	FBXW9
ptm	FCSK
ptm	FEM1B
ptm	FEM1C
ptm	FGA
ptm	FGF23
ptm	FGG
ptm	FKBP8
ptm	FN1
ptm	FN3K
ptm	FN3KRP
ptm	FOLR2
ptm	FOXK1
ptm	FOXK2
ptm	FOXL2
ptm	FOXO4
ptm	FPGT
ptm	FSTL1
ptm	FSTL3
ptm	FUCA1
ptm	FUCA2
ptm	FUOM
ptm	FURIN
ptm	FUT3
ptm	FUT8
ptm	FZD4
ptm	FZD6
ptm	FZD8
ptm	FZR1
ptm	GALNT1
ptm	GALNT10
ptm	GALNT11
ptm	GALNT12
ptm	GALNT14
ptm	GALNT18
ptm	GALNT2
ptm	GALNT3
ptm	GALNT5
ptm	GALNT6
ptm	GALNT8
ptm	GALNT9
ptm	GALNTL5
ptm	GALNTL6
ptm	GAN
ptm	GANAB
ptm	GAS6
ptm	GATA3
ptm	GCNT1
ptm	GCNT3
ptm	GCNT4
ptm	GCNT7
ptm	GFPT1
ptm	GFPT2
ptm	GFUS
ptm	GGCX
ptm	GLB1
ptm	GLI1
ptm	GLI2
ptm	GLI3
ptm	GLMN
ptm	GMDS
ptm	GMPPA
ptm	GMPPB
ptm	GNE
ptm	GNPNAT1
ptm	GOLGA2
ptm	GOLGB1
ptm	GOLM1
ptm	GORASP1
ptm	GOSR1
ptm	GOSR2
ptm	GP2
ptm	GPAA1
ptm	GPC3
ptm	GPIHBP1
ptm	GPLD1
ptm	GPR75-ASB3
ptm	GPS1
ptm	GRIA1
ptm	GSK3B
ptm	H2AC1
ptm	H2AC11
ptm	H2AC12
ptm	H2AC14
ptm	H2AC19
ptm	H2AC20
ptm	H2AC21
ptm	H2AC25
ptm	H2AC4
ptm	H2AC6
ptm	H2AC7
ptm	H2BC1
ptm	H2BC11
ptm	H2BC12
ptm	H2BC13
ptm	H2BC14
ptm	H2BC15
ptm	H2BC17
ptm	H2BC18
ptm	H2BC21
ptm	H2BC26
ptm	H2BC3
ptm	H2BC4
ptm	H2BC5
ptm	H2BC9
ptm	H4C15
ptm	HACE1
ptm	HCFC1
ptm	HDAC1
ptm	HDAC2
ptm	HDAC4
ptm	HDAC7
ptm	HECTD1
ptm	HECTD2
ptm	HECTD3
ptm	HECW2
ptm	HERC1
ptm	HERC2
ptm	HERC3
ptm	HERC4
ptm	HERC5
ptm	HERC6
ptm	HGS
ptm	HIC1
ptm	HIF1A
ptm	HIF3A
ptm	HIPK2
ptm	HLA-A
ptm	HLA-B
ptm	HLTF
ptm	HNRNPC
ptm	HNRNPK
ptm	HRC
ptm	HSP90B1
ptm	HSPA8
ptm	HUWE1
ptm	ICMT
ptm	IDE
ptm	IFIH1
ptm	IGFBP1
ptm	IGFBP3
ptm	IGFBP4
ptm	IGFBP5
ptm	IGFBP7
ptm	IKBKE
ptm	IKBKG
ptm	IL33
ptm	IL6
ptm	INCENP
ptm	ING3
ptm	INO80
ptm	INO80B
ptm	INO80C
ptm	INO80D
ptm	INO80E
ptm	INS
ptm	ITCH
ptm	ITIH2
ptm	IZUMO1R
ptm	JOSD1
ptm	JOSD2
ptm	KAT2A
ptm	KAT2B
ptm	KBTBD13
ptm	KBTBD6
ptm	KBTBD7
ptm	KBTBD8
ptm	KCTD6
ptm	KCTD7
ptm	KDELR1
ptm	KDELR2
ptm	KDELR3
ptm	KDM1B
ptm	KEAP1
ptm	KIN
ptm	KLHL11
ptm	KLHL13
ptm	KLHL2
ptm	KLHL20
ptm	KLHL21
ptm	KLHL22
ptm	KLHL25
ptm	KLHL3
ptm	KLHL41
ptm	KLHL42
ptm	KLHL5
ptm	KLHL9
ptm	KNG1
ptm	KTN1
ptm	L3MBTL2
ptm	LAMB1
ptm	LAMC1
ptm	LARGE1
ptm	LARGE2
ptm	LEO1
ptm	LGALS1
ptm	LGR4
ptm	LGR5
ptm	LGR6
ptm	LHB
ptm	LMAN1
ptm	LMAN1L
ptm	LMAN2
ptm	LMAN2L
ptm	LMNB2
ptm	LMO7
ptm	LNPEP
ptm	LNX1
ptm	LOC124905743
ptm	LONRF1
ptm	LRP5
ptm	LRP6
ptm	LRR1
ptm	LRRC41
ptm	LRRC49
ptm	LRSAM1
ptm	LSAMP
ptm	LTBP1
ptm	LTN1
ptm	LY6D
ptm	LY6E
ptm	LY6G6C
ptm	LY6G6F
ptm	LY6H
ptm	LY6K
ptm	LYPD1
ptm	LYPD2
ptm	LYPD3
ptm	LYPD4
ptm	LYPD5
ptm	LYPD6B
ptm	LYPD8
ptm	MAGT1
ptm	MAN1A1
ptm	MAN1A2
ptm	MAN1B1
ptm	MAN1C1
ptm	MAN2A1
ptm	MAN2A2
ptm	MANEA
ptm	MAP3K7
ptm	MARCHF6
ptm	MAT2B
ptm	MATN3
ptm	MAVS
ptm	MBD1
ptm	MBD5
ptm	MBD6
ptm	MBTPS1
ptm	MCFD2
ptm	MCRS1
ptm	MDC1
ptm	MDGA1
ptm	MDGA2
ptm	MDM2
ptm	MDM4
ptm	MELTF
ptm	MEN1
ptm	MEPE
ptm	METTL21A
ptm	METTL22
ptm	MEX3C
ptm	MFGE8
ptm	MGAT4A
ptm	MGAT4B
ptm	MGAT4C
ptm	MGAT5
ptm	MGRN1
ptm	MIA3
ptm	MIB2
ptm	MITF
ptm	MKRN1
ptm	MLEC
ptm	MOGAT1
ptm	MOGAT2
ptm	MOGAT3
ptm	MOGS
ptm	MPDU1
ptm	MPZ
ptm	MRTFA
ptm	MSLN
ptm	MTA1
ptm	MUC1
ptm	MUC12
ptm	MUC13
ptm	MUC15
ptm	MUC16
ptm	MUC17
ptm	MUC19
ptm	MUC2
ptm	MUC20
ptm	MUC21
ptm	MUC3B
ptm	MUC4
ptm	MUC5AC
ptm	MUC5B
ptm	MUC6
ptm	MUC7
ptm	MUCL1
ptm	MUL1
ptm	MVD
ptm	MXRA8
ptm	MYC
ptm	MYLIP
ptm	MYSM1
ptm	NAE1
ptm	NAGK
ptm	NANP
ptm	NANS
ptm	NAPG
ptm	NAPSA
ptm	NCOA1
ptm	NCOA2
ptm	NCOR2
ptm	NDC1
ptm	NEDD4
ptm	NEDD4L
ptm	NEDD8
ptm	NEGR1
ptm	NEU2
ptm	NEU3
ptm	NEU4
ptm	NEURL2
ptm	NFE2L2
ptm	NFKB2
ptm	NFKBIA
ptm	NFRKB
ptm	NGLY1
ptm	NICN1
ptm	NLRP3
ptm	NOD1
ptm	NOD2
ptm	NOP58
ptm	NOTUM
ptm	NPEPPS
ptm	NPL
ptm	NPLOC4
ptm	NPM1
ptm	NR1H2
ptm	NR1H3
ptm	NR1H4
ptm	NR1I2
ptm	NR2C1
ptm	NR3C1
ptm	NR3C2
ptm	NR4A2
ptm	NR5A1
ptm	NR5A2
ptm	NRIP1
ptm	NRN1
ptm	NRN1L
ptm	NSF
ptm	NSMCE1
ptm	NSMCE2
ptm	NSMCE3
ptm	NSMCE4A
ptm	NTM
ptm	NTNG2
ptm	NUB1
ptm	NUCB1
ptm	NUDT14
ptm	NUMB
ptm	NUP107
ptm	NUP133
ptm	NUP153
ptm	NUP155
ptm	NUP160
ptm	NUP188
ptm	NUP205
ptm	NUP210
ptm	NUP214
ptm	NUP35
ptm	NUP37
ptm	NUP42
ptm	NUP43
ptm	NUP50
ptm	NUP54
ptm	NUP58
ptm	NUP62
ptm	NUP85
ptm	NUP88
ptm	NUP93
ptm	NUP98
ptm	NUS1
ptm	OBSL1
ptm	OGT
ptm	OPCML
ptm	OS9
ptm	OTOA
ptm	OTUB1
ptm	OTUB2
ptm	OTUD3
ptm	OTUD5
ptm	OTUD7A
ptm	OTUD7B
ptm	OTULIN
ptm	P4HB
ptm	PAF1
ptm	PARK7
ptm	PARP1
ptm	PCGF2
ptm	PCNA
ptm	PCSK9
ptm	PDIA3
ptm	PDIA6
ptm	PENK
ptm	PEX10
ptm	PEX12
ptm	PEX13
ptm	PEX14
ptm	PEX2
ptm	PEX5
ptm	PGAP1
ptm	PGM3
ptm	PGR
ptm	PHC1
ptm	PHC2
ptm	PHC3
ptm	PIAS1
ptm	PIAS2
ptm	PIAS3
ptm	PIAS4
ptm	PIGA
ptm	PIGB
ptm	PIGC
ptm	PIGF
ptm	PIGG
ptm	PIGH
ptm	PIGK
ptm	PIGL
ptm	PIGM
ptm	PIGN
ptm	PIGO
ptm	PIGP
ptm	PIGQ
ptm	PIGS
ptm	PIGT
ptm	PIGU
ptm	PIGV
ptm	PIGW
ptm	PIGX
ptm	PIGY
ptm	PIGZ
ptm	PJA1
ptm	PJA2
ptm	PKN2
ptm	PLAUR
ptm	PLET1
ptm	PMEPA1
ptm	PML
ptm	PMM1
ptm	PMM2
ptm	PNPLA2
ptm	POC1B-GALNT4
ptm	POFUT2
ptm	POLG2
ptm	POLR1A
ptm	POM121
ptm	POM121C
ptm	POMGNT1
ptm	POMGNT2
ptm	POMK
ptm	POMT1
ptm	POMT2
ptm	POTEF
ptm	PPARA
ptm	PPARG
ptm	PPARGC1A
ptm	PPP3CA
ptm	PPP6C
ptm	PPP6R1
ptm	PPP6R3
ptm	PREB
ptm	PRKACB
ptm	PRKACG
ptm	PRKCA
ptm	PRKCSH
ptm	PRKDC
ptm	PRKN
ptm	PRMT3
ptm	PRND
ptm	PROC
ptm	PROS1
ptm	PROZ
ptm	PRSS21
ptm	PRSS23
ptm	PRSS41
ptm	PSCA
ptm	PSMA1
ptm	PSMA2
ptm	PSMA3
ptm	PSMA4
ptm	PSMA5
ptm	PSMA6
ptm	PSMA7
ptm	PSMA8
ptm	PSMB1
ptm	PSMB10
ptm	PSMB11
ptm	PSMB2
ptm	PSMB3
ptm	PSMB4
ptm	PSMB5
ptm	PSMB6
ptm	PSMB7
ptm	PSMB8
ptm	PSMB9
ptm	PSMC1
ptm	PSMC2
ptm	PSMC3
ptm	PSMC4
ptm	PSMC5
ptm	PSMC6
ptm	PSMD10
ptm	PSMD11
ptm	PSMD12
ptm	PSMD13
ptm	PSMD14
ptm	PSMD2
ptm	PSMD3
ptm	PSMD4
ptm	PSMD5
ptm	PSMD6
ptm	PSMD7
ptm	PSMD8
ptm	PSMD9
ptm	PSME1
ptm	PSME2
ptm	PSME3
ptm	PSME4
ptm	PSMF1
ptm	PTEN
ptm	PTGES2
ptm	PTP4A2
ptm	PTRH2
ptm	PUM2
ptm	QSOX1
ptm	RAB10
ptm	RAB11A
ptm	RAB12
ptm	RAB13
ptm	RAB14
ptm	RAB15
ptm	RAB17
ptm	RAB18
ptm	RAB19
ptm	RAB1A
ptm	RAB1B
ptm	RAB20
ptm	RAB21
ptm	RAB22A
ptm	RAB23
ptm	RAB24
ptm	RAB25
ptm	RAB26
ptm	RAB27A
ptm	RAB27B
ptm	RAB29
ptm	RAB2A
ptm	RAB2B
ptm	RAB30
ptm	RAB31
ptm	RAB32
ptm	RAB33A
ptm	RAB33B
ptm	RAB34
ptm	RAB35
ptm	RAB36
ptm	RAB37
ptm	RAB38
ptm	RAB39A
ptm	RAB39B
ptm	RAB3A
ptm	RAB3B
ptm	RAB3C
ptm	RAB3D
ptm	RAB40A
ptm	RAB40B
ptm	RAB40C
ptm	RAB41
ptm	RAB43
ptm	RAB44
ptm	RAB4A
ptm	RAB5A
ptm	RAB5B
ptm	RAB5C
ptm	RAB6A
ptm	RAB6B
ptm	RAB7A
ptm	RAB7B
ptm	RAB8A
ptm	RAB8B
ptm	RAB9A
ptm	RAB9B
ptm	RABGGTA
ptm	RABGGTB
ptm	RAD18
ptm	RAD21
ptm	RAD23A
ptm	RAD23B
ptm	RAD52
ptm	RAET1G
ptm	RAET1L
ptm	RANBP2
ptm	RANGAP1
ptm	RARA
ptm	RBBP5
ptm	RBBP6
ptm	RBBP7
ptm	RBCK1
ptm	RBX1
ptm	RCE1
ptm	RCHY1
ptm	RCN1
ptm	RECK
ptm	RELA
ptm	RENBP
ptm	RFT1
ptm	RHOA
ptm	RHOT1
ptm	RIGI
ptm	RING1
ptm	RIPK1
ptm	RIPK2
ptm	RLIM
ptm	RNASE7
ptm	RNF103
ptm	RNF111
ptm	RNF114
ptm	RNF115
ptm	RNF123
ptm	RNF126
ptm	RNF128
ptm	RNF130
ptm	RNF135
ptm	RNF138
ptm	RNF139
ptm	RNF14
ptm	RNF144A
ptm	RNF144B
ptm	RNF146
ptm	RNF152
ptm	RNF168
ptm	RNF181
ptm	RNF182
ptm	RNF185
ptm	RNF19A
ptm	RNF19B
ptm	RNF2
ptm	RNF20
ptm	RNF213
ptm	RNF217
ptm	RNF220
ptm	RNF25
ptm	RNF34
ptm	RNF4
ptm	RNF40
ptm	RNF41
ptm	RNF43
ptm	RNF5
ptm	RNF6
ptm	RNF7
ptm	RORA
ptm	RPN1
ptm	RPN2
ptm	RPS2
ptm	RPS27A
ptm	RRAGA
ptm	RSPO1
ptm	RSPO2
ptm	RSPO3
ptm	RSPO4
ptm	RTF1
ptm	RTN4RL1
ptm	RTN4RL2
ptm	RUVBL1
ptm	RWDD3
ptm	RXRA
ptm	SAE1
ptm	SAFB
ptm	SAR1B
ptm	SATB1
ptm	SATB2
ptm	SBSPON
ptm	SCFD1
ptm	SCG2
ptm	SCG3
ptm	SCMH1
ptm	SDC2
ptm	SEC13
ptm	SEC16A
ptm	SEC16B
ptm	SEC22A
ptm	SEC22B
ptm	SEC22C
ptm	SEC23A
ptm	SEC23IP
ptm	SEC24A
ptm	SEC24B
ptm	SEC24C
ptm	SEC24D
ptm	SEC31A
ptm	SEH1L
ptm	SEL1L
ptm	SELENOS
ptm	SEM1
ptm	SEMA5A
ptm	SEMA5B
ptm	SENP1
ptm	SENP2
ptm	SENP5
ptm	SENP8
ptm	SERPINA1
ptm	SERPINA10
ptm	SERPINC1
ptm	SERPIND1
ptm	SGPP2
ptm	SH3RF1
ptm	SHISA5
ptm	SHPRH
ptm	SIAH1
ptm	SIAH2
ptm	SIN3A
ptm	SKIC8
ptm	SKP1
ptm	SKP2
ptm	SLC17A5
ptm	SLC35A1
ptm	SLC35C1
ptm	SLPI
ptm	SMAD1
ptm	SMAD2
ptm	SMAD3
ptm	SMAD4
ptm	SMAD7
ptm	SMC1A
ptm	SMC3
ptm	SMC5
ptm	SMC6
ptm	SMURF1
ptm	SMURF2
ptm	SNX3
ptm	SOCS1
ptm	SOCS2
ptm	SOCS3
ptm	SOCS5
ptm	SOCS6
ptm	SP100
ptm	SP3
ptm	SPACA4
ptm	SPARCL1
ptm	SPON1
ptm	SPON2
ptm	SPRN
ptm	SPSB1
ptm	SPSB2
ptm	SPSB3
ptm	SPSB4
ptm	SPTA1
ptm	SPTAN1
ptm	SPTB
ptm	SPTBN1
ptm	SPTBN2
ptm	SPTBN4
ptm	SPTBN5
ptm	SQSTM1
ptm	SRD5A3
ptm	ST3GAL1
ptm	ST3GAL2
ptm	ST3GAL3
ptm	ST3GAL4
ptm	ST3GAL5
ptm	ST3GAL6
ptm	ST6GAL1
ptm	ST6GAL2
ptm	ST6GALNAC1
ptm	ST6GALNAC2
ptm	ST6GALNAC3
ptm	ST6GALNAC4
ptm	ST6GALNAC5
ptm	ST6GALNAC6
ptm	ST8SIA1
ptm	ST8SIA2
ptm	ST8SIA3
ptm	ST8SIA4
ptm	ST8SIA5
ptm	ST8SIA6
ptm	STAG2
ptm	STAM
ptm	STAM2
ptm	STAMBP
ptm	STAMBPL1
ptm	STC2
ptm	STS
ptm	STT3A
ptm	STUB1
ptm	STX17
ptm	STX5
ptm	SUDS3
ptm	SUFU
ptm	SUMF1
ptm	SUMF2
ptm	SUMO1
ptm	SUMO2
ptm	SUZ12
ptm	SVBP
ptm	SYVN1
ptm	TAB1
ptm	TADA2B
ptm	TADA3
ptm	TAF10
ptm	TAF9B
ptm	TANK
ptm	TBC1D20
ptm	TDG
ptm	TECTA
ptm	TECTB
ptm	TEX101
ptm	TF
ptm	TFAP2A
ptm	TFAP2B
ptm	TFAP2C
ptm	TFG
ptm	TFPT
ptm	TGFA
ptm	TGFB1
ptm	TGFBR1
ptm	TGFBR2
ptm	TGOLN2
ptm	THBS1
ptm	THBS2
ptm	THOP1
ptm	THRA
ptm	THRB
ptm	THSD1
ptm	THSD4
ptm	THSD7A
ptm	THSD7B
ptm	THY1
ptm	TIMP1
ptm	TMED2
ptm	TMED3
ptm	TMED7
ptm	TMED9
ptm	TMEM115
ptm	TMEM129
ptm	TMEM132A
ptm	TNFAIP3
ptm	TNIP1
ptm	TNIP2
ptm	TNIP3
ptm	TNKS
ptm	TNKS2
ptm	TNNI3
ptm	TOMM20
ptm	TOMM70
ptm	TOP1
ptm	TOP2A
ptm	TOP2B
ptm	TOPORS
ptm	TP53
ptm	TP53BP1
ptm	TPGS1
ptm	TPGS2
ptm	TPP2
ptm	TPR
ptm	TPST1
ptm	TPST2
ptm	TRAF3
ptm	TRAF6
ptm	TRAF7
ptm	TRAIP
ptm	TRAPPC1
ptm	TRAPPC10
ptm	TRAPPC2
ptm	TRAPPC2L
ptm	TRAPPC3
ptm	TRAPPC4
ptm	TRAPPC5
ptm	TRAPPC6A
ptm	TRAPPC6B
ptm	TRAPPC9
ptm	TRIM11
ptm	TRIM13
ptm	TRIM21
ptm	TRIM25
ptm	TRIM26
ptm	TRIM27
ptm	TRIM28
ptm	TRIM32
ptm	TRIM36
ptm	TRIM37
ptm	TRIM39
ptm	TRIM4
ptm	TRIM41
ptm	TRIM50
ptm	TRIM63
ptm	TRIM69
ptm	TRIM71
ptm	TRIM9
ptm	TRIP12
ptm	TRRAP
ptm	TTF2
ptm	TTL
ptm	TTLL1
ptm	TTLL10
ptm	TTLL11
ptm	TTLL12
ptm	TTLL13
ptm	TTLL2
ptm	TTLL3
ptm	TTLL4
ptm	TTLL6
ptm	TTLL7
ptm	TTLL8
ptm	TTLL9
ptm	TUBA1A
ptm	TUBA1B
ptm	TUBA1C
ptm	TUBA3C
ptm	TUBA3D
ptm	TUBA3E
ptm	TUBB
ptm	TUBB2A
ptm	TUBB2B
ptm	TUBB3
ptm	TUBB4A
ptm	TUBB4B
ptm	TUBB6
ptm	TUBB8
ptm	TUBB8B
ptm	TULP4
ptm	TUSC3
ptm	UAP1
ptm	UBA1
ptm	UBA2
ptm	UBA3
ptm	UBA5
ptm	UBA52
ptm	UBA6
ptm	UBA7
ptm	UBAC1
ptm	UBB
ptm	UBC
ptm	UBD
ptm	UBE2A
ptm	UBE2B
ptm	UBE2C
ptm	UBE2D1
ptm	UBE2D2
ptm	UBE2D3
ptm	UBE2D4
ptm	UBE2E1
ptm	UBE2E2
ptm	UBE2E3
ptm	UBE2F
ptm	UBE2G1
ptm	UBE2G2
ptm	UBE2H
ptm	UBE2I
ptm	UBE2J1
ptm	UBE2J2
ptm	UBE2K
ptm	UBE2L3
ptm	UBE2L6
ptm	UBE2M
ptm	UBE2N
ptm	UBE2O
ptm	UBE2Q1
ptm	UBE2Q2
ptm	UBE2R2
ptm	UBE2S
ptm	UBE2T
ptm	UBE2U
ptm	UBE2V1
ptm	UBE2V2
ptm	UBE2W
ptm	UBE2Z
ptm	UBE3A
ptm	UBE3B
ptm	UBE3C
ptm	UBE3D
ptm	UBE4A
ptm	UBOX5
ptm	UBR1
ptm	UBR2
ptm	UBR4
ptm	UBXN1
ptm	UBXN7
ptm	UCHL1
ptm	UCHL3
ptm	UCHL5
ptm	UFD1
ptm	UFL1
ptm	UGGT1
ptm	UGGT2
ptm	UHRF2
ptm	UIMC1
ptm	ULBP2
ptm	UMOD
ptm	UNKL
ptm	USO1
ptm	USP11
ptm	USP12
ptm	USP13
ptm	USP14
ptm	USP15
ptm	USP17L1
ptm	USP17L10
ptm	USP17L11
ptm	USP17L12
ptm	USP17L13
ptm	USP17L15
ptm	USP17L17
ptm	USP17L18
ptm	USP17L19
ptm	USP17L2
ptm	USP17L20
ptm	USP17L21
ptm	USP17L22
ptm	USP17L24
ptm	USP17L3
ptm	USP17L4
ptm	USP17L5
ptm	USP17L8
ptm	USP18
ptm	USP19
ptm	USP2
ptm	USP20
ptm	USP22
ptm	USP24
ptm	USP25
ptm	USP26
ptm	USP28
ptm	USP3
ptm	USP30
ptm	USP32
ptm	USP33
ptm	USP34
ptm	USP37
ptm	USP4
ptm	USP42
ptm	USP44
ptm	USP47
ptm	USP48
ptm	USP49
ptm	USP5
ptm	USP7
ptm	USP8
ptm	USP9X
ptm	VASH1
ptm	VASH2
ptm	VCAN
ptm	VCP
ptm	VCPIP1
ptm	VCPKMT
ptm	VDAC1
ptm	VDAC2
ptm	VDR
ptm	VGF
ptm	VHL
ptm	VNN1
ptm	VNN2
ptm	VWA1
ptm	WAC
ptm	WDR20
ptm	WDR48
ptm	WDR5
ptm	WDTC1
ptm	WFS1
ptm	WNT3A
ptm	WRN
ptm	WSB1
ptm	WSB2
ptm	WWP1
ptm	XPC
ptm	XPNPEP2
ptm	XRCC4
ptm	YKT6
ptm	YOD1
ptm	YY1
ptm	ZBED1
ptm	ZBTB16
ptm	ZNF131
ptm	ZNF350
ptm	ZNRF1
ptm	ZNRF2
ptm	ZNRF3
ptm	ZRANB1
secretion	A1BG
secretion	A4GNT
secretion	ABCA13
secretion	ABCC4
secretion	ABCC8
secretion	ABCD1
secretion	ABCD2
secretion	ABCD3
secretion	ACAA1
secretion	ACAN
secretion	ACBD3
secretion	ACBD5
secretion	ACHE
secretion	ACLY
secretion	ACO2
secretion	ACOT2
secretion	ACOT4
secretion	ACOT8
secretion	ACOX1
secretion	ACOX2
secretion	ACOX3
secretion	ACP3
secretion	ACSL3
secretion	ACSL4
secretion	ACTN1
secretion	ACTN2
secretion	ACTN4
secretion	ACTR10
secretion	ACTR1A
secretion	ACTR1B
secretion	ACTR2
secretion	ACTR3
secretion	ADA2
secretion	ADAM10
secretion	ADAM17
secretion	ADAM8
secretion	ADAMTS1
secretion	ADAMTS10
secretion	ADAMTS12
secretion	ADAMTS13
secretion	ADAMTS14
secretion	ADAMTS15
secretion	ADAMTS16
secretion	ADAMTS17
secretion	ADAMTS18
secretion	ADAMTS19
secretion	ADAMTS2
secretion	ADAMTS20
secretion	ADAMTS3
secretion	ADAMTS4
secretion	ADAMTS5
secretion	ADAMTS6
secretion	ADAMTS7
secretion	ADAMTS8
secretion	ADAMTS9
secretion	ADAMTSL1
secretion	ADAMTSL2
secretion	ADAMTSL3
secretion	ADAMTSL4
secretion	ADAMTSL5
secretion	ADCY5
secretion	ADCY6
secretion	ADCY8
secretion	ADCYAP1
secretion	ADCYAP1R1
secretion	ADGRE1
secretion	ADGRE2
secretion	ADGRE3
secretion	ADGRE5
secretion	ADGRG3
secretion	ADM
secretion	ADM2
secretion	ADRA2A
secretion	ADRA2C
secretion	ADRB2
secretion	AGA
secretion	AGER
secretion	AGFG1
secretion	AGL
secretion	AGPAT2
secretion	AGPAT3
secretion	AGPS
secretion	AGRN
secretion	AGTR1
secretion	AGXT
secretion	AHCYL1
secretion	AHSG
secretion	AIFM2
secretion	AKAP5
secretion	AKR1B10
secretion	AKT1
secretion	AKT2
secretion	AKT3
secretion	ALAD
secretion	ALB
secretion	ALDH3A2
secretion	ALDH3B1
secretion	ALDOC
secretion	ALG1
secretion	ALG10B
secretion	ALG11
secretion	ALG12
secretion	ALG13
secretion	ALG14
secretion	ALG2
secretion	ALG3
secretion	ALG5
secretion	ALG6
secretion	ALG8
secretion	ALG9
secretion	ALOX5
secretion	ALPP
secretion	ALS2
secretion	ALS2CL
secretion	AMACR
secretion	AMBP
secretion	AMDHD2
secretion	AMFR
secretion	AMPD3
secretion	AMPH
secretion	ANAPC1
secretion	ANAPC10
secretion	ANAPC11
secretion	ANAPC15
secretion	ANAPC16
secretion	ANAPC2
secretion	ANAPC4
secretion	ANAPC5
secretion	ANAPC7
secretion	ANK1
secretion	ANK2
secretion	ANK3
secretion	ANKRD27
secretion	ANKRD28
secretion	ANO6
secretion	ANPEP
secretion	ANXA2
secretion	ANXA5
secretion	AOC1
secretion	AP1B1
secretion	AP1G1
secretion	AP1G2
secretion	AP1M1
secretion	AP1M2
secretion	AP1S1
secretion	AP1S2
secretion	AP1S3
secretion	AP2A1
secretion	AP2A2
secretion	AP2B1
secretion	AP2M1
secretion	AP2S1
secretion	AP3B1
secretion	AP3S1
secretion	AP4B1
secretion	AP4E1
secretion	AP4M1
secretion	AP4S1
secretion	APAF1
secretion	APEH
secretion	APLP2
secretion	APOA1
secretion	APOB
secretion	APOE
secretion	APOH
secretion	APOL1
secretion	APOOL
secretion	APP
secretion	APRT
secretion	ARCN1
secretion	AREG
secretion	ARF3
secretion	ARF4
secretion	ARF5
secretion	ARF6
secretion	ARFGAP1
secretion	ARFGAP2
secretion	ARFGAP3
secretion	ARFIP2
secretion	ARFRP1
secretion	ARHGAP45
secretion	ARHGAP9
secretion	ARL13B
secretion	ARL3
secretion	ARL6
secretion	ARL8A
secretion	ARMC8
secretion	ARPC1A
secretion	ARPC2
secretion	ARPC3
secretion	ARPC4-TTLL3
secretion	ARPC5
secretion	ARRB1
secretion	ARRB2
secretion	ARSA
secretion	ARSB
secretion	ASAH1
secretion	ASAP1
secretion	ASGR1
secretion	ASGR2
secretion	ASNS
secretion	ASPSCR1
secretion	ATAD1
secretion	ATAD3B
secretion	ATF3
secretion	ATF4
secretion	ATF6
secretion	ATG7
secretion	ATP11A
secretion	ATP11B
secretion	ATP2A1
secretion	ATP2A2
secretion	ATP2A3
secretion	ATP5F1A
secretion	ATP5F1B
secretion	ATP5MC1
secretion	ATP6AP2
secretion	ATP6V0A1
secretion	ATP6V0C
secretion	ATP6V1D
secretion	ATP8A1
secretion	ATP8B4
secretion	AVPR2
secretion	AZU1
secretion	B2M
secretion	B3GALNT2
secretion	B3GALT6
secretion	B3GAT3
secretion	B3GLCT
secretion	B3GNT2
secretion	B3GNT3
secretion	B3GNT4
secretion	B3GNT5
secretion	B3GNT6
secretion	B3GNT7
secretion	B3GNT8
secretion	B3GNT9
secretion	B3GNTL1
secretion	B4GALNT2
secretion	B4GALT1
secretion	B4GALT2
secretion	B4GALT3
secretion	B4GALT4
secretion	B4GALT5
secretion	B4GALT6
secretion	B4GALT7
secretion	B4GAT1
secretion	BAAT
secretion	BAG6
secretion	BBIP1
secretion	BBS1
secretion	BBS10
secretion	BBS12
secretion	BBS2
secretion	BBS4
secretion	BBS5
secretion	BBS7
secretion	BBS9
secretion	BCAN
secretion	BCHE
secretion	BCS1L
secretion	BET1
secretion	BET1L
secretion	BGLAP
secretion	BGN
secretion	BICD1
secretion	BICD2
secretion	BIN1
secretion	BIN2
secretion	BLOC1S1
secretion	BLOC1S3
secretion	BLOC1S4
secretion	BLOC1S6
secretion	BLZF1
secretion	BNIP1
secretion	BPI
secretion	BRPF3
secretion	BST1
secretion	BST2
secretion	BTC
secretion	C1D
secretion	C1GALT1
secretion	C1GALT1C1
secretion	C1QTNF1
secretion	C2CD5
secretion	C3
secretion	C3AR1
secretion	C5AR1
secretion	CAB39
secretion	CACNA1A
secretion	CACNA1C
secretion	CACNA1D
secretion	CACNA1E
secretion	CACNA2D2
secretion	CACNB2
secretion	CACNB3
secretion	CALCA
secretion	CALCB
secretion	CALCR
secretion	CALCRL
secretion	CALM1
secretion	CALML5
secretion	CALR
secretion	CALU
secretion	CAMLG
secretion	CAND1
secretion	CANT1
secretion	CANX
secretion	CAP1
secretion	CAPN1
secretion	CAPZA1
secretion	CAPZA2
secretion	CAPZA3
secretion	CAPZB
secretion	CAV1
secretion	CBL
secretion	CCL2
secretion	CCNA1
secretion	CCNA2
secretion	CCNB1
secretion	CCNB2
secretion	CCNI
secretion	CCT2
secretion	CCT3
secretion	CCT4
secretion	CCT5
secretion	CCT8
secretion	CCZ1B
secretion	CD109
secretion	CD163
secretion	CD177
secretion	CD300A
secretion	CD33
secretion	CD36
secretion	CD3D
secretion	CD4
secretion	CD44
secretion	CD47
secretion	CD53
secretion	CD55
secretion	CD58
secretion	CD59
secretion	CD63
secretion	CD68
secretion	CD9
secretion	CD93
secretion	CDA
secretion	CDC16
secretion	CDC23
secretion	CDC26
secretion	CDC27
secretion	CDC37L1
secretion	CDK1
secretion	CDK13
secretion	CDK2
secretion	CDK4
secretion	CDK6
secretion	CDKN1A
secretion	CDKN1B
secretion	CDKN2A
secretion	CDKN2B
secretion	CDKN2C
secretion	CDKN2D
secretion	CDX2
secretion	CEACAM1
secretion	CEACAM21
secretion	CEACAM6
secretion	CEACAM8
secretion	CEBPB
secretion	CEBPG
secretion	CENPE
secretion	CEP290
secretion	CFAP73
secretion	CFP
secretion	CFTR
secretion	CHAMP1
secretion	CHCHD10
secretion	CHCHD2
secretion	CHCHD3
secretion	CHCHD4
secretion	CHCHD5
secretion	CHCHD7
secretion	CHGA
secretion	CHI3L1
secretion	CHID1
secretion	CHIT1
secretion	CHML
secretion	CHMP2A
secretion	CHMP2B
secretion	CHMP4B
secretion	CHMP4C
secretion	CHMP5
secretion	CHMP6
secretion	CHMP7
secretion	CHRM2
secretion	CHRM3
secretion	CHRNB4
secretion	CHST10
secretion	CHST14
secretion	CHST3
secretion	CHST4
secretion	CHST6
secretion	CHST8
secretion	CHSY1
secretion	CKAP4
secretion	CLEC12A
secretion	CLEC3B
secretion	CLEC4C
secretion	CLEC4D
secretion	CLEC5A
secretion	CLINT1
secretion	CLTA
secretion	CLTB
secretion	CLTC
secretion	CLTCL1
secretion	CLU
secretion	CLVS1
secretion	CLVS2
secretion	CMAS
secretion	CMC2
secretion	CMC4
secretion	CMTM6
secretion	CNGA2
secretion	CNGA4
secretion	CNGB1
secretion	CNIH1
secretion	CNIH2
secretion	CNIH3
secretion	CNN2
secretion	CNPY3
secretion	COA4
secretion	COA6
secretion	COG1
secretion	COG2
secretion	COG3
secretion	COG4
secretion	COG5
secretion	COG6
secretion	COG7
secretion	COG8
secretion	COL1A1
secretion	COL1A2
secretion	COL3A1
secretion	COL4A1
secretion	COL4A2
secretion	COL7A1
secretion	COLEC11
secretion	COLEC12
secretion	COMMD3
secretion	COMMD9
secretion	COPA
secretion	COPB1
secretion	COPB2
secretion	COPE
secretion	COPG1
secretion	COPG2
secretion	COPS2
secretion	COPS3
secretion	COPS4
secretion	COPS5
secretion	COPS6
secretion	COPS7A
secretion	COPS8
secretion	COPZ1
secretion	COPZ2
secretion	COQ2
secretion	COTL1
secretion	COX17
secretion	COX19
secretion	CPAMD8
secretion	CPNE1
secretion	CPNE3
secretion	CPPED1
secretion	CR1
secretion	CRACR2A
secretion	CRAT
secretion	CREG1
secretion	CRH
secretion	CRHBP
secretion	CRHR1
secretion	CRHR2
secretion	CRISP3
secretion	CRISPLD2
secretion	CROT
secretion	CS
secretion	CSNK1D
secretion	CSNK2B
secretion	CSPG4
secretion	CSPG5
secretion	CST3
secretion	CSTB
secretion	CTNNB1
secretion	CTSA
secretion	CTSB
secretion	CTSC
secretion	CTSD
secretion	CTSG
secretion	CTSH
secretion	CTSK
secretion	CTSL
secretion	CTSS
secretion	CTSV
secretion	CTSW
secretion	CTSZ
secretion	CTTN
secretion	CUX1
secretion	CXCL1
secretion	CXCL8
secretion	CXCR1
secretion	CXCR2
secretion	CYB5A
secretion	CYB5R1
secretion	CYB5R3
secretion	CYBA
secretion	CYBB
secretion	CYFIP1
secretion	CYRIB
secretion	CYS1
secretion	CYSLTR2
secretion	CYSTM1
secretion	CYTH1
secretion	CYTH2
secretion	CYTH3
secretion	CYTH4
secretion	DAB2
secretion	DAD1
secretion	DAG1
secretion	DAO
secretion	DBNL
secretion	DCN
secretion	DCP2
secretion	DCTN1
secretion	DCTN2
secretion	DCTN3
secretion	DCTN4
secretion	DCTN5
secretion	DCTN6
secretion	DDIT3
secretion	DDO
secretion	DDOST
secretion	DDX3X
secretion	DECR2
secretion	DEFA4
secretion	DEGS1
secretion	DENND1A
secretion	DENND1B
secretion	DENND1C
secretion	DENND2A
secretion	DENND2B
secretion	DENND2C
secretion	DENND2D
secretion	DENND3
secretion	DENND4A
secretion	DENND4B
secretion	DENND4C
secretion	DENND5A
secretion	DENND5B
secretion	DENND6A
secretion	DENND6B
secretion	DERA
secretion	DERL1
secretion	DERL2
secretion	DGAT1
secretion	DHDDS
secretion	DHH
secretion	DHRS4
secretion	DIAPH1
secretion	DIS3
secretion	DISP2
secretion	DLC1
secretion	DNAJC13
secretion	DNAJC19
secretion	DNAJC3
secretion	DNAJC5
secretion	DNAJC6
secretion	DNASE1L1
secretion	DNASE2
secretion	DNM1
secretion	DNM2
secretion	DNM3
secretion	DOCK2
secretion	DOK3
secretion	DOLK
secretion	DOLPP1
secretion	DPAGT1
secretion	DPM1
secretion	DPM2
secretion	DPM3
secretion	DPP4
secretion	DPP7
secretion	DSG1
secretion	DSN1
secretion	DSPP
secretion	DTNBP1
secretion	DVL2
secretion	DYNC1H1
secretion	DYNC1I1
secretion	DYNC1I2
secretion	DYNC1LI1
secretion	DYNC1LI2
secretion	DYNLL1
secretion	DYNLL2
secretion	DYNLT1
secretion	ECH1
secretion	ECI2
secretion	ECM1
secretion	EDEM1
secretion	EDEM2
secretion	EDEM3
secretion	EEF1A1
secretion	EEF2
secretion	EGF
secretion	EGFL7
secretion	EGFR
secretion	EHHADH
secretion	EHMT1
secretion	EHMT2
secretion	ELANE
secretion	EMD
secretion	ENDOD1
secretion	ENGASE
secretion	ENPP4
secretion	EPGN
secretion	EPHX2
secretion	EPN1
secretion	EPN2
secretion	EPS15
secretion	EPS15L1
secretion	EPX
secretion	EREG
secretion	ERLEC1
secretion	ERP44
secretion	EXOC1
secretion	EXOC2
secretion	EXOC3
secretion	EXOC4
secretion	EXOC5
secretion	EXOC6
secretion	EXOC7
secretion	EXOC8
secretion	EXOSC1
secretion	EXOSC2
secretion	EXOSC3
secretion	EXOSC4
secretion	EXOSC5
secretion	EXOSC6
secretion	EXOSC7
secretion	EXOSC8
secretion	EXOSC9
secretion	EXT1
secretion	F13A1
secretion	F5
secretion	F7
secretion	F8
secretion	F9
secretion	FAF2
secretion	FAM110A
secretion	FAM3C
secretion	FAU
secretion	FCAR
secretion	FCER1G
secretion	FCGR2A
secretion	FCHO1
secretion	FCHO2
secretion	FCN1
secretion	FCSK
secretion	FERMT3
secretion	FFAR1
secretion	FFAR4
secretion	FGA
secretion	FGB
secretion	FGG
secretion	FGL2
secretion	FGR
secretion	FIG4
secretion	FIS1
secretion	FLG2
secretion	FLNA
secretion	FMOD
secretion	FN1
secretion	FNBP1
secretion	FNBP1L
secretion	FOLR2
secretion	FOLR3
secretion	FOS
secretion	FPGT
secretion	FPR1
secretion	FPR2
secretion	FRK
secretion	FRMPD3
secretion	FTH1
secretion	FTL
secretion	FUCA1
secretion	FUCA2
secretion	FUOM
secretion	FURIN
secretion	FUT3
secretion	FUT8
secretion	FXN
secretion	FZD1
secretion	FZD10
secretion	FZD2
secretion	FZD4
secretion	FZD6
secretion	FZD7
secretion	FZD8
secretion	FZD9
secretion	FZR1
secretion	GAA
secretion	GABARAP
secretion	GABARAPL2
secretion	GAK
secretion	GALE
secretion	GALK1
secretion	GALNS
secretion	GALNT1
secretion	GALNT10
secretion	GALNT11
secretion	GALNT12
secretion	GALNT14
secretion	GALNT18
secretion	GALNT2
secretion	GALNT3
secretion	GALNT5
secretion	GALNT6
secretion	GALNT8
secretion	GALNT9
secretion	GALNTL5
secretion	GALNTL6
secretion	GALT
secretion	GANAB
secretion	GAPVD1
secretion	GAS6
secretion	GATA4
secretion	GCA
secretion	GCC1
secretion	GCC2
secretion	GCG
secretion	GCNT1
secretion	GCNT3
secretion	GCNT4
secretion	GCNT7
secretion	GDAP1
secretion	GDI1
secretion	GDI2
secretion	GET1
secretion	GET3
secretion	GET4
secretion	GFER
secretion	GFPT1
secretion	GFPT2
secretion	GFUS
secretion	GGA1
secretion	GGA2
secretion	GGA3
secretion	GGH
secretion	GH1
secretion	GHDC
secretion	GHRH
secretion	GHRHR
secretion	GHRL
secretion	GIPR
secretion	GJA1
secretion	GJA3
secretion	GJA4
secretion	GJA5
secretion	GJA8
secretion	GJB1
secretion	GJB2
secretion	GJB3
secretion	GJB4
secretion	GJB5
secretion	GJB6
secretion	GJB7
secretion	GJC2
secretion	GJD2
secretion	GJD3
secretion	GJD4
secretion	GLB1
secretion	GLIPR1
secretion	GLP1R
secretion	GLP2R
secretion	GLYAT
secretion	GM2A
secretion	GMDS
secretion	GMFG
secretion	GMPPA
secretion	GMPPB
secretion	GNA11
secretion	GNA14
secretion	GNA15
secretion	GNAI1
secretion	GNAI2
secretion	GNAQ
secretion	GNAS
secretion	GNAT3
secretion	GNB1
secretion	GNB2
secretion	GNB3
secretion	GNB4
secretion	GNB5
secretion	GNE
secretion	GNG10
secretion	GNG11
secretion	GNG12
secretion	GNG13
secretion	GNG2
secretion	GNG3
secretion	GNG4
secretion	GNG5
secretion	GNG7
secretion	GNG8
secretion	GNGT1
secretion	GNGT2
secretion	GNPAT
secretion	GNPDA1
secretion	GNPNAT1
secretion	GNS
secretion	GOLGA1
secretion	GOLGA2
secretion	GOLGA4
secretion	GOLGA7
secretion	GOLGA8B
secretion	GOLGB1
secretion	GOLIM4
secretion	GORASP1
secretion	GORASP2
secretion	GOSR1
secretion	GOSR2
secretion	GPC1
secretion	GPC2
secretion	GPC3
secretion	GPC4
secretion	GPC5
secretion	GPC6
secretion	GPR119
secretion	GPR84
secretion	GPS1
secretion	GRB2
secretion	GRIA1
secretion	GRIA2
secretion	GRIA3
secretion	GRIA4
secretion	GRIP2
secretion	GRK2
secretion	GRK3
secretion	GRN
secretion	GRPEL1
secretion	GRPEL2
secretion	GSDMD
secretion	GSN
secretion	GSTK1
secretion	GSTP1
secretion	GTPBP2
secretion	GUSB
secretion	GYG1
secretion	H2AB1
secretion	H2AC14
secretion	H2AC19
secretion	H2AC20
secretion	H2AC4
secretion	H2AC6
secretion	H2AC7
secretion	H2AJ
secretion	H2AX
secretion	H2AZ1
secretion	H2AZ2
secretion	H2BC1
secretion	H2BC11
secretion	H2BC12
secretion	H2BC12L
secretion	H2BC13
secretion	H2BC14
secretion	H2BC15
secretion	H2BC17
secretion	H2BC21
secretion	H2BC26
secretion	H2BC3
secretion	H2BC4
secretion	H2BC5
secretion	H2BC9
secretion	H3-3B
secretion	H3C13
secretion	H3C7
secretion	H4C15
secretion	HABP4
secretion	HAO1
secretion	HAO2
secretion	HBA1
secretion	HBEGF
secretion	HEBP2
secretion	HERPUD1
secretion	HEXA
secretion	HEXB
secretion	HGS
secretion	HGSNAT
secretion	HHAT
secretion	HIP1
secretion	HIP1R
secretion	HLA-A
secretion	HLA-B
secretion	HLA-C
secretion	HMGB1
secretion	HMGCL
secretion	HMOX1
secretion	HMOX2
secretion	HOMER2
secretion	HOOK3
secretion	HPR
secretion	HPS1
secretion	HPS4
secretion	HPSE
secretion	HPX
secretion	HRG
secretion	HRNR
secretion	HSCB
secretion	HSD17B4
secretion	HSP90AA1
secretion	HSP90AB1
secretion	HSP90B1
secretion	HSPA1A
secretion	HSPA1B
secretion	HSPA5
secretion	HSPA6
secretion	HSPA8
secretion	HSPA9
secretion	HSPD1
secretion	HSPG2
secretion	HSPH1
secretion	HUWE1
secretion	HVCN1
secretion	HYOU1
secretion	IAPP
secretion	IDE
secretion	IDH1
secretion	IDH3G
secretion	IGF1
secretion	IGF2
secretion	IGF2R
secretion	IGFBP1
secretion	IGFBP7
secretion	IGLL5
secretion	IHH
secretion	IL1A
secretion	IL6
secretion	IL7R
secretion	ILF2
secretion	IMPDH2
secretion	INPP5E
secretion	INS
secretion	IQGAP1
secretion	IQGAP2
secretion	IRAG2
secretion	ISL1
secretion	ISLR
secretion	IST1
secretion	ITGA2B
secretion	ITGAL
secretion	ITGAM
secretion	ITGAV
secretion	ITGAX
secretion	ITGB2
secretion	ITGB3
secretion	ITIH3
secretion	ITIH4
secretion	ITM2C
secretion	ITPR1
secretion	ITPR2
secretion	ITPR3
secretion	ITSN1
secretion	ITSN2
secretion	JCHAIN
secretion	JUN
secretion	JUP
secretion	KCMF1
secretion	KCNAB2
secretion	KCNB1
secretion	KCNC2
secretion	KCNG2
secretion	KCNJ11
secretion	KCNS3
secretion	KDELR1
secretion	KDELR2
secretion	KDELR3
secretion	KERA
secretion	KHSRP
secretion	KIAA0319
secretion	KIF11
secretion	KIF12
secretion	KIF13B
secretion	KIF15
secretion	KIF16B
secretion	KIF18A
secretion	KIF18B
secretion	KIF19
secretion	KIF1A
secretion	KIF1B
secretion	KIF1C
secretion	KIF20A
secretion	KIF20B
secretion	KIF21A
secretion	KIF21B
secretion	KIF22
secretion	KIF23
secretion	KIF25
secretion	KIF26A
secretion	KIF26B
secretion	KIF27
secretion	KIF2A
secretion	KIF2B
secretion	KIF2C
secretion	KIF3A
secretion	KIF3B
secretion	KIF3C
secretion	KIF4A
secretion	KIF4B
secretion	KIF5A
secretion	KIF5B
secretion	KIF5C
secretion	KIF6
secretion	KIF9
secretion	KIFAP3
secretion	KIFC1
secretion	KIFC2
secretion	KLC1
secretion	KLC3
secretion	KLC4
secretion	KLF4
secretion	KNG1
secretion	KPNB1
secretion	KRT1
secretion	KRTAP11-1
secretion	LAIR1
secretion	LAMP1
secretion	LAMP2
secretion	LAMTOR1
secretion	LAMTOR2
secretion	LAMTOR3
secretion	LARGE1
secretion	LARGE2
secretion	LCN2
secretion	LDHD
secretion	LDLR
secretion	LDLRAP1
secretion	LEFTY2
secretion	LEP
secretion	LFNG
secretion	LGALS12
secretion	LGALS3
secretion	LGALS3BP
secretion	LGMN
secretion	LHB
secretion	LHFPL2
secretion	LILRA3
secretion	LILRA6
secretion	LILRB2
secretion	LMAN1
secretion	LMAN1L
secretion	LMAN2
secretion	LMAN2L
secretion	LNPEP
secretion	LOC112268437
secretion	LOC112694756
secretion	LOC124905743
secretion	LONP2
secretion	LPCAT1
secretion	LRG1
secretion	LRP2
secretion	LRRC7
secretion	LTA4H
secretion	LTF
secretion	LUM
secretion	LY6G6F
secretion	LYZ
secretion	LZTFL1
secretion	M6PR
secretion	MADD
secretion	MAGED2
secretion	MAGT1
secretion	MAN1A1
secretion	MAN1A2
secretion	MAN1B1
secretion	MAN1C1
secretion	MAN2A1
secretion	MAN2A2
secretion	MAN2B1
secretion	MANBA
secretion	MANEA
secretion	MANF
secretion	MAP1LC3B
secretion	MAPK1
secretion	MAPK11
secretion	MAPK14
secretion	MAPK3
secretion	MAPK7
secretion	MARCHF6
secretion	MARCKS
secretion	MARCO
secretion	MASP1
secretion	MBOAT4
secretion	MCEMP1
secretion	MCFD2
secretion	MCHR1
secretion	METTL7A
secretion	MFNG
secretion	MGAM
secretion	MGAT4A
secretion	MGAT4B
secretion	MGAT4C
secretion	MGAT5
secretion	MGST1
secretion	MIA3
secretion	MKKS
secretion	MLEC
secretion	MLYCD
secretion	MMP12
secretion	MMP28
secretion	MMP8
secretion	MMP9
secretion	MMRN1
secretion	MNDA
secretion	MOGAT1
secretion	MOGAT2
secretion	MOGAT3
secretion	MOGS
secretion	MON1A
secretion	MON1B
secretion	MOSPD2
secretion	MPDU1
secretion	MPO
secretion	MPV17
secretion	MPZ
secretion	MRPL13
secretion	MS4A3
secretion	MSR1
secretion	MTX1
secretion	MTX2
secretion	MUC1
secretion	MUC12
secretion	MUC13
secretion	MUC15
secretion	MUC16
secretion	MUC17
secretion	MUC19
secretion	MUC2
secretion	MUC20
secretion	MUC21
secretion	MUC3B
secretion	MUC4
secretion	MUC5AC
secretion	MUC5B
secretion	MUC6
secretion	MUC7
secretion	MUCL1
secretion	MVB12A
secretion	MVB12B
secretion	MVD
secretion	MYH9
secretion	MYO1E
secretion	MYO5A
secretion	MYO6
secretion	NAA30
secretion	NAA35
secretion	NAA38
secretion	NAGK
secretion	NANOS2
secretion	NANOS3
secretion	NANP
secretion	NANS
secretion	NAPG
secretion	NAPRT
secretion	NAPSA
secretion	NAT8
secretion	NBAS
secretion	NBEAL2
secretion	NCAN
secretion	NCKAP1L
secretion	NCSTN
secretion	NDUFA2
secretion	NDUFB8
secretion	NDUFC2
secretion	NECAP1
secretion	NECAP2
secretion	NEDD8
secretion	NEU2
secretion	NEU3
secretion	NEU4
secretion	NFAM1
secretion	NFASC
secretion	NFKB1
secretion	NFYA
secretion	NFYB
secretion	NFYC
secretion	NGLY1
secretion	NHLRC2
secretion	NHLRC3
secretion	NIT2
secretion	NLRP3
secretion	NME2
secretion	NOSTRIN
secretion	NOTCH1
secretion	NOTCH2
secretion	NOTCH3
secretion	NOTCH4
secretion	NOTUM
secretion	NPC2
secretion	NPL
secretion	NRAS
secretion	NSF
secretion	NUDT14
secretion	NUDT19
secretion	NUDT7
secretion	NUS1
secretion	OCRL
secretion	OGN
secretion	OLA1
secretion	OLFM4
secretion	OLR1
secretion	OMD
secretion	OPTN
secretion	ORM1
secretion	ORM2
secretion	ORMDL3
secretion	OS9
secretion	OSCAR
secretion	OSTF1
secretion	OTC
secretion	OTOF
secretion	P2RX1
secretion	PA2G4
secretion	PACSIN1
secretion	PACSIN2
secretion	PACSIN3
secretion	PADI2
secretion	PAFAH1B1
secretion	PAFAH1B2
secretion	PAFAH1B3
secretion	PAM16
secretion	PAOX
secretion	PAPSS2
secretion	PARN
secretion	PAX6
secretion	PCDH7
secretion	PCSK1
secretion	PCYOX1L
secretion	PDAP1
secretion	PDE6D
secretion	PDGFA
secretion	PDGFB
secretion	PDIA3
secretion	PDXK
secretion	PECAM1
secretion	PECR
secretion	PEX10
secretion	PEX11B
secretion	PEX12
secretion	PEX13
secretion	PEX14
secretion	PEX16
secretion	PEX19
secretion	PEX2
secretion	PEX26
secretion	PEX3
secretion	PEX5
secretion	PEX6
secretion	PEX7
secretion	PF4
secretion	PFKL
secretion	PFN1
secretion	PGAM4
secretion	PGLYRP1
secretion	PGM1
secretion	PGM2
secretion	PGM3
secretion	PGRMC1
secretion	PHACTR2
secretion	PHYH
secretion	PI4K2A
secretion	PI4K2B
secretion	PI4KA
secretion	PI4KB
secretion	PICALM
secretion	PICK1
secretion	PIGR
secretion	PIK3C2A
secretion	PIK3C2G
secretion	PIK3C3
secretion	PIK3R4
secretion	PIKFYVE
secretion	PIP5K1C
secretion	PIPOX
secretion	PITRM1
secretion	PKD1
secretion	PKM
secretion	PKP1
secretion	PLA2G4A
secretion	PLA2G6
secretion	PLA2G7
secretion	PLAC8
secretion	PLAU
secretion	PLAUR
secretion	PLCB1
secretion	PLCB2
secretion	PLCB3
secretion	PLEK
secretion	PLEKHO2
secretion	PLG
secretion	PLIN3
secretion	PLK1
secretion	PLPPR3
secretion	PMM1
secretion	PMM2
secretion	PMPCA
secretion	PMPCB
secretion	POC1B-GALNT4
secretion	POFUT1
secretion	POFUT2
secretion	POGLUT1
secretion	POLGARF
secretion	POMGNT1
secretion	POMGNT2
secretion	POMK
secretion	POMT1
secretion	POMT2
secretion	PORCN
secretion	PPBP
secretion	PPIA
secretion	PPIE
secretion	PPP6C
secretion	PPP6R1
secretion	PPP6R3
secretion	PPY
secretion	PRCP
secretion	PRDX4
secretion	PRDX5
secretion	PREB
secretion	PRELP
secretion	PRKAA2
secretion	PRKAB1
secretion	PRKAB2
secretion	PRKACB
secretion	PRKACG
secretion	PRKAG1
secretion	PRKAG2
secretion	PRKAG3
secretion	PRKAR1A
secretion	PRKAR1B
secretion	PRKAR2A
secretion	PRKAR2B
secretion	PRKCA
secretion	PRKCB
secretion	PRKCD
secretion	PRKCG
secretion	PRKCSH
secretion	PRKD2
secretion	PRNP
secretion	PROC
secretion	PROS1
secretion	PROZ
secretion	PRSS2
secretion	PRSS3
secretion	PRTN3
secretion	PSEN1
secretion	PSMA1
secretion	PSMA2
secretion	PSMA3
secretion	PSMA4
secretion	PSMA5
secretion	PSMA6
secretion	PSMA7
secretion	PSMA8
secretion	PSMB1
secretion	PSMB10
secretion	PSMB11
secretion	PSMB2
secretion	PSMB3
secretion	PSMB4
secretion	PSMB5
secretion	PSMB6
secretion	PSMB7
secretion	PSMB8
secretion	PSMB9
secretion	PSMC1
secretion	PSMC2
secretion	PSMC3
secretion	PSMC4
secretion	PSMC5
secretion	PSMC6
secretion	PSMD10
secretion	PSMD11
secretion	PSMD12
secretion	PSMD13
secretion	PSMD14
secretion	PSMD2
secretion	PSMD3
secretion	PSMD4
secretion	PSMD5
secretion	PSMD6
secretion	PSMD7
secretion	PSMD8
secretion	PSMD9
secretion	PSME1
secretion	PSME2
secretion	PSME3
secretion	PSME4
secretion	PSMF1
secretion	PTAFR
secretion	PTCH1
secretion	PTCH2
secretion	PTGES2
secretion	PTH1R
secretion	PTH2
secretion	PTH2R
secretion	PTHLH
secretion	PTPN6
secretion	PTPRB
secretion	PTPRC
secretion	PTPRJ
secretion	PTPRN2
secretion	PTRH2
secretion	PTX3
secretion	PUM1
secretion	PXMP2
secretion	PXMP4
secretion	PYCARD
secretion	PYGB
secretion	PYGL
secretion	QPCT
secretion	QSOX1
secretion	RAB10
secretion	RAB11A
secretion	RAB11FIP3
secretion	RAB12
secretion	RAB13
secretion	RAB14
secretion	RAB18
secretion	RAB1A
secretion	RAB1B
secretion	RAB21
secretion	RAB24
secretion	RAB27A
secretion	RAB27B
secretion	RAB2A
secretion	RAB30
secretion	RAB31
secretion	RAB32
secretion	RAB33A
secretion	RAB33B
secretion	RAB35
secretion	RAB36
secretion	RAB37
secretion	RAB38
secretion	RAB39A
secretion	RAB39B
secretion	RAB3A
secretion	RAB3D
secretion	RAB3GAP1
secretion	RAB3GAP2
secretion	RAB3IL1
secretion	RAB3IP
secretion	RAB41
secretion	RAB43
secretion	RAB44
secretion	RAB4A
secretion	RAB5A
secretion	RAB5B
secretion	RAB5C
secretion	RAB6A
secretion	RAB6B
secretion	RAB7A
secretion	RAB7B
secretion	RAB8A
secretion	RAB8B
secretion	RAB9A
secretion	RAB9B
secretion	RABEP1
secretion	RABEPK
secretion	RABGAP1
secretion	RABGEF1
secretion	RACGAP1
secretion	RAD23B
secretion	RALA
secretion	RALGAPA2
secretion	RALGAPB
secretion	RAMP1
secretion	RAMP2
secretion	RAMP3
secretion	RAP1A
secretion	RAP1B
secretion	RAP2B
secretion	RAP2C
secretion	RAPGEF3
secretion	RAPGEF4
secretion	RARRES2
secretion	RCAN1
secretion	RELA
secretion	RENBP
secretion	REPS1
secretion	REPS2
secretion	RETN
secretion	REXO2
secretion	RFNG
secretion	RFT1
secretion	RGPD1
secretion	RHO
secretion	RHOA
secretion	RHOBTB3
secretion	RHOF
secretion	RHOG
secretion	RHOQ
secretion	RIC1
secretion	RIN1
secretion	RIN2
secretion	RIN3
secretion	RINL
secretion	RINT1
secretion	RNASE1
secretion	RNASE2
secretion	RNASE3
secretion	RNASET2
secretion	RNF103
secretion	RNF103-CHMP3
secretion	RNF139
secretion	RNF185
secretion	RNF5
secretion	ROCK1
secretion	RPL10A
secretion	RPL10L
secretion	RPL11
secretion	RPL12
secretion	RPL13A
secretion	RPL14
secretion	RPL15
secretion	RPL18
secretion	RPL18A
secretion	RPL19
secretion	RPL21
secretion	RPL22
secretion	RPL22L1
secretion	RPL23
secretion	RPL23A
secretion	RPL26
secretion	RPL26L1
secretion	RPL27
secretion	RPL27A
secretion	RPL28
secretion	RPL29
secretion	RPL3
secretion	RPL30
secretion	RPL31
secretion	RPL32
secretion	RPL34
secretion	RPL35
secretion	RPL35A
secretion	RPL36
secretion	RPL36A
secretion	RPL36AL
secretion	RPL37
secretion	RPL37A
secretion	RPL38
secretion	RPL39
secretion	RPL39L
secretion	RPL3L
secretion	RPL4
secretion	RPL41
secretion	RPL5
secretion	RPL6
secretion	RPL7
secretion	RPL7A
secretion	RPL8
secretion	RPL9
secretion	RPLP0
secretion	RPLP1
secretion	RPLP2
secretion	RPN1
secretion	RPN2
secretion	RPS10
secretion	RPS11
secretion	RPS12
secretion	RPS13
secretion	RPS14
secretion	RPS15
secretion	RPS15A
secretion	RPS16
secretion	RPS17
secretion	RPS19
secretion	RPS2
secretion	RPS20
secretion	RPS21
secretion	RPS23
secretion	RPS24
secretion	RPS25
secretion	RPS27
secretion	RPS27A
secretion	RPS27L
secretion	RPS28
secretion	RPS29
secretion	RPS3
secretion	RPS3A
secretion	RPS4X
secretion	RPS4Y1
secretion	RPS4Y2
secretion	RPS5
secretion	RPS6
secretion	RPS6KA1
secretion	RPS6KA2
secretion	RPS6KA3
secretion	RPS7
secretion	RPS8
secretion	RPS9
secretion	RPSA
secretion	RSL24D1
secretion	S100A11
secretion	S100A12
secretion	S100A7
secretion	S100A8
secretion	S100A9
secretion	S100B
secretion	S100P
secretion	SAA2
secretion	SACM1L
secretion	SAMM50
secretion	SAR1B
secretion	SBF1
secretion	SBF2
secretion	SBSPON
secretion	SCAMP1
secretion	SCARA5
secretion	SCARB1
secretion	SCARB2
secretion	SCARF1
secretion	SCCPDH
secretion	SCFD1
secretion	SCG3
secretion	SCGB3A2
secretion	SCOC
secretion	SCT
secretion	SCTR
secretion	SCUBE2
secretion	SDC1
secretion	SDC2
secretion	SDC3
secretion	SDC4
secretion	SDCBP
secretion	SEC11A
secretion	SEC11C
secretion	SEC13
secretion	SEC16A
secretion	SEC16B
secretion	SEC22A
secretion	SEC22B
secretion	SEC22C
secretion	SEC23A
secretion	SEC23IP
secretion	SEC24A
secretion	SEC24B
secretion	SEC24C
secretion	SEC24D
secretion	SEC31A
secretion	SEC61A1
secretion	SEC61A2
secretion	SEC61B
secretion	SEC61G
secretion	SEL1L
secretion	SELENOP
secretion	SELL
secretion	SEM1
secretion	SEMA5A
secretion	SEMA5B
secretion	SERP1
secretion	SERPINA1
secretion	SERPINA3
secretion	SERPINA4
secretion	SERPINB1
secretion	SERPINB10
secretion	SERPINB12
secretion	SERPINB3
secretion	SERPINB6
secretion	SERPINE1
secretion	SERPINF2
secretion	SERPING1
secretion	SFTPA2
secretion	SGIP1
secretion	SGPP2
secretion	SGTA
secretion	SH3D19
secretion	SH3GL1
secretion	SH3GL2
secretion	SH3GL3
secretion	SH3KBP1
secretion	SHH
secretion	SIGLEC14
secretion	SIGLEC5
secretion	SIGLEC9
secretion	SIRPA
secretion	SIRPB1
secretion	SLC11A1
secretion	SLC15A4
secretion	SLC17A5
secretion	SLC18A3
secretion	SLC25A12
secretion	SLC25A13
secretion	SLC25A17
secretion	SLC25A4
secretion	SLC25A6
secretion	SLC26A2
secretion	SLC27A2
secretion	SLC2A1
secretion	SLC2A2
secretion	SLC2A3
secretion	SLC2A4
secretion	SLC2A5
secretion	SLC2A8
secretion	SLC35A1
secretion	SLC35C1
secretion	SLC44A2
secretion	SLCO4C1
secretion	SLPI
secretion	SMOX
secretion	SNAP23
secretion	SNAP25
secretion	SNAP29
secretion	SNAP91
secretion	SNAPIN
secretion	SNF8
secretion	SNX18
secretion	SNX2
secretion	SNX3
secretion	SNX5
secretion	SNX9
secretion	SOD1
secretion	SORT1
secretion	SOS1
secretion	SPARC
secretion	SPCS1
secretion	SPCS2
secretion	SPCS3
secretion	SPON1
secretion	SPON2
secretion	SPTA1
secretion	SPTAN1
secretion	SPTB
secretion	SPTBN1
secretion	SPTBN2
secretion	SPTBN4
secretion	SPTBN5
secretion	SRC
secretion	SRD5A3
secretion	SRGN
secretion	SRP14
secretion	SRP19
secretion	SRP54
secretion	SRP68
secretion	SRP72
secretion	SRPRA
secretion	SRPRB
secretion	SSC5D
secretion	SSR1
secretion	SSR2
secretion	SSR3
secretion	SSR4
secretion	SSTR3
secretion	ST3GAL1
secretion	ST3GAL2
secretion	ST3GAL3
secretion	ST3GAL4
secretion	ST3GAL5
secretion	ST3GAL6
secretion	ST6GAL1
secretion	ST6GAL2
secretion	ST6GALNAC1
secretion	ST6GALNAC2
secretion	ST6GALNAC3
secretion	ST6GALNAC4
secretion	ST6GALNAC5
secretion	ST6GALNAC6
secretion	ST8SIA1
secretion	ST8SIA2
secretion	ST8SIA3
secretion	ST8SIA4
secretion	ST8SIA5
secretion	ST8SIA6
secretion	STAB1
secretion	STAB2
secretion	STAM
secretion	STAM2
secretion	STAT3
secretion	STBD1
secretion	STING1
secretion	STK10
secretion	STK11IP
secretion	STOM
secretion	STON1
secretion	STON2
secretion	STT3A
secretion	STX10
secretion	STX16
secretion	STX17
secretion	STX18
secretion	STX1A
secretion	STX4
secretion	STX5
secretion	STX6
secretion	STXBP1
secretion	STXBP2
secretion	STXBP3
secretion	SURF4
secretion	SVIP
secretion	SYCP2
secretion	SYNGR1
secretion	SYNJ1
secretion	SYNJ2
secretion	SYS1
secretion	SYT1
secretion	SYT12
secretion	SYT2
secretion	SYT5
secretion	SYT8
secretion	SYT9
secretion	SYTL1
secretion	SYTL4
secretion	SYVN1
secretion	TACR1
secretion	TAFAZZIN
secretion	TAGLN2
secretion	TARM1
secretion	TARP
secretion	TBC1D1
secretion	TBC1D10A
secretion	TBC1D10B
secretion	TBC1D10C
secretion	TBC1D13
secretion	TBC1D14
secretion	TBC1D15
secretion	TBC1D16
secretion	TBC1D17
secretion	TBC1D2
secretion	TBC1D20
secretion	TBC1D24
secretion	TBC1D25
secretion	TBC1D3I
secretion	TBC1D4
secretion	TBC1D7
secretion	TBC1D8B
secretion	TCF7L2
secretion	TCIRG1
secretion	TCN1
secretion	TCP1
secretion	TEX264
secretion	TF
secretion	TFG
secretion	TFRC
secretion	TGFA
secretion	TGFB1
secretion	TGFB2
secretion	TGFB3
secretion	TGOLN2
secretion	THBS1
secretion	THBS2
secretion	THSD1
secretion	THSD4
secretion	THSD7A
secretion	THSD7B
secretion	TIMM10
secretion	TIMM10B
secretion	TIMM13
secretion	TIMM17A
secretion	TIMM17B
secretion	TIMM21
secretion	TIMM22
secretion	TIMM23
secretion	TIMM44
secretion	TIMM50
secretion	TIMM8A
secretion	TIMM8B
secretion	TIMM9
secretion	TIMP1
secretion	TIMP2
secretion	TIMP3
secretion	TINAGL1
secretion	TJP1
secretion	TLN1
secretion	TLR2
secretion	TLR3
secretion	TLR7
secretion	TLR8
secretion	TLR9
secretion	TMBIM1
secretion	TMC6
secretion	TMED2
secretion	TMED3
secretion	TMED5
secretion	TMED7
secretion	TMED7-TICAM2
secretion	TMED9
secretion	TMEM115
secretion	TMEM179B
secretion	TMEM30A
secretion	TMEM63A
secretion	TMF1
secretion	TMSB4X
secretion	TMX3
secretion	TNFAIP6
secretion	TNFRSF1B
secretion	TOLLIP
secretion	TOM1
secretion	TOMM20
secretion	TOMM22
secretion	TOMM40
secretion	TOMM5
secretion	TOMM6
secretion	TOMM7
secretion	TOMM70
secretion	TOR1A
secretion	TOR1B
secretion	TOR4A
secretion	TPD52
secretion	TPD52L1
secretion	TPTE
secretion	TPTE2
secretion	TRAM1
secretion	TRAPPC1
secretion	TRAPPC10
secretion	TRAPPC11
secretion	TRAPPC12
secretion	TRAPPC13
secretion	TRAPPC2
secretion	TRAPPC2L
secretion	TRAPPC3
secretion	TRAPPC4
secretion	TRAPPC5
secretion	TRAPPC6A
secretion	TRAPPC6B
secretion	TRAPPC8
secretion	TRAPPC9
secretion	TRIM13
secretion	TRIP10
secretion	TRIP11
secretion	TRPM2
secretion	TSC1
secretion	TSC2
secretion	TSG101
secretion	TSPAN14
secretion	TSPAN7
secretion	TTC8
secretion	TTF2
secretion	TTR
secretion	TUBA4A
secretion	TUBB
secretion	TUBB4B
secretion	TUSC3
secretion	TXNDC5
secretion	TYROBP
secretion	TYSND1
secretion	UAP1
secretion	UBA52
secretion	UBAP1
secretion	UBB
secretion	UBC
secretion	UBE2C
secretion	UBE2D1
secretion	UBE2D2
secretion	UBE2D3
secretion	UBE2E1
secretion	UBE2J2
secretion	UBE2S
secretion	UBE2Z
secretion	UBL4A
secretion	UBQLN1
secretion	UBQLN2
secretion	UBR4
secretion	UBXN1
secretion	UCMA
secretion	UCN
secretion	UCN2
secretion	UCN3
secretion	UGGT1
secretion	UGGT2
secretion	ULK1
secretion	UMOD
secretion	UNC119B
secretion	UNC13D
secretion	UNC93B1
secretion	USO1
secretion	USP6NL
secretion	USP9X
secretion	VAC14
secretion	VAMP2
secretion	VAMP3
secretion	VAMP4
secretion	VAMP7
secretion	VAMP8
secretion	VAPA
secretion	VAT1
secretion	VCAN
secretion	VCL
secretion	VCP
secretion	VDAC1
secretion	VEGFA
secretion	VEGFB
secretion	VEGFC
secretion	VEGFD
secretion	VENTX
secretion	VIPR1
secretion	VIPR2
secretion	VNN1
secretion	VPS25
secretion	VPS26A
secretion	VPS28
secretion	VPS29
secretion	VPS35
secretion	VPS35L
secretion	VPS36
secretion	VPS37A
secretion	VPS37B
secretion	VPS37C
secretion	VPS37D
secretion	VPS45
secretion	VPS4A
secretion	VPS4B
secretion	VPS51
secretion	VPS52
secretion	VPS53
secretion	VPS54
secretion	VPS72
secretion	VTA1
secretion	VTI1A
secretion	VTI1B
secretion	VWF
secretion	WASL
secretion	WDR1
secretion	WLS
secretion	WNT1
secretion	WNT10A
secretion	WNT10B
secretion	WNT11
secretion	WNT16
secretion	WNT2
secretion	WNT2B
secretion	WNT3
secretion	WNT3A
secretion	WNT4
secretion	WNT5A
secretion	WNT5B
secretion	WNT6
secretion	WNT7A
secretion	WNT7B
secretion	WNT8A
secretion	WNT8B
secretion	WNT9A
secretion	WNT9B
secretion	XRCC5
secretion	XRCC6
secretion	YIPF6
secretion	YKT6
secretion	YPEL5
secretion	YWHAB
secretion	YWHAE
secretion	YWHAG
secretion	YWHAH
secretion	YWHAQ
secretion	YWHAZ
secretion	ZFAND6
secretion	ZNF260
secretion	ZW10
splicing	AAAS
splicing	ALYREF
splicing	AQR
splicing	BCAS2
splicing	BUD31
splicing	CASC3
splicing	CCAR1
splicing	CD2BP2
splicing	CDC40
splicing	CDC5L
splicing	CHERP
splicing	CHTOP
splicing	COLEC12
splicing	CPSF1
splicing	CPSF2
splicing	CPSF3
splicing	CPSF4
splicing	CPSF6
splicing	CPSF7
splicing	CRNKL1
splicing	CSTF1
splicing	CSTF2
splicing	CSTF2T
splicing	CSTF3
splicing	CTNNBL1
splicing	CWC15
splicing	CWC22
splicing	CWC25
splicing	CWC27
splicing	DDX23
splicing	DDX39A
splicing	DDX39B
splicing	DDX42
splicing	DDX46
splicing	DDX5
splicing	DHX15
splicing	DHX16
splicing	DHX38
splicing	DHX9
splicing	DNAJC8
splicing	EFTUD2
splicing	EIF4A3
splicing	EIF4E
splicing	ELAVL1
splicing	ELAVL2
splicing	ESRP1
splicing	ESRP2
splicing	FIP1L1
splicing	FUS
splicing	FYTTD1
splicing	GCFC2
splicing	GLE1
splicing	GPKOW
splicing	GTF2F1
splicing	GTF2F2
splicing	HNRNPA0
splicing	HNRNPA1
splicing	HNRNPA2B1
splicing	HNRNPA3
splicing	HNRNPC
splicing	HNRNPD
splicing	HNRNPF
splicing	HNRNPH1
splicing	HNRNPH2
splicing	HNRNPK
splicing	HNRNPL
splicing	HNRNPM
splicing	HNRNPR
splicing	HNRNPU
splicing	HNRNPUL1
splicing	HSPA8
splicing	ISY1-RAB43
splicing	LSM10
splicing	LSM11
splicing	LSM2
splicing	LSM3
splicing	LSM4
splicing	LSM5
splicing	LSM6
splicing	LSM7
splicing	LSM8
splicing	LUZP4
splicing	MAGOH
splicing	MAGOHB
splicing	METTL14
splicing	METTL3
splicing	MTREX
splicing	NCBP1
splicing	NCBP2
splicing	NDC1
splicing	NUDT21
splicing	NUP107
splicing	NUP133
splicing	NUP153
splicing	NUP155
splicing	NUP160
splicing	NUP188
splicing	NUP205
splicing	NUP210
splicing	NUP214
splicing	NUP35
splicing	NUP37
splicing	NUP42
splicing	NUP43
splicing	NUP50
splicing	NUP54
splicing	NUP58
splicing	NUP62
splicing	NUP85
splicing	NUP88
splicing	NUP93
splicing	NUP98
splicing	NXF1
splicing	NXF2
splicing	NXT1
splicing	PABPN1
splicing	PAPOLA
splicing	PCBP1
splicing	PCBP2
splicing	PCF11
splicing	PDCD7
splicing	PHF5A
splicing	PLRG1
splicing	POLDIP3
splicing	POLR2A
splicing	POLR2B
splicing	POLR2C
splicing	POLR2D
splicing	POLR2E
splicing	POLR2F
splicing	POLR2G
splicing	POLR2H
splicing	POLR2I
splicing	POLR2J
splicing	POLR2K
splicing	POLR2L
splicing	POM121
splicing	POM121C
splicing	PPIE
splicing	PPIH
splicing	PPIL1
splicing	PPIL3
splicing	PPIL4
splicing	PPIL6
splicing	PPWD1
splicing	PQBP1
splicing	PRCC
splicing	PRPF19
splicing	PRPF3
splicing	PRPF31
splicing	PRPF38A
splicing	PRPF4
splicing	PRPF40A
splicing	PRPF6
splicing	PRPF8
splicing	PTBP1
splicing	PUF60
splicing	RANBP2
splicing	RBFOX2
splicing	RBM17
splicing	RBM22
splicing	RBM42
splicing	RBM5
splicing	RBM8A
splicing	RBMX
splicing	RNASE7
splicing	RNPC3
splicing	RNPS1
splicing	SARNP
splicing	SART1
splicing	SEC13
splicing	SEH1L
splicing	SF1
splicing	SF3A1
splicing	SF3A2
splicing	SF3A3
splicing	SF3B1
splicing	SF3B2
splicing	SF3B3
splicing	SF3B4
splicing	SF3B5
splicing	SF3B6
splicing	SLBP
splicing	SLU7
splicing	SMNDC1
splicing	SNRNP200
splicing	SNRNP25
splicing	SNRNP27
splicing	SNRNP35
splicing	SNRNP40
splicing	SNRNP48
splicing	SNRNP70
splicing	SNRPA
splicing	SNRPA1
splicing	SNRPB
splicing	SNRPB2
splicing	SNRPC
splicing	SNRPD2
splicing	SNRPD3
splicing	SNRPE
splicing	SNRPF
splicing	SNRPG
splicing	SNRPN
splicing	SNU13
splicing	SNW1
splicing	SRRM1
splicing	SRRM2
splicing	SRRT
splicing	SRSF1
splicing	SRSF10
splicing	SRSF11
splicing	SRSF2
splicing	SRSF3
splicing	SRSF4
splicing	SRSF5
splicing	SRSF6
splicing	SRSF7
splicing	SRSF9
splicing	SUGP1
splicing	SYF2
splicing	SYMPK
splicing	TFIP11
splicing	THOC1
splicing	THOC2
splicing	THOC3
splicing	THOC5
splicing	THOC6
splicing	THOC7
splicing	TIA1
splicing	TIAL1
splicing	TPR
splicing	TRA2B
splicing	TXNL4A
splicing	U2AF1
splicing	U2AF1L4
splicing	U2AF2
splicing	U2SURP
splicing	UPF3B
splicing	USP39
splicing	WBP11
splicing	WBP4
splicing	WDR33
splicing	WTAP
splicing	XAB2
splicing	YBX1
splicing	ZC3H11A
splicing	ZCRB1
splicing	ZMAT5
splicing	ZNF473
splicing	ZRSR2
translation	A4GNT
translation	AAAS
translation	AARS1
translation	AARS2
translation	ABRAXAS1
translation	ABRAXAS2
translation	ACTL6A
translation	ACTR10
translation	ACTR1A
translation	ACTR5
translation	ACTR8
translation	ADAM10
translation	ADAMTS1
translation	ADAMTS10
translation	ADAMTS12
translation	ADAMTS13
translation	ADAMTS14
translation	ADAMTS15
translation	ADAMTS16
translation	ADAMTS17
translation	ADAMTS18
translation	ADAMTS19
translation	ADAMTS2
translation	ADAMTS20
translation	ADAMTS3
translation	ADAMTS4
translation	ADAMTS5
translation	ADAMTS6
translation	ADAMTS7
translation	ADAMTS8
translation	ADAMTS9
translation	ADAMTSL1
translation	ADAMTSL2
translation	ADAMTSL3
translation	ADAMTSL4
translation	ADAMTSL5
translation	ADAT1
translation	ADAT2
translation	ADAT3
translation	ADRB2
translation	ADRM1
translation	AGBL1
translation	AGBL2
translation	AGBL3
translation	AGBL4
translation	AGBL5
translation	AGO1
translation	AGO2
translation	AGO3
translation	AGO4
translation	AGTPBP1
translation	AHSG
translation	AIMP1
translation	AIMP2
translation	ALB
translation	ALG1
translation	ALG10B
translation	ALG11
translation	ALG12
translation	ALG13
translation	ALG14
translation	ALG2
translation	ALG3
translation	ALG5
translation	ALG6
translation	ALG8
translation	ALG9
translation	ALKBH8
translation	ALPG
translation	ALPL
translation	ALPP
translation	AMBN
translation	AMDHD2
translation	AMELX
translation	AMFR
translation	AMTN
translation	ANK1
translation	ANK2
translation	ANK3
translation	ANKRD28
translation	ANKRD9
translation	ANO8
translation	APEH
translation	APLP2
translation	APOA1
translation	APOA5
translation	APOB
translation	APOE
translation	APOL1
translation	APP
translation	ARCN1
translation	AREG
translation	ARF3
translation	ARF4
translation	ARF5
translation	ARFGAP1
translation	ARFGAP2
translation	ARFGAP3
translation	ARRB1
translation	ARRB2
translation	ARSA
translation	ARSB
translation	ARSD
translation	ARSF
translation	ARSG
translation	ARSH
translation	ARSI
translation	ARSJ
translation	ARSK
translation	ARSL
translation	ART3
translation	ART4
translation	ASB1
translation	ASB10
translation	ASB11
translation	ASB12
translation	ASB13
translation	ASB14
translation	ASB15
translation	ASB16
translation	ASB17
translation	ASB18
translation	ASB2
translation	ASB4
translation	ASB5
translation	ASB6
translation	ASB7
translation	ASB8
translation	ASB9
translation	ASGR1
translation	ASGR2
translation	ASXL1
translation	ASXL2
translation	ATXN3
translation	ATXN3L
translation	ATXN7
translation	AURKA
translation	AURKAIP1
translation	AURKB
translation	AXIN1
translation	AXIN2
translation	B3GALNT2
translation	B3GLCT
translation	B3GNT2
translation	B3GNT3
translation	B3GNT4
translation	B3GNT5
translation	B3GNT6
translation	B3GNT7
translation	B3GNT8
translation	B3GNT9
translation	B3GNTL1
translation	B4GALNT2
translation	B4GALT1
translation	B4GALT2
translation	B4GALT3
translation	B4GALT4
translation	B4GALT5
translation	B4GALT6
translation	B4GAT1
translation	BABAM1
translation	BABAM2
translation	BARD1
translation	BCL10
translation	BECN1
translation	BET1
translation	BET1L
translation	BGLAP
translation	BIRC2
translation	BIRC3
translation	BIRC5
translation	BLM
translation	BLOC1S6
translation	BMP15
translation	BMP4
translation	BMS1
translation	BOP1
translation	BPIFB2
translation	BRCA1
translation	BRCC3
translation	BST1
translation	BTBD1
translation	BTBD6
translation	BTRC
translation	BUD23
translation	BYSL
translation	C1D
translation	C1GALT1
translation	C1GALT1C1
translation	C3
translation	C4A
translation	CALM1
translation	CALR
translation	CALU
translation	CAMKMT
translation	CAND1
translation	CANX
translation	CAPZA1
translation	CAPZA2
translation	CAPZA3
translation	CAPZB
translation	CARD16
translation	CARS1
translation	CARS2
translation	CASP8AP2
translation	CBX2
translation	CBX4
translation	CBX5
translation	CBX8
translation	CCDC22
translation	CCDC8
translation	CCNA1
translation	CCNA2
translation	CCND1
translation	CCNF
translation	CCP110
translation	CD109
translation	CD52
translation	CD55
translation	CD59
translation	CDC20
translation	CDC25A
translation	CDC34
translation	CDC73
translation	CDCA8
translation	CDH2
translation	CDK1
translation	CDKAL1
translation	CDKN2A
translation	CEACAM5
translation	CEACAM7
translation	CETN2
translation	CFAP73
translation	CFP
translation	CFTR
translation	CHCHD1
translation	CHD3
translation	CHGA
translation	CHGB
translation	CHML
translation	CHMP2A
translation	CHMP2B
translation	CHMP4B
translation	CHMP4C
translation	CHMP6
translation	CHMP7
translation	CHRDL1
translation	CHST10
translation	CHST4
translation	CHST8
translation	CISH
translation	CKAP4
translation	CLSPN
translation	CMAS
translation	CNIH1
translation	CNIH2
translation	CNIH3
translation	CNKSR3
translation	CNOT6L
translation	CNTN3
translation	CNTN4
translation	CNTN5
translation	COG1
translation	COG2
translation	COG3
translation	COG4
translation	COG5
translation	COG6
translation	COG7
translation	COG8
translation	COL7A1
translation	COLEC12
translation	COMMD1
translation	COMMD10
translation	COMMD2
translation	COMMD3
translation	COMMD3-BMI1
translation	COMMD4
translation	COMMD5
translation	COMMD6
translation	COMMD7
translation	COMMD8
translation	COMMD9
translation	COPA
translation	COPB1
translation	COPB2
translation	COPE
translation	COPG1
translation	COPG2
translation	COPS2
translation	COPS3
translation	COPS4
translation	COPS5
translation	COPS6
translation	COPS7A
translation	COPS8
translation	COPZ1
translation	COPZ2
translation	CP
translation	CPM
translation	CPSF1
translation	CPSF4
translation	CREBBP
translation	CSF1
translation	CSNK1D
translation	CSNK1E
translation	CST3
translation	CSTF2
translation	CTBP1
translation	CTR9
translation	CTSA
translation	CTSC
translation	CTSZ
translation	CTU1
translation	CTU2
translation	CUL1
translation	CUL2
translation	CUL3
translation	CUL4A
translation	CUL4B
translation	CUL5
translation	CUL7
translation	CUL9
translation	CXXC1
translation	CYLD
translation	DAD1
translation	DAG1
translation	DARS1
translation	DARS2
translation	DAXX
translation	DCAF10
translation	DCAF11
translation	DCAF13
translation	DCAF16
translation	DCAF17
translation	DCAF4
translation	DCAF5
translation	DCAF6
translation	DCAF7
translation	DCAF8
translation	DCTN1
translation	DCTN2
translation	DCTN3
translation	DCTN4
translation	DCTN5
translation	DCTN6
translation	DCUN1D1
translation	DCUN1D2
translation	DCUN1D3
translation	DCUN1D4
translation	DCUN1D5
translation	DDA1
translation	DDB1
translation	DDB2
translation	DDOST
translation	DDX1
translation	DDX17
translation	DDX20
translation	DDX47
translation	DDX49
translation	DDX5
translation	DDX52
translation	DDX56
translation	DERL1
translation	DERL2
translation	DHDDS
translation	DHPS
translation	DHX37
translation	DIMT1
translation	DIS3
translation	DKC1
translation	DLGAP3
translation	DMTF1
translation	DNAJC24
translation	DNAJC3
translation	DNAJC5
translation	DNMT1
translation	DNMT3A
translation	DNMT3B
translation	DOHH
translation	DOLK
translation	DOLPP1
translation	DPAGT1
translation	DPH1
translation	DPH2
translation	DPH3
translation	DPH5
translation	DPH6
translation	DPH7
translation	DPM1
translation	DPM2
translation	DPM3
translation	DTD1
translation	DTL
translation	DUS2
translation	DYNC1H1
translation	DYNC1I1
translation	DYNC1I2
translation	DYNC1LI1
translation	DYNC1LI2
translation	DYNLL1
translation	DYNLL2
translation	E2F1
translation	E2F3
translation	EARS2
translation	EBNA1BP2
translation	EDEM1
translation	EDEM2
translation	EDEM3
translation	EEF1A1
translation	EEF1A2
translation	EEF1AKMT1
translation	EEF1AKMT2
translation	EEF1B2
translation	EEF1D
translation	EEF1E1
translation	EEF1G
translation	EEF2
translation	EEF2KMT
translation	EGFL7
translation	EID3
translation	EIF1AX
translation	EIF2B1
translation	EIF2B2
translation	EIF2B3
translation	EIF2B4
translation	EIF2B5
translation	EIF2S1
translation	EIF2S2
translation	EIF2S3
translation	EIF3A
translation	EIF3B
translation	EIF3C
translation	EIF3D
translation	EIF3E
translation	EIF3F
translation	EIF3G
translation	EIF3H
translation	EIF3I
translation	EIF3J
translation	EIF3K
translation	EIF3L
translation	EIF3M
translation	EIF4A1
translation	EIF4A2
translation	EIF4B
translation	EIF4E
translation	EIF4EBP1
translation	EIF4G1
translation	EIF4H
translation	EIF5
translation	EIF5A2
translation	EIF5AL1
translation	EIF5B
translation	ELAC2
translation	ELF3
translation	ELOB
translation	ELOC
translation	EMG1
translation	ENAM
translation	ENGASE
translation	EP300
translation	EPAS1
translation	EPRS1
translation	ERAL1
translation	ERCC8
translation	ERI1
translation	ESR1
translation	ETF1
translation	ETFB
translation	ETFBKMT
translation	EVA1A
translation	EXOSC1
translation	EXOSC10
translation	EXOSC2
translation	EXOSC3
translation	EXOSC4
translation	EXOSC5
translation	EXOSC6
translation	EXOSC7
translation	EXOSC8
translation	EXOSC9
translation	F5
translation	F7
translation	F8
translation	F9
translation	FAM110A
translation	FAM20A
translation	FAM20C
translation	FAM98B
translation	FARS2
translation	FARSA
translation	FARSB
translation	FAU
translation	FBL
translation	FBN1
translation	FBXL12
translation	FBXL13
translation	FBXL14
translation	FBXL15
translation	FBXL16
translation	FBXL18
translation	FBXL19
translation	FBXL20
translation	FBXL22
translation	FBXL3
translation	FBXL4
translation	FBXL5
translation	FBXL7
translation	FBXL8
translation	FBXO10
translation	FBXO11
translation	FBXO15
translation	FBXO17
translation	FBXO2
translation	FBXO21
translation	FBXO22
translation	FBXO27
translation	FBXO30
translation	FBXO31
translation	FBXO32
translation	FBXO4
translation	FBXO40
translation	FBXO41
translation	FBXO44
translation	FBXO6
translation	FBXO7
translation	FBXO9
translation	FBXW10
translation	FBXW11
translation	FBXW12
translation	FBXW2
translation	FBXW4
translation	FBXW5
translation	FBXW7
translation	FBXW8
translation	FBXW9
translation	FCF1
translation	FCSK
translation	FEM1B
translation	FEM1C
translation	FGA
translation	FGF23
translation	FGG
translation	FKBP8
translation	FN1
translation	FN3K
translation	FN3KRP
translation	FOLR2
translation	FOXK1
translation	FOXK2
translation	FOXL2
translation	FOXO4
translation	FPGT
translation	FSTL1
translation	FSTL3
translation	FTSJ1
translation	FTSJ3
translation	FUCA1
translation	FUCA2
translation	FUOM
translation	FURIN
translation	FUT3
translation	FUT8
translation	GADD45GIP1
translation	GALNT1
translation	GALNT10
translation	GALNT11
translation	GALNT12
translation	GALNT14
translation	GALNT18
translation	GALNT2
translation	GALNT3
translation	GALNT5
translation	GALNT6
translation	GALNT8
translation	GALNT9
translation	GALNTL5
translation	GALNTL6
translation	GAN
translation	GANAB
translation	GAR1
translation	GARS1
translation	GAS6
translation	GATA3
translation	GCNT1
translation	GCNT3
translation	GCNT4
translation	GCNT7
translation	GEMIN2
translation	GEMIN4
translation	GEMIN5
translation	GEMIN6
translation	GEMIN7
translation	GEMIN8
translation	GFM1
translation	GFM2
translation	GFPT1
translation	GFPT2
translation	GFUS
translation	GGCX
translation	GLB1
translation	GMDS
translation	GMPPA
translation	GMPPB
translation	GNE
translation	GNL3
translation	GNPNAT1
translation	GOLGA2
translation	GOLGB1
translation	GOLM1
translation	GORASP1
translation	GOSR1
translation	GOSR2
translation	GP2
translation	GPAA1
translation	GPC3
translation	GPIHBP1
translation	GPLD1
translation	GPR75-ASB3
translation	GPS1
translation	GRIA1
translation	GRSF1
translation	GSK3A
translation	GSK3B
translation	GSPT1
translation	GSPT2
translation	GTPBP3
translation	H2AB1
translation	H2AC1
translation	H2AC11
translation	H2AC12
translation	H2AC14
translation	H2AC19
translation	H2AC20
translation	H2AC21
translation	H2AC25
translation	H2AC4
translation	H2AC6
translation	H2AC7
translation	H2AJ
translation	H2AX
translation	H2AZ1
translation	H2AZ2
translation	H2BC1
translation	H2BC11
translation	H2BC12
translation	H2BC12L
translation	H2BC13
translation	H2BC14
translation	H2BC15
translation	H2BC17
translation	H2BC18
translation	H2BC21
translation	H2BC26
translation	H2BC3
translation	H2BC4
translation	H2BC5
translation	H2BC9
translation	H3-3B
translation	H3C13
translation	H3C7
translation	H4C15
translation	HARS1
translation	HCFC1
translation	HDAC1
translation	HDAC2
translation	HDAC4
translation	HDAC7
translation	HEATR1
translation	HERC2
translation	HGS
translation	HIC1
translation	HIF1A
translation	HIF3A
translation	HIPK2
translation	HLA-A
translation	HLA-B
translation	HLTF
translation	HNRNPC
translation	HNRNPK
translation	HOXC13
translation	HRC
translation	HSD17B10
translation	HSP90B1
translation	HSPA8
translation	IARS1
translation	IARS2
translation	ICMT
translation	IDE
translation	IFIH1
translation	IGFBP1
translation	IGFBP3
translation	IGFBP4
translation	IGFBP5
translation	IGFBP7
translation	IKBKE
translation	IKBKG
translation	IL33
translation	IL6
translation	IMP4
translation	INCENP
translation	ING3
translation	INO80
translation	INO80B
translation	INO80C
translation	INO80D
translation	INO80E
translation	INS
translation	ISG20L2
translation	ITIH2
translation	IZUMO1R
translation	JOSD1
translation	JOSD2
translation	JUN
translation	KARS1
translation	KAT2A
translation	KAT2B
translation	KBTBD13
translation	KBTBD6
translation	KBTBD7
translation	KBTBD8
translation	KCTD6
translation	KCTD7
translation	KDELR1
translation	KDELR2
translation	KDELR3
translation	KDM1B
translation	KEAP1
translation	KIN
translation	KLHL11
translation	KLHL13
translation	KLHL2
translation	KLHL20
translation	KLHL21
translation	KLHL22
translation	KLHL25
translation	KLHL3
translation	KLHL41
translation	KLHL42
translation	KLHL5
translation	KLHL9
translation	KNG1
translation	KRR1
translation	KTN1
translation	L3MBTL2
translation	LAGE3
translation	LAMB1
translation	LAMC1
translation	LARGE1
translation	LARGE2
translation	LARS1
translation	LARS2
translation	LAS1L
translation	LCMT2
translation	LEO1
translation	LGALS1
translation	LHB
translation	LMAN1
translation	LMAN1L
translation	LMAN2
translation	LMAN2L
translation	LMNB2
translation	LMO7
translation	LOC124905743
translation	LRR1
translation	LRRC41
translation	LRRC49
translation	LSAMP
translation	LTBP1
translation	LTV1
translation	LY6D
translation	LY6E
translation	LY6G6C
translation	LY6G6F
translation	LY6H
translation	LY6K
translation	LYPD1
translation	LYPD2
translation	LYPD3
translation	LYPD4
translation	LYPD5
translation	LYPD6B
translation	LYPD8
translation	MAGT1
translation	MAML1
translation	MAML2
translation	MAML3
translation	MAMLD1
translation	MAN1A1
translation	MAN1A2
translation	MAN1B1
translation	MAN1C1
translation	MAN2A1
translation	MAN2A2
translation	MANEA
translation	MAP1LC3B
translation	MAP3K7
translation	MARCHF6
translation	MARS1
translation	MARS2
translation	MAT2B
translation	MATN3
translation	MAVS
translation	MBD1
translation	MBD5
translation	MBD6
translation	MBTPS1
translation	MCFD2
translation	MCRS1
translation	MDC1
translation	MDGA1
translation	MDGA2
translation	MDM2
translation	MDM4
translation	MELTF
translation	MEN1
translation	MEPE
translation	METTL1
translation	METTL21A
translation	METTL22
translation	MFGE8
translation	MGAT4A
translation	MGAT4B
translation	MGAT4C
translation	MGAT5
translation	MIA3
translation	MITF
translation	MLEC
translation	MOGAT1
translation	MOGAT2
translation	MOGAT3
translation	MOGS
translation	MOV10
translation	MPDU1
translation	MPHOSPH10
translation	MPHOSPH6
translation	MPZ
translation	MRM1
translation	MRM2
translation	MRM3
translation	MRPL1
translation	MRPL10
translation	MRPL11
translation	MRPL12
translation	MRPL13
translation	MRPL14
translation	MRPL15
translation	MRPL16
translation	MRPL17
translation	MRPL18
translation	MRPL19
translation	MRPL20
translation	MRPL21
translation	MRPL23
translation	MRPL24
translation	MRPL3
translation	MRPL30
translation	MRPL32
translation	MRPL33
translation	MRPL34
translation	MRPL35
translation	MRPL36
translation	MRPL37
translation	MRPL38
translation	MRPL39
translation	MRPL4
translation	MRPL40
translation	MRPL41
translation	MRPL42
translation	MRPL43
translation	MRPL44
translation	MRPL45
translation	MRPL46
translation	MRPL47
translation	MRPL48
translation	MRPL49
translation	MRPL50
translation	MRPL51
translation	MRPL52
translation	MRPL53
translation	MRPL54
translation	MRPL55
translation	MRPL57
translation	MRPL58
translation	MRPL9
translation	MRPS10
translation	MRPS11
translation	MRPS14
translation	MRPS15
translation	MRPS16
translation	MRPS17
translation	MRPS18A
translation	MRPS18B
translation	MRPS18C
translation	MRPS2
translation	MRPS21
translation	MRPS22
translation	MRPS23
translation	MRPS24
translation	MRPS25
translation	MRPS26
translation	MRPS27
translation	MRPS30
translation	MRPS31
translation	MRPS33
translation	MRPS34
translation	MRPS35
translation	MRPS36
translation	MRPS5
translation	MRPS6
translation	MRPS7
translation	MRPS9
translation	MRRF
translation	MRTFA
translation	MSLN
translation	MTA1
translation	MTERF4
translation	MTFMT
translation	MTIF2
translation	MTIF3
translation	MTO1
translation	MTREX
translation	MTRF1L
translation	MUC1
translation	MUC12
translation	MUC13
translation	MUC15
translation	MUC16
translation	MUC17
translation	MUC19
translation	MUC2
translation	MUC20
translation	MUC21
translation	MUC3B
translation	MUC4
translation	MUC5AC
translation	MUC5B
translation	MUC6
translation	MUC7
translation	MUCL1
translation	MUL1
translation	MVD
translation	MXRA8
translation	MYC
translation	MYSM1
translation	N6AMT1
translation	NAE1
translation	NAGK
translation	NANP
translation	NANS
translation	NAPG
translation	NAPSA
translation	NARS1
translation	NARS2
translation	NAT10
translation	NCOA1
translation	NCOA2
translation	NCOR2
translation	NDC1
translation	NEDD8
translation	NEGR1
translation	NEU2
translation	NEU3
translation	NEU4
translation	NEURL2
translation	NFE2L2
translation	NFKB2
translation	NFKBIA
translation	NFRKB
translation	NGLY1
translation	NHP2
translation	NICN1
translation	NIP7
translation	NLRP2B
translation	NLRP3
translation	NOB1
translation	NOC4L
translation	NOD1
translation	NOD2
translation	NOL11
translation	NOL12
translation	NOL6
translation	NOL9
translation	NOP10
translation	NOP14
translation	NOP2
translation	NOP56
translation	NOP58
translation	NOTCH1
translation	NOTCH2
translation	NOTCH3
translation	NOTCH4
translation	NOTUM
translation	NPL
translation	NPLOC4
translation	NPM1
translation	NR1H2
translation	NR1H3
translation	NR1H4
translation	NR1I2
translation	NR2C1
translation	NR3C1
translation	NR3C2
translation	NR4A2
translation	NR5A1
translation	NR5A2
translation	NRIP1
translation	NRN1
translation	NRN1L
translation	NSF
translation	NSMCE1
translation	NSMCE2
translation	NSMCE3
translation	NSMCE4A
translation	NSUN2
translation	NSUN4
translation	NSUN6
translation	NTM
translation	NTNG2
translation	NUB1
translation	NUCB1
translation	NUDT14
translation	NUP107
translation	NUP133
translation	NUP153
translation	NUP155
translation	NUP160
translation	NUP188
translation	NUP205
translation	NUP210
translation	NUP214
translation	NUP35
translation	NUP37
translation	NUP42
translation	NUP43
translation	NUP50
translation	NUP54
translation	NUP58
translation	NUP62
translation	NUP85
translation	NUP88
translation	NUP93
translation	NUP98
translation	NUS1
translation	OBSL1
translation	OGT
translation	OPCML
translation	OS9
translation	OSGEP
translation	OTOA
translation	OTUB1
translation	OTUB2
translation	OTUD3
translation	OTUD5
translation	OTUD7A
translation	OTUD7B
translation	OTULIN
translation	OXA1L
translation	P4HB
translation	PABPC1
translation	PAF1
translation	PARK7
translation	PARP1
translation	PARP10
translation	PARP14
translation	PARP16
translation	PARP4
translation	PARP6
translation	PARP8
translation	PARP9
translation	PARS2
translation	PBRM1
translation	PCGF2
translation	PCNA
translation	PCSK9
translation	PDCD11
translation	PDIA3
translation	PDIA6
translation	PELP1
translation	PENK
translation	PES1
translation	PEX10
translation	PEX12
translation	PEX13
translation	PEX14
translation	PEX2
translation	PEX5
translation	PGAP1
translation	PGM3
translation	PGR
translation	PHC1
translation	PHC2
translation	PHC3
translation	PIAS1
translation	PIAS2
translation	PIAS3
translation	PIAS4
translation	PIGA
translation	PIGB
translation	PIGC
translation	PIGF
translation	PIGG
translation	PIGH
translation	PIGK
translation	PIGL
translation	PIGM
translation	PIGN
translation	PIGO
translation	PIGP
translation	PIGQ
translation	PIGS
translation	PIGT
translation	PIGU
translation	PIGV
translation	PIGW
translation	PIGX
translation	PIGY
translation	PIGZ
translation	PIK3C3
translation	PIK3R4
translation	PLAUR
translation	PLET1
translation	PMEPA1
translation	PML
translation	PMM1
translation	PMM2
translation	PNO1
translation	PNPLA2
translation	POC1B-GALNT4
translation	POFUT2
translation	POLG2
translation	POLR1A
translation	POM121
translation	POM121C
translation	POMGNT1
translation	POMGNT2
translation	POMK
translation	POMT1
translation	POMT2
translation	POP5
translation	POP7
translation	POTEF
translation	PPA1
translation	PPA2
translation	PPARA
translation	PPARG
translation	PPARGC1A
translation	PPP3CA
translation	PPP6C
translation	PPP6R1
translation	PPP6R3
translation	PREB
translation	PRKCI
translation	PRKCSH
translation	PRKDC
translation	PRKN
translation	PRMT3
translation	PRND
translation	PROC
translation	PRORP
translation	PROS1
translation	PROZ
translation	PRSS21
translation	PRSS23
translation	PRSS41
translation	PSCA
translation	PSMA1
translation	PSMA2
translation	PSMA3
translation	PSMA4
translation	PSMA5
translation	PSMA6
translation	PSMA7
translation	PSMA8
translation	PSMB1
translation	PSMB10
translation	PSMB11
translation	PSMB2
translation	PSMB3
translation	PSMB4
translation	PSMB5
translation	PSMB6
translation	PSMB7
translation	PSMB8
translation	PSMB9
translation	PSMC1
translation	PSMC2
translation	PSMC3
translation	PSMC4
translation	PSMC5
translation	PSMC6
translation	PSMD10
translation	PSMD11
translation	PSMD12
translation	PSMD13
translation	PSMD14
translation	PSMD2
translation	PSMD3
translation	PSMD4
translation	PSMD5
translation	PSMD6
translation	PSMD7
translation	PSMD8
translation	PSMD9
translation	PSME1
translation	PSME2
translation	PSME3
translation	PSME4
translation	PSMF1
translation	PTCD3
translation	PTEN
translation	PTGES2
translation	PTP4A2
translation	PTRH2
translation	PUM2
translation	PUS1
translation	PUS3
translation	PUS7
translation	PWP2
translation	PYDC1
translation	QARS1
translation	QSOX1
translation	QTRT1
translation	QTRT2
translation	RAB10
translation	RAB11A
translation	RAB12
translation	RAB13
translation	RAB14
translation	RAB15
translation	RAB17
translation	RAB18
translation	RAB19
translation	RAB1A
translation	RAB1B
translation	RAB20
translation	RAB21
translation	RAB22A
translation	RAB23
translation	RAB24
translation	RAB25
translation	RAB26
translation	RAB27A
translation	RAB27B
translation	RAB29
translation	RAB2A
translation	RAB2B
translation	RAB30
translation	RAB31
translation	RAB32
translation	RAB33A
translation	RAB33B
translation	RAB34
translation	RAB35
translation	RAB36
translation	RAB37
translation	RAB38
translation	RAB39A
translation	RAB39B
translation	RAB3A
translation	RAB3B
translation	RAB3C
translation	RAB3D
translation	RAB40A
translation	RAB40B
translation	RAB40C
translation	RAB41
translation	RAB43
translation	RAB44
translation	RAB4A
translation	RAB5A
translation	RAB5B
translation	RAB5C
translation	RAB6A
translation	RAB6B
translation	RAB7A
translation	RAB7B
translation	RAB8A
translation	RAB8B
translation	RAB9A
translation	RAB9B
translation	RABGGTA
translation	RABGGTB
translation	RAD18
translation	RAD21
translation	RAD23A
translation	RAD23B
translation	RAD52
translation	RAET1G
translation	RAET1L
translation	RAN
translation	RANBP2
translation	RANGAP1
translation	RARA
translation	RARS1
translation	RARS2
translation	RBBP5
translation	RBBP7
translation	RBM28
translation	RBPJ
translation	RBX1
translation	RCE1
translation	RCL1
translation	RCN1
translation	RECK
translation	RELA
translation	RENBP
translation	RFT1
translation	RHOA
translation	RHOT1
translation	RIGI
translation	RING1
translation	RIOK1
translation	RIOK2
translation	RIOK3
translation	RIPK1
translation	RIPK2
translation	RNASE7
translation	RNF103
translation	RNF103-CHMP3
translation	RNF123
translation	RNF128
translation	RNF135
translation	RNF139
translation	RNF144A
translation	RNF146
translation	RNF152
translation	RNF168
translation	RNF181
translation	RNF185
translation	RNF2
translation	RNF20
translation	RNF40
translation	RNF5
translation	RNF7
translation	RORA
translation	RPL10A
translation	RPL10L
translation	RPL11
translation	RPL12
translation	RPL13A
translation	RPL14
translation	RPL15
translation	RPL18
translation	RPL18A
translation	RPL19
translation	RPL21
translation	RPL22
translation	RPL22L1
translation	RPL23
translation	RPL23A
translation	RPL26
translation	RPL26L1
translation	RPL27
translation	RPL27A
translation	RPL28
translation	RPL29
translation	RPL3
translation	RPL30
translation	RPL31
translation	RPL32
translation	RPL34
translation	RPL35
translation	RPL35A
translation	RPL36
translation	RPL36A
translation	RPL36AL
translation	RPL37
translation	RPL37A
translation	RPL38
translation	RPL39
translation	RPL39L
translation	RPL3L
translation	RPL4
translation	RPL41
translation	RPL5
translation	RPL6
translation	RPL7
translation	RPL7A
translation	RPL8
translation	RPL9
translation	RPLP0
translation	RPLP1
translation	RPLP2
translation	RPN1
translation	RPN2
translation	RPP14
translation	RPP21
translation	RPP25
translation	RPP30
translation	RPP38
translation	RPP40
translation	RPS10
translation	RPS11
translation	RPS12
translation	RPS13
translation	RPS14
translation	RPS15
translation	RPS15A
translation	RPS16
translation	RPS17
translation	RPS19
translation	RPS2
translation	RPS20
translation	RPS21
translation	RPS23
translation	RPS24
translation	RPS25
translation	RPS27
translation	RPS27A
translation	RPS27L
translation	RPS28
translation	RPS29
translation	RPS3
translation	RPS3A
translation	RPS4X
translation	RPS4Y1
translation	RPS4Y2
translation	RPS5
translation	RPS6
translation	RPS7
translation	RPS8
translation	RPS9
translation	RPSA
translation	RRAGA
translation	RRP1B
translation	RRP36
translation	RRP7A
translation	RRP9
translation	RSL24D1
translation	RTCB
translation	RTF1
translation	RTN4RL1
translation	RTN4RL2
translation	RTRAF
translation	RUNX1
translation	RUVBL1
translation	RWDD3
translation	RXRA
translation	SAE1
translation	SAFB
translation	SAR1B
translation	SARS1
translation	SARS2
translation	SATB1
translation	SATB2
translation	SBSPON
translation	SCFD1
translation	SCG2
translation	SCG3
translation	SCMH1
translation	SDC2
translation	SEC11A
translation	SEC11C
translation	SEC13
translation	SEC16A
translation	SEC16B
translation	SEC22A
translation	SEC22B
translation	SEC22C
translation	SEC23A
translation	SEC23IP
translation	SEC24A
translation	SEC24B
translation	SEC24C
translation	SEC24D
translation	SEC31A
translation	SEC61A1
translation	SEC61A2
translation	SEC61B
translation	SEC61G
translation	SEH1L
translation	SEL1L
translation	SELENOS
translation	SEM1
translation	SEMA5A
translation	SEMA5B
translation	SENP1
translation	SENP2
translation	SENP3
translation	SENP5
translation	SENP8
translation	SERPINA1
translation	SERPINA10
translation	SERPINC1
translation	SERPIND1
translation	SGPP2
translation	SHISA5
translation	SHPRH
translation	SIAH2
translation	SIN3A
translation	SIRT6
translation	SKIC8
translation	SKP1
translation	SKP2
translation	SLC17A5
translation	SLC35A1
translation	SLC35C1
translation	SLPI
translation	SMAD1
translation	SMAD2
translation	SMAD3
translation	SMAD4
translation	SMAD7
translation	SMC1A
translation	SMC3
translation	SMC5
translation	SMC6
translation	SMN1
translation	SMURF2
translation	SNRPB
translation	SNRPD2
translation	SNRPD3
translation	SNRPE
translation	SNRPF
translation	SNRPG
translation	SNU13
translation	SNW1
translation	SNX3
translation	SOCS2
translation	SOCS3
translation	SOCS5
translation	SOCS6
translation	SP100
translation	SP3
translation	SPACA4
translation	SPARCL1
translation	SPCS1
translation	SPCS2
translation	SPCS3
translation	SPON1
translation	SPON2
translation	SPPL2A
translation	SPRN
translation	SPSB1
translation	SPSB2
translation	SPSB3
translation	SPSB4
translation	SPTA1
translation	SPTAN1
translation	SPTB
translation	SPTBN1
translation	SPTBN2
translation	SPTBN4
translation	SPTBN5
translation	SQSTM1
translation	SRD5A3
translation	SRP14
translation	SRP19
translation	SRP54
translation	SRP68
translation	SRP72
translation	SRPRA
translation	SRPRB
translation	SSR1
translation	SSR2
translation	SSR3
translation	SSR4
translation	ST3GAL1
translation	ST3GAL2
translation	ST3GAL3
translation	ST3GAL4
translation	ST3GAL5
translation	ST3GAL6
translation	ST6GAL1
translation	ST6GAL2
translation	ST6GALNAC1
translation	ST6GALNAC2
translation	ST6GALNAC3
translation	ST6GALNAC4
translation	ST6GALNAC5
translation	ST6GALNAC6
translation	ST8SIA1
translation	ST8SIA2
translation	ST8SIA3
translation	ST8SIA4
translation	ST8SIA5
translation	ST8SIA6
translation	STAG2
translation	STAM
translation	STAM2
translation	STAMBP
translation	STAMBPL1
translation	STC2
translation	STS
translation	STT3A
translation	STX17
translation	STX5
translation	SUDS3
translation	SUMF1
translation	SUMF2
translation	SUMO1
translation	SUMO2
translation	SUZ12
translation	SVBP
translation	SYVN1
translation	TAB1
translation	TADA2B
translation	TADA3
translation	TAF10
translation	TAF9B
translation	TANK
translation	TARS1
translation	TARS2
translation	TBC1D20
translation	TBL3
translation	TDG
translation	TECTA
translation	TECTB
translation	TEX10
translation	TEX101
translation	TF
translation	TFAP2A
translation	TFAP2B
translation	TFAP2C
translation	TFB1M
translation	TFDP1
translation	TFDP2
translation	TFG
translation	TFPT
translation	TGFA
translation	TGFB1
translation	TGFBR1
translation	TGFBR2
translation	TGOLN2
translation	THADA
translation	THBS1
translation	THBS2
translation	THG1L
translation	THRA
translation	THRB
translation	THSD1
translation	THSD4
translation	THSD7A
translation	THSD7B
translation	THUMPD1
translation	THY1
translation	TIMP1
translation	TMED2
translation	TMED3
translation	TMED7
translation	TMED9
translation	TMEM115
translation	TMEM129
translation	TMEM132A
translation	TNFAIP3
translation	TNIP1
translation	TNIP2
translation	TNIP3
translation	TNKS
translation	TNKS2
translation	TNNI3
translation	TNRC6A
translation	TNRC6B
translation	TNRC6C
translation	TOMM20
translation	TOMM70
translation	TOP1
translation	TOP2A
translation	TOP2B
translation	TOPORS
translation	TP53
translation	TP53BP1
translation	TP53RK
translation	TPGS1
translation	TPGS2
translation	TPR
translation	TPST1
translation	TPST2
translation	TRAF3
translation	TRAF6
translation	TRAM1
translation	TRAPPC1
translation	TRAPPC10
translation	TRAPPC2
translation	TRAPPC2L
translation	TRAPPC3
translation	TRAPPC4
translation	TRAPPC5
translation	TRAPPC6A
translation	TRAPPC6B
translation	TRAPPC9
translation	TRDMT1
translation	TRIM13
translation	TRIM25
translation	TRIM26
translation	TRIM27
translation	TRIM28
translation	TRIM4
translation	TRIT1
translation	TRMT10A
translation	TRMT10C
translation	TRMT11
translation	TRMT112
translation	TRMT12
translation	TRMT13
translation	TRMT44
translation	TRMT5
translation	TRMT6
translation	TRMT61A
translation	TRMT61B
translation	TRMT9B
translation	TRMU
translation	TRNT1
translation	TRRAP
translation	TSEN15
translation	TSEN2
translation	TSEN34
translation	TSEN54
translation	TSFM
translation	TSR1
translation	TSR3
translation	TTF2
translation	TTL
translation	TTLL1
translation	TTLL10
translation	TTLL11
translation	TTLL12
translation	TTLL13
translation	TTLL2
translation	TTLL3
translation	TTLL4
translation	TTLL6
translation	TTLL7
translation	TTLL8
translation	TTLL9
translation	TUBA1A
translation	TUBA1B
translation	TUBA1C
translation	TUBA3C
translation	TUBA3D
translation	TUBA3E
translation	TUBB
translation	TUBB2A
translation	TUBB2B
translation	TUBB3
translation	TUBB4A
translation	TUBB4B
translation	TUBB6
translation	TUBB8
translation	TUBB8B
translation	TUFM
translation	TULP4
translation	TUSC3
translation	TYW1
translation	TYW3
translation	TYW5
translation	UAP1
translation	UBA1
translation	UBA2
translation	UBA3
translation	UBA52
translation	UBA6
translation	UBB
translation	UBC
translation	UBD
translation	UBE2A
translation	UBE2B
translation	UBE2C
translation	UBE2D1
translation	UBE2D2
translation	UBE2D3
translation	UBE2E1
translation	UBE2E3
translation	UBE2F
translation	UBE2G1
translation	UBE2G2
translation	UBE2H
translation	UBE2I
translation	UBE2J2
translation	UBE2K
translation	UBE2L3
translation	UBE2M
translation	UBE2N
translation	UBE2Q2
translation	UBE2R2
translation	UBE2S
translation	UBE2T
translation	UBE2V2
translation	UBE2W
translation	UBE2Z
translation	UBXN1
translation	UBXN7
translation	UCHL1
translation	UCHL3
translation	UCHL5
translation	UFD1
translation	UGGT1
translation	UGGT2
translation	UHRF2
translation	UIMC1
translation	ULBP2
translation	UMOD
translation	URM1
translation	USO1
translation	USP11
translation	USP12
translation	USP13
translation	USP14
translation	USP15
translation	USP17L1
translation	USP17L10
translation	USP17L11
translation	USP17L12
translation	USP17L13
translation	USP17L15
translation	USP17L17
translation	USP17L18
translation	USP17L19
translation	USP17L2
translation	USP17L20
translation	USP17L21
translation	USP17L22
translation	USP17L24
translation	USP17L3
translation	USP17L4
translation	USP17L5
translation	USP17L8
translation	USP18
translation	USP19
translation	USP2
translation	USP20
translation	USP22
translation	USP24
translation	USP25
translation	USP26
translation	USP28
translation	USP3
translation	USP30
translation	USP32
translation	USP33
translation	USP34
translation	USP37
translation	USP4
translation	USP42
translation	USP44
translation	USP47
translation	USP48
translation	USP49
translation	USP5
translation	USP7
translation	USP8
translation	USP9X
translation	UTP11
translation	UTP14A
translation	UTP14C
translation	UTP15
translation	UTP18
translation	UTP20
translation	UTP25
translation	UTP3
translation	UTP4
translation	UTP6
translation	UVRAG
translation	VAPA
translation	VARS1
translation	VARS2
translation	VASH1
translation	VASH2
translation	VCAN
translation	VCP
translation	VCPIP1
translation	VCPKMT
translation	VDAC1
translation	VDAC2
translation	VDR
translation	VGF
translation	VHL
translation	VNN1
translation	VNN2
translation	VWA1
translation	WAC
translation	WARS1
translation	WARS2
translation	WDR12
translation	WDR18
translation	WDR20
translation	WDR3
translation	WDR36
translation	WDR4
translation	WDR43
translation	WDR46
translation	WDR48
translation	WDR5
translation	WDR75
translation	WDTC1
translation	WFS1
translation	WRN
translation	WSB1
translation	WSB2
translation	XK
translation	XPC
translation	XPNPEP2
translation	XPOT
translation	XRCC4
translation	XRN2
translation	YARS1
translation	YARS2
translation	YKT6
translation	YOD1
translation	YY1
translation	ZBED1
translation	ZBTB16
translation	ZBTB8OS
translation	ZNF131
translation	ZNF350
translation	ZRANB1
