patient	purity
C3L-00017	0.312148246306568
C3L-00102	0.150574994629265
C3L-00189	0.0832294110057763
C3L-00277	0.458659171984887
C3L-00401	0.091309880486437
C3L-00589	0.308207784512167
C3L-00598	0.413904263261965
C3L-00599	0.212675493392606
C3L-00622	0.2131615496636
C3L-00625	0.303937565206775
C3L-00640	0.204108821609475
C3L-00819	0.262587404952142
C3L-00881	0.102289100672159
C3L-00928	0.193551788920235
C3L-01031	0.489231313564311
C3L-01036	0.271835149674676
C3L-01037	0.244797937138626
C3L-01052	0.0355081108241764
C3L-01053	0.0376679864232238
C3L-01054	0.0998934070023788
C3L-01328	0.327912845922465
C3L-01453	0.214826452175215
C3L-01598	0.182318719290731
C3L-01637	0.240862340928699
C3L-01662	0.109856594109816
C3L-01687	0.245324926452416
C3L-01689	0.352999478120612
C3L-01703	0.138888591763506
C3L-01971	0.235084684757499
C3L-02109	0.273068615187277
C3L-02112	0.0733926549573686
C3L-02115	0.0847947255167442
C3L-02116	0.22430975812376
C3L-02118	0.269928323459663
C3L-02463	0.397581057748497
C3L-02604	0.546668927131366
C3L-02606	0.255806586863093
C3L-02613	0.600327996656825
C3L-02701	0.246079656330342
C3L-02809	0.435744257507861
C3L-02890	0.186389319109203
C3L-03123	0.23244603305644
C3L-03356	0.18812333269202
C3L-03388	0.280108310520697
C3L-03395	0.139344125252012
C3L-03628	0.170396142466573
C3L-03630	0.305267614397409
C3L-03632	0.125853525403786
C3L-03635	0.297992975537642
C3L-03743	0.288989753634181
C3L-04072	0.429094861208598
C3L-04080	0.282271142506609
C3L-04475	0.20362591889196
C3L-04479	0.248315368760738
C3L-04495	0.122916313469724
C3L-04848	0.241418105955947
C3L-04853	0.254304435662623
C3N-00198	0.184156103570369
C3N-00249	0.424312616485485
C3N-00302	0.381423681873467
C3N-00303	0.104452980282177
C3N-00436	0.183231474315271
C3N-00511	0.426580302421832
C3N-00512	0.0770254088277837
C3N-00513	0.0558068155544438
C3N-00514	0.146784487885525
C3N-00516	0.343652904319987
C3N-00517	0.00839388335940727
C3N-00518	0.110617393311042
C3N-00957	0.156358633186155
C3N-01011	0.0824805612094622
C3N-01012	0.177265232013704
C3N-01165	0.197275166095303
C3N-01166	0.100250427135216
C3N-01167	0.385472947076497
C3N-01168	0.115086829950092
C3N-01375	0.235882052988361
C3N-01381	0.108907959575081
C3N-01382	0.064752158111169
C3N-01383	0.172247523655676
C3N-01388	0.131293901013348
C3N-01714	0.179883897905002
C3N-01715	0.272348051789913
C3N-01716	0.356157837334785
C3N-01997	0.148653244822212
C3N-01998	0.170095630614643
C3N-02295	0.0215679762491736
C3N-02592	0.197115413957281
C3N-02944	0.181134092720502
C3N-03006	0.210627071869154
C3N-03007	0.223777116287512
C3N-03061	0.286043536697689
C3N-03086	0.310581102766145
C3N-03173	0.200349287219677
C3N-03440	0.126065383704826
C3N-03666	0.337330538534655
C3N-03670	0.0878757556127252
C3N-03754	0.288068820750692
C3N-04126	0.3023148692875
C3N-04284	0.147366665095944
