case	strategy	file_id	file_name	size	md5	access	sample_code	portion	slide_label	sample_type_gdc	tumour
TCGA-A2-A0CM	Diagnostic Slide	7b58dd53-0764-466d-ba8a-630f5401dd65	TCGA-A2-A0CM-01Z-00-DX1.AC4901DE-4B6D-4185-BB9F-156033839828.svs	931808591	45d8581dedb1cf678560863f36030555	open	01Z	00	DX1	Primary Tumor	True
TCGA-A2-A0CM	Tissue Slide	92d230e0-7f1b-4eda-bc54-ea045d23bc56	TCGA-A2-A0CM-01A-03-BSC.c240a44d-0583-496e-bdef-5cdb5e0ee167.svs	207731433	93aaf6d5e8a7783ac43b6254b55b13cd	open	01A	03	BSC	Primary Tumor	True
TCGA-A2-A0CM	Tissue Slide	a6213fc8-9147-4e83-ba76-42979b01b494	TCGA-A2-A0CM-01A-03-TSC.7f2cc1ed-793e-4717-92fd-da1aa4424aed.svs	211907977	782d8238b7ec8f574fff300e64673df7	open	01A	03	TSC	Primary Tumor	True
TCGA-A2-A0D0	Diagnostic Slide	cd0b848f-b611-40ef-b643-987689b928fb	TCGA-A2-A0D0-01Z-00-DX1.4FF6B8E5-703B-400F-920A-104F56E0F874.svs	1149281117	47d4901cb066ebba678b20c70c0de1f3	open	01Z	00	DX1	Primary Tumor	True
TCGA-A2-A0D0	Tissue Slide	4da32130-0cd1-469e-be6d-d01aa81be72e	TCGA-A2-A0D0-01A-01-BSA.de3699b8-cd5b-4bac-af17-b63d447c55e7.svs	373612601	ea41b81ec6999db28253760d4297ffcd	open	01A	01	BSA	Primary Tumor	True
TCGA-A2-A0D0	Tissue Slide	faa9b41a-ff6b-4c22-83c2-0845694a07d2	TCGA-A2-A0D0-01A-01-TSA.231084a7-765a-481e-9e40-2c9b131b38ea.svs	304989867	0b45826018264daab9ab8a9f40c41867	open	01A	01	TSA	Primary Tumor	True
TCGA-A2-A0EQ	Diagnostic Slide	a74100ae-ace3-40e1-9aa4-69c6c848e41c	TCGA-A2-A0EQ-01Z-00-DX1.5FCD8890-4594-4BE2-93B1-B8F698BFD2A0.svs	1275159493	2e9f526650fdbab555823c5ec3d35906	open	01Z	00	DX1	Primary Tumor	True
TCGA-A2-A0EQ	Tissue Slide	a726c47a-d079-4a8b-bc97-ce2f554544a6	TCGA-A2-A0EQ-01A-01-BSA.fa7a323e-2939-4941-a56f-3b7352b16050.svs	433425625	910aec40fccee1c82754a10763aa20de	open	01A	01	BSA	Primary Tumor	True
TCGA-A2-A0EQ	Tissue Slide	c91cfb60-f89d-4c63-8757-9bc367bad880	TCGA-A2-A0EQ-01A-01-TSA.c64d0ac8-9849-47c7-86e1-2e2037b02422.svs	434227985	79376a4cb5ff2e24f611a5343d0b0d89	open	01A	01	TSA	Primary Tumor	True
TCGA-A2-A0EV	Diagnostic Slide	db327a0a-0a3b-49f0-8b15-f17a04c041ec	TCGA-A2-A0EV-01Z-00-DX1.EA8C5594-BA4F-47A8-949B-D536E00E62C9.svs	1848347715	b1373ab69ead60c47cd7a0d2bee5a5a8	open	01Z	00	DX1	Primary Tumor	True
TCGA-A2-A0EV	Tissue Slide	2e3868f3-96d8-453b-b8db-9de8de494960	TCGA-A2-A0EV-01A-01-BSA.895f4272-acc0-48e5-8c91-58209e6aa849.svs	297708621	8596c5046308d1cd56f36745b712805b	open	01A	01	BSA	Primary Tumor	True
TCGA-A2-A0EV	Tissue Slide	1bfbaec2-ede7-4d01-80a0-8684ad46a3bf	TCGA-A2-A0EV-01A-01-TSA.49658afd-55bd-4adb-a3c2-06a4e633efc5.svs	255154101	64a27983ecb10d6b069c8ad027ca8d97	open	01A	01	TSA	Primary Tumor	True
TCGA-A2-A0EX	Diagnostic Slide	f15fa016-f47e-4fa7-8f00-920b2111b43c	TCGA-A2-A0EX-01Z-00-DX1.F4C293E9-9BB2-48A1-8080-5F3082E219C5.svs	814804027	3d4c45184540c96fb5bfa70103e3e877	open	01Z	00	DX1	Primary Tumor	True
TCGA-A2-A0EX	Tissue Slide	cb58d436-d4d7-4a05-a12f-5536b90c9efb	TCGA-A2-A0EX-01A-02-MSB.8a884510-c00e-442d-bf13-1eb36f4ee10b.svs	271950909	604146544bb16a3e4979fe5cf31186aa	open	01A	02	MSB	Primary Tumor	True
TCGA-A2-A0EX	Tissue Slide	d2b83c2f-9bff-4f08-9665-9c0298d87ab8	TCGA-A2-A0EX-01A-02-TSB.8880934b-a491-492b-b6bc-32b50276ba99.svs	206230081	eb4a80d17f8b6113997d1f6df7b70bd1	open	01A	02	TSB	Primary Tumor	True
TCGA-A2-A0EY	Diagnostic Slide	8f936d42-6deb-43a5-995b-4af18e6a2462	TCGA-A2-A0EY-01Z-00-DX1.2F2428B3-0767-48E0-AC22-443C244CBD16.svs	1979264021	196e6ff1d834c82e70305d672af43673	open	01Z	00	DX1	Primary Tumor	True
TCGA-A2-A0EY	Tissue Slide	4f2e5418-3832-48fc-a321-ca94d7d3aa9e	TCGA-A2-A0EY-01A-01-BSA.dbf1ad9c-0529-4b08-90fc-5b1d7da797aa.svs	288663715	59b00999188c34658e47711efdb39eeb	open	01A	01	BSA	Primary Tumor	True
TCGA-A2-A0EY	Tissue Slide	e5129752-96e7-4081-91de-8786afd6d9aa	TCGA-A2-A0EY-01A-01-TSA.b3cf2e58-b037-4496-b85e-6fefe2d42e01.svs	152561547	58ea70792ffdf70c55fee461c5a87734	open	01A	01	TSA	Primary Tumor	True
TCGA-A2-A0SW	Diagnostic Slide	7948d948-e56b-4f79-a718-abbf8e6a3fd1	TCGA-A2-A0SW-01Z-00-DX1.E1EA0407-B831-4D75-826E-80B82B821797.svs	1180528309	30037b0f1b9e88b8874711731df97605	open	01Z	00	DX1	Primary Tumor	True
TCGA-A2-A0SW	Tissue Slide	d9c17842-2253-4b59-a0bd-57e9820048d5	TCGA-A2-A0SW-01A-01-BSA.7a710f66-502f-43fa-94eb-742243cf2aff.svs	200214655	65bf8a6bd1e142c6728f509dbc0b8187	open	01A	01	BSA	Primary Tumor	True
TCGA-A2-A0SW	Tissue Slide	0dcef293-411f-45a4-8aac-2a4934d25565	TCGA-A2-A0SW-01A-01-TSA.dff06b29-6dfc-4d17-8b78-0ef50f9aa985.svs	240522975	806017d7a88c240fd3a4b6a5dcabac8c	open	01A	01	TSA	Primary Tumor	True
TCGA-A2-A0SX	Diagnostic Slide	64093c9e-aebe-4367-adbb-3ea85e3234c9	TCGA-A2-A0SX-01Z-00-DX1.219A994C-8974-4458-98FA-FB1F14868E04.svs	1315819883	ba27c8f0c392bb069ef3ffe9b609fd39	open	01Z	00	DX1	Primary Tumor	True
TCGA-A2-A0SX	Tissue Slide	343ecd41-8a75-4f06-abbe-f1cf262e1e80	TCGA-A2-A0SX-01A-01-BSA.7c3c820b-1ddc-4a92-a59d-7ac2df9a7313.svs	306058819	2a6047541efa2a552ee78fc704bbeac5	open	01A	01	BSA	Primary Tumor	True
TCGA-A2-A0SX	Tissue Slide	12d4bce6-d040-433d-8f21-08d0567227d5	TCGA-A2-A0SX-01A-01-TSA.3830b6f0-c05a-4d09-a1bc-c7018bc5e458.svs	546177279	f25288f280fe1bc29fc2be0cbb8a74fa	open	01A	01	TSA	Primary Tumor	True
TCGA-A2-A0T1	Diagnostic Slide	2d82f850-0edd-4737-99c1-1060d0f51340	TCGA-A2-A0T1-01Z-00-DX1.CD1E9C46-18A3-466B-AA0B-24F3055FA851.svs	1084575909	025a14c19abb060da3f6846643999f0e	open	01Z	00	DX1	Primary Tumor	True
TCGA-A2-A0T1	Tissue Slide	f2f63959-ff1b-4bec-88f8-fbe591c1176c	TCGA-A2-A0T1-01A-02-BSB.3bba2447-a52a-4ed3-88b5-c91124ecbcac.svs	227390391	e283c124fbd483b72588d2980b81212c	open	01A	02	BSB	Primary Tumor	True
TCGA-A2-A0T1	Tissue Slide	1b57be69-8f5d-4092-8f24-eb3ab487852c	TCGA-A2-A0T1-01A-02-TSB.63e971bf-39ec-41c9-986e-a1937437dea8.svs	157589035	5a3db9875170c04ca24ec39614c3b72e	open	01A	02	TSB	Primary Tumor	True
TCGA-A2-A0T2	Diagnostic Slide	33edbe63-b23a-4a41-b47a-629d132e3a14	TCGA-A2-A0T2-01Z-00-DX1.29A5C4C8-6AE8-44EE-98C2-ACBCBFBE9D60.svs	1989570599	0c657383e9a62ac7345fe18462a68c62	open	01Z	00	DX1	Primary Tumor	True
TCGA-A2-A0T2	Tissue Slide	40dcb3e6-1a31-44e9-8f8c-7f3a8639c7e3	TCGA-A2-A0T2-01A-01-BSA.3613219b-687b-419f-ac8f-33b668b72446.svs	185983223	7f0b1476ea80bf0f119e9d7da8c95932	open	01A	01	BSA	Primary Tumor	True
TCGA-A2-A0T2	Tissue Slide	8ff3cd70-d5e3-4885-b714-ef37dbe92c59	TCGA-A2-A0T2-01A-01-TSA.8595967b-5bf7-447f-9310-10b53a1c1dfa.svs	232137833	1a8887d84455b5334dfb9901d730906b	open	01A	01	TSA	Primary Tumor	True
TCGA-A2-A0T3	Diagnostic Slide	1cf448aa-3977-4cc1-ac5c-464acd533227	TCGA-A2-A0T3-01Z-00-DX1.5E96BC87-F4FB-4ABA-8D81-FAB7F4A80661.svs	729475689	0a10577a4f8580bb7864764816d2a8ff	open	01Z	00	DX1	Primary Tumor	True
TCGA-A2-A0T3	Tissue Slide	23bcc260-ef87-42b0-a579-e14d68471094	TCGA-A2-A0T3-01A-02-BSB.19f759a7-4b0f-43f3-b1ac-bce827f93fc6.svs	329251215	da5a075978eda3b539a9c2a517948f7b	open	01A	02	BSB	Primary Tumor	True
TCGA-A2-A0T3	Tissue Slide	35700bf4-e8db-4489-be60-a47166ac5f36	TCGA-A2-A0T3-01A-02-TSB.5833680c-4d57-4657-acd7-879e52cfd8c4.svs	436750257	e5cb274055293a3f1e27956ee4db7ea3	open	01A	02	TSB	Primary Tumor	True
TCGA-A2-A0T6	Diagnostic Slide	50f9d66e-152a-4ae6-8e8a-7c6be4ca34bd	TCGA-A2-A0T6-01Z-00-DX1.207A3883-5B41-40EB-95A1-D64C9610650B.svs	1406598329	1dd503e2902eb0e7f3384d639e1e0109	open	01Z	00	DX1	Primary Tumor	True
TCGA-A2-A0T6	Tissue Slide	2c7983c8-296c-43f7-a629-36a175b1a061	TCGA-A2-A0T6-01A-01-BSA.b82fe5ae-dafc-45d6-9410-b6ef20725739.svs	179672243	2ab5dea1fc5d3d346bc7c6181ffd11a2	open	01A	01	BSA	Primary Tumor	True
TCGA-A2-A0T6	Tissue Slide	6f4cfbbe-7c9e-463e-b2d7-1e1bd7250d06	TCGA-A2-A0T6-01A-01-TSA.a91e20c4-e88b-4f25-a691-1ed38fbca876.svs	253426265	ec215bbb18679939491a4e2326c7778d	open	01A	01	TSA	Primary Tumor	True
TCGA-A2-A0T7	Diagnostic Slide	b0ad06bf-f7fc-4b29-9620-c84ee1ece625	TCGA-A2-A0T7-01Z-00-DX1.EA4DF9B5-8D04-4BCC-9ECB-CB8CB8ACBE1C.svs	1054121393	cca8b9f626fd9d515a8ed27bc98bc49e	open	01Z	00	DX1	Primary Tumor	True
TCGA-A2-A0T7	Tissue Slide	9eb0a343-4794-4114-a42c-f0992f9c038a	TCGA-A2-A0T7-01A-02-BSB.8f69b301-dcf9-4a7f-a504-187f9a11252a.svs	392667611	9baefc4db431efb8e213a044083967cf	open	01A	02	BSB	Primary Tumor	True
TCGA-A2-A0T7	Tissue Slide	55611ad6-09d0-4097-8563-696bb40df71a	TCGA-A2-A0T7-01A-02-TSB.d37d2184-6f53-4c98-88fd-aa854fd50700.svs	302298967	8f609741392ac75424be3e96d4dcf4b4	open	01A	02	TSB	Primary Tumor	True
TCGA-A2-A0YC	Diagnostic Slide	192328b1-0dd2-4f6a-86bf-90a155382e03	TCGA-A2-A0YC-01Z-00-DX1.F01F2268-17D8-45FD-8917-FD89454D0709.svs	1229519279	a6ed18f58d4f90055420469b3b041798	open	01Z	00	DX1	Primary Tumor	True
TCGA-A2-A0YC	Tissue Slide	6e43d6bd-a735-4183-b05c-c913ff37c6a5	TCGA-A2-A0YC-01A-01-MSA.05ee8628-8199-466f-9e26-012186642f25.svs	188343505	2aafaafdc969c031a05beb553a129d37	open	01A	01	MSA	Primary Tumor	True
TCGA-A2-A0YC	Tissue Slide	c53c8ae2-3521-4ba0-bb36-84e55d1242c6	TCGA-A2-A0YC-01A-01-TSA.dfb0f795-b54a-44fd-8ddd-105ac7c51d35.svs	234758157	4a3188f9fb3ebd43eed357d5b8158522	open	01A	01	TSA	Primary Tumor	True
TCGA-A2-A0YD	Diagnostic Slide	bf2dbebb-99fb-4f7e-8da1-2e894a7d27b5	TCGA-A2-A0YD-01Z-00-DX1.B81FF541-F154-4C49-950B-B6CB723369E2.svs	1811438789	0139310b38843a559a0b9c70b27de949	open	01Z	00	DX1	Primary Tumor	True
TCGA-A2-A0YD	Tissue Slide	81d3d5a5-8350-4ba0-ae35-275f6b20db40	TCGA-A2-A0YD-01A-01-BSA.dbbc3956-3306-4e98-904d-15ed9c0ff148.svs	268607337	9d963941890b6d34a2d4df06ef69ba0b	open	01A	01	BSA	Primary Tumor	True
TCGA-A2-A0YD	Tissue Slide	9d3f7b01-320f-4691-bf09-5474954fa89e	TCGA-A2-A0YD-01A-01-TSA.7cbd1fbb-d5dd-4bc1-94fc-acff71e2b6c9.svs	201622289	5aaf7eb69b33eccba1fa5c34a011172f	open	01A	01	TSA	Primary Tumor	True
TCGA-A2-A0YF	Diagnostic Slide	ea0ddd49-2f89-4044-a12e-c7e51b172a74	TCGA-A2-A0YF-01Z-00-DX1.6166E995-0669-43D6-B9C7-FE39BCE529CF.svs	1310284033	8dcbfc943955f8de2a61d2567d4e9e56	open	01Z	00	DX1	Primary Tumor	True
TCGA-A2-A0YF	Tissue Slide	dc07cb24-8579-4903-9239-60af9352d7fd	TCGA-A2-A0YF-01A-02-MSB.2e4e34a9-4701-4b96-b3d6-22d46c792fa9.svs	316154573	e845b4af05f4f65ebcad984600e71280	open	01A	02	MSB	Primary Tumor	True
TCGA-A2-A0YF	Tissue Slide	34b3653f-d09b-4667-b74c-0a10e5ddddd5	TCGA-A2-A0YF-01A-02-TSB.65b05e09-46e2-47f8-8ef6-ccc5914752c5.svs	273505543	aa7fce247542624be89321da38928214	open	01A	02	TSB	Primary Tumor	True
TCGA-A2-A0YG	Diagnostic Slide	9da4ab4c-2fa3-4eae-9225-72827c77346d	TCGA-A2-A0YG-01Z-00-DX1.89A39319-F880-47DE-B311-DA1F6A64B6F3.svs	772736769	27bdde0ea7b7cfd8e29072d3540ce1f8	open	01Z	00	DX1	Primary Tumor	True
TCGA-A2-A0YG	Tissue Slide	523ec379-91a2-4c7b-987c-fa4f82600c0e	TCGA-A2-A0YG-01A-02-BSB.23b5c2d3-91a2-4091-bd43-04210baa9941.svs	309214829	134433e6501493d4c0daff0bb1c8aae9	open	01A	02	BSB	Primary Tumor	True
TCGA-A2-A0YG	Tissue Slide	58c02475-883e-4d70-9a25-fbe992831cc6	TCGA-A2-A0YG-01A-02-TSB.8bd4f37a-7944-4379-910c-621a80229783.svs	265722831	599aecd29d8cc71b9c85a0738c131786	open	01A	02	TSB	Primary Tumor	True
TCGA-A2-A0YI	Diagnostic Slide	f02fb22a-c567-467a-a7e2-b9209e3a55b3	TCGA-A2-A0YI-01Z-00-DX1.1CF2EC2D-C722-467F-8832-409B823E8D8F.svs	956053037	ffd88787e8cda6e0ebbaa75264ee1dd9	open	01Z	00	DX1	Primary Tumor	True
TCGA-A2-A0YI	Tissue Slide	a27b2c2e-b1ce-42eb-a596-d7939ce6907f	TCGA-A2-A0YI-01A-03-BSC.29006cd1-80d6-4b68-a760-ba91a34b9942.svs	210515939	c70d61b29327fd1662ed8546c979274f	open	01A	03	BSC	Primary Tumor	True
TCGA-A2-A0YI	Tissue Slide	759248c5-b09a-4e83-a054-421de2c88c5e	TCGA-A2-A0YI-01A-03-TSC.315f5bb4-4ef4-471e-b5b4-ae73a6038c20.svs	195884569	4e758aced53d6ef705e41d8658237699	open	01A	03	TSC	Primary Tumor	True
TCGA-A2-A0YL	Diagnostic Slide	4a540eea-71ba-4d89-9a93-719abb685469	TCGA-A2-A0YL-01Z-00-DX1.69A438C7-B1E0-4990-B1E6-586C551DC79C.svs	848828043	3325925eb7961980a2d2996ff9e90393	open	01Z	00	DX1	Primary Tumor	True
TCGA-A2-A0YL	Tissue Slide	74946037-f041-4b75-b076-acb53ba6625d	TCGA-A2-A0YL-01A-02-BSB.b9a27669-4484-41f2-ae55-85eeb3792e60.svs	221833253	27c5c7c7cf0f85d645dcaba1a850f477	open	01A	02	BSB	Primary Tumor	True
TCGA-A2-A0YL	Tissue Slide	ad3e904b-1dc2-4fd3-94c6-7bc5735e9d1a	TCGA-A2-A0YL-01A-02-TSB.12b73a8a-ac2d-4cd5-b8c2-de8fd1357dea.svs	145194659	6e74e9109c51eb23d5071496e98ec125	open	01A	02	TSB	Primary Tumor	True
TCGA-A2-A0YM	Diagnostic Slide	52f4cb6c-d5b2-4e12-b664-22e85c4ad780	TCGA-A2-A0YM-01Z-00-DX1.A48B4C96-2CC5-464C-98B7-F0F92AE56533.svs	863053399	ca61de0f9c1b3c6d5eaab29efd698abf	open	01Z	00	DX1	Primary Tumor	True
TCGA-A2-A0YM	Tissue Slide	684fa229-e326-4d66-8c77-26cb388f1c89	TCGA-A2-A0YM-01A-01-BSA.26fc4cb8-24ef-494a-9334-db3a9099199f.svs	125399035	91fb690305eea15c3ae1c52d738434d8	open	01A	01	BSA	Primary Tumor	True
TCGA-A2-A0YM	Tissue Slide	90417228-099c-4911-b2da-858f3b7507f7	TCGA-A2-A0YM-01A-01-TSA.af2a6b3d-dbf4-4323-aebe-d8b95053fff3.svs	223088537	4eda23e46323a7dd85a804ec4b0f877e	open	01A	01	TSA	Primary Tumor	True
TCGA-A7-A0CD	Diagnostic Slide	554855d7-4e21-406b-8f9f-458b1e7c89c9	TCGA-A7-A0CD-01Z-00-DX1.F045B9C8-049C-41BF-8432-EF89F236D34D.svs	280966835	d148f6d71ac283e653c29ee7e77b2f23	open	01Z	00	DX1	Primary Tumor	True
TCGA-A7-A0CD	Diagnostic Slide	1c4ec716-8a06-4bf9-b113-4bd0c8134c3f	TCGA-A7-A0CD-01Z-00-DX2.609CED8D-5947-4753-A75B-73A8343B47EC.svs	244932307	f6f80b0b971026885e04bfff3d0c9dbb	open	01Z	00	DX2	Primary Tumor	True
TCGA-A7-A0CD	Tissue Slide	64ed8ea4-00a2-4059-a2a0-897f144a6975	TCGA-A7-A0CD-01A-01-BSA.a48267de-7bf0-409f-a8b5-9712f2e06a90.svs	406658563	6152c89c2813c2667c96c9fa1b47ecd9	open	01A	01	BSA	Primary Tumor	True
TCGA-A7-A0CD	Tissue Slide	8ebbed71-0703-491c-8169-ff5505fef9f6	TCGA-A7-A0CD-01A-01-TSA.8966c3d7-c0d2-47a4-badf-df9412a1e5f0.svs	710444381	7214229bc9df44d273e181029e0ea162	open	01A	01	TSA	Primary Tumor	True
TCGA-A7-A0CE	Diagnostic Slide	2febbec8-5f9c-4a04-91b5-1b8baaf9c9a1	TCGA-A7-A0CE-01Z-00-DX1.E67322FB-ED25-4B85-B3B0-2B8BD277BB4A.svs	1218026009	2e9ee1176abc78549a322d1a87a64378	open	01Z	00	DX1	Primary Tumor	True
TCGA-A7-A0CE	Diagnostic Slide	ce2b8842-4ddf-4415-9c7d-f211328c3d71	TCGA-A7-A0CE-01Z-00-DX2.5AD1DB65-10E7-4996-AB5E-13D7851EC5FA.svs	773402563	240b344e41e4ba96bb0ee3b011b50c14	open	01Z	00	DX2	Primary Tumor	True
TCGA-A7-A0CE	Tissue Slide	4cf05a03-a183-4fec-b671-2f294b4d27c6	TCGA-A7-A0CE-01A-01-BS1.33fde61b-7c02-43d1-978f-56808f6a278e.svs	536506503	4b5088417b951871e050b69f07043176	open	01A	01	BS1	Primary Tumor	True
TCGA-A7-A0CE	Tissue Slide	21f9fd49-cba4-42ac-af52-d7c6db43a494	TCGA-A7-A0CE-01A-01-TS1.3025a9c8-a7e4-4048-bcf0-a28720c0f96b.svs	455942373	7fd021dec15ebfa752fae692785012ca	open	01A	01	TS1	Primary Tumor	True
TCGA-A7-A0CE	Tissue Slide	36b780be-c0c4-45f8-9ab6-058a719d109a	TCGA-A7-A0CE-11A-01-BS1.44105666-1880-4b3a-9206-88bf6d300346.svs	338399093	01ede313aa861ae3703959157c84002d	open	11A	01	BS1	Solid Tissue Normal	False
TCGA-A7-A0CE	Tissue Slide	7ed8f716-fb9f-48e9-afc6-7d67a9a237ca	TCGA-A7-A0CE-11A-02-BS2.2c324d8a-4f5a-4fa1-a779-5ff38fe8a52f.svs	141669655	1890424495d0d593f12a2342e965d46d	open	11A	02	BS2	Solid Tissue Normal	False
TCGA-A7-A0CJ	Diagnostic Slide	60dbe3b7-504b-437a-9283-28f3fad5abdc	TCGA-A7-A0CJ-01Z-00-DX1.E26F2F62-D688-4373-BB7B-790A06734E49.svs	231625433	837779fef3cf7e5510c3cb78f17f36a4	open	01Z	00	DX1	Primary Tumor	True
TCGA-A7-A0CJ	Diagnostic Slide	a33f2c07-5c24-4668-86ea-513861101ff6	TCGA-A7-A0CJ-01Z-00-DX2.4B591117-5FC9-4B43-8A45-444CCCABC666.svs	266264945	e49939cae1adc3b163efa1f7c6f6e5b3	open	01Z	00	DX2	Primary Tumor	True
TCGA-A7-A0CJ	Tissue Slide	573b78d5-c2c3-41eb-a88d-e75c189fca19	TCGA-A7-A0CJ-01A-02-BSB.c0dd564e-d0a6-4e94-b050-824b05d29f23.svs	323416661	107df909b1139de4155b274b527b0df1	open	01A	02	BSB	Primary Tumor	True
TCGA-A7-A0CJ	Tissue Slide	2aefbd94-b3ef-4aba-b36f-a873b85d3a8a	TCGA-A7-A0CJ-01A-02-TSB.e090ba35-b5b7-469f-a267-8c8c68bc2c2b.svs	214592211	fda77dc0f7df87655b27897ca4222798	open	01A	02	TSB	Primary Tumor	True
TCGA-A7-A13F	Diagnostic Slide	b991e35e-920a-497f-a6e8-30fc833d0488	TCGA-A7-A13F-01Z-00-DX1.AB4ADDD3-8E1C-4AB9-813E-D137A2CFB950.svs	588013275	3ec745e067d9c652ddcd49d95a2d9f4c	open	01Z	00	DX1	Primary Tumor	True
TCGA-A7-A13F	Diagnostic Slide	7bbe08ab-3166-422e-bee3-e5241a30e257	TCGA-A7-A13F-01Z-00-DX2.8CC23BAD-B3CC-4BBC-832A-A3879D6EF62D.svs	472724553	838fa39ec1677c6bfea0d23c344efc9e	open	01Z	00	DX2	Primary Tumor	True
TCGA-A7-A13F	Tissue Slide	3d12899f-bab0-4908-8202-9fb4e6410c5a	TCGA-A7-A13F-01A-01-BS1.96f41b20-1b8b-4a7d-93ed-6b8b2cbe1150.svs	197479965	9e856f3214f2f20a68c4f9ff62d1a9fd	open	01A	01	BS1	Primary Tumor	True
TCGA-A7-A13F	Tissue Slide	de917d2e-457d-4261-b6d5-17497b2253f1	TCGA-A7-A13F-01A-01-TS1.6e5cfefb-e31f-447e-b8cf-d3d5294d3421.svs	284193061	c04463a37eb96a0e9558a69b29ea8508	open	01A	01	TS1	Primary Tumor	True
TCGA-A7-A13F	Tissue Slide	c1980108-b1b6-4185-b668-9dfb9dbdd4cf	TCGA-A7-A13F-11A-01-TS1.3cfe5002-0af8-4c2c-82c5-38aac97c76d5.svs	45253003	a90fe0e5c64943f29d8a3516fd919edd	open	11A	01	TS1	Solid Tissue Normal	False
TCGA-A7-A13F	Tissue Slide	432d6ebc-9219-45e4-a7e4-33b990e87867	TCGA-A7-A13F-11A-02-TS2.b7da11e6-6ffa-4f28-91ce-ba70bfb9c87c.svs	39263811	6b9102ee18890067fbc839f0a4ac075d	open	11A	02	TS2	Solid Tissue Normal	False
TCGA-A7-A13F	Tissue Slide	1cc441d9-deed-4009-80e5-b82b993d741c	TCGA-A7-A13F-11A-03-TS3.5d843614-b1dd-442f-b0d3-6027594c4eb9.svs	84230463	8057b944a6135a19a085aafe46cf4920	open	11A	03	TS3	Solid Tissue Normal	False
TCGA-A8-A06N	Diagnostic Slide	6e1b44e9-94cc-455d-b5ec-b04d81f039c8	TCGA-A8-A06N-01Z-00-DX1.E25E65F8-DFE0-47CF-9FAB-B82EE8E321F7.svs	733518108	4efa9f41c27d658d4abb6852284dba67	open	01Z	00	DX1	Primary Tumor	True
TCGA-A8-A06N	Tissue Slide	b1108817-ee32-40d8-b905-bd3fcb3320d1	TCGA-A8-A06N-01A-01-BS1.12bf6cf9-767e-469a-ab07-accd6b3b134e.svs	511379917	fe4ccf974c0bbc16ccb13342554e076a	open	01A	01	BS1	Primary Tumor	True
TCGA-A8-A06N	Tissue Slide	5304d8c6-00e5-4f02-8343-8cd9e90af40e	TCGA-A8-A06N-01A-01-TS1.0e8d431f-4df4-4e2e-a8d2-3febb0f1beb9.svs	610778921	d91756d2f23a7b89e469b0a13efb5aaf	open	01A	01	TS1	Primary Tumor	True
TCGA-A8-A06Z	Diagnostic Slide	154235da-b628-4d36-965d-a82354f5025e	TCGA-A8-A06Z-01Z-00-DX1.2BC8B71D-E01B-4CC1-B5E7-09BB54A5E1F8.svs	754183070	82fa3a3ff7a12eb7ee4929ea8ea23bd0	open	01Z	00	DX1	Primary Tumor	True
TCGA-A8-A06Z	Tissue Slide	6768e089-d3ff-45a7-8189-4aa12b8a7ec7	TCGA-A8-A06Z-01A-01-BS1.d29f4573-c196-4e24-813d-131a00f55b78.svs	244257245	0536c478302ed6a5e4c4bf0912748080	open	01A	01	BS1	Primary Tumor	True
TCGA-A8-A06Z	Tissue Slide	55294893-c95f-4e72-9c90-c7772a0260f4	TCGA-A8-A06Z-01A-01-TS1.7bbdf988-c2f4-4c2a-975d-249efe34d802.svs	147708509	b7c6160f18477d97f502e6439f906db9	open	01A	01	TS1	Primary Tumor	True
TCGA-A8-A076	Diagnostic Slide	175dd073-e97c-4533-8dee-6ba2069dc87f	TCGA-A8-A076-01Z-00-DX1.BAAC4F9C-0C04-42FB-95F4-D765305089B8.svs	1016046268	0d2d2825694aca065dc41bbde48109b2	open	01Z	00	DX1	Primary Tumor	True
TCGA-A8-A076	Tissue Slide	6f9152af-1a95-43a7-b419-3cfde72f24f2	TCGA-A8-A076-01A-02-BSB.7619e564-4d3c-40b9-ad85-5bb8dd934d3b.svs	252287879	8ab8cbe30cbf04239cbb3e906d3e6cad	open	01A	02	BSB	Primary Tumor	True
TCGA-A8-A076	Tissue Slide	0af70079-2948-4c25-8ac5-b699160a52a5	TCGA-A8-A076-01A-02-TSB.6a8058db-d92b-4a26-8b84-5ccd4cb198e3.svs	385153163	0d22c94661e1dac0b0b71445ce4db1a9	open	01A	02	TSB	Primary Tumor	True
TCGA-A8-A079	Diagnostic Slide	e5709db4-28c6-4253-b3e5-96824ac15ed7	TCGA-A8-A079-01Z-00-DX1.DC32BC20-A3BC-43B3-B69F-1E71E289EA34.svs	1620649694	ab27b90c5e8615277e17719d7cff5e75	open	01Z	00	DX1	Primary Tumor	True
TCGA-A8-A079	Tissue Slide	2303a5c3-a773-4c67-959f-6a8d97a04644	TCGA-A8-A079-01A-02-BS2.af4b2721-1e8c-4b61-b03f-1a50c2366832.svs	165535245	b39a9dcc5d2f914dc14a7fd2bb757687	open	01A	02	BS2	Primary Tumor	True
TCGA-A8-A079	Tissue Slide	3cd7a8d7-620e-4403-8589-d5d44ecb4534	TCGA-A8-A079-01A-02-MS2.62d794d5-a44b-493b-be71-30f31bc80b9e.svs	322255937	f8bdcbfbb390e5b81d643d265593d80b	open	01A	02	MS2	Primary Tumor	True
TCGA-A8-A08G	Diagnostic Slide	4bb75285-9b4a-416e-a669-440ca4f8fd43	TCGA-A8-A08G-01Z-00-DX1.C3BB7FEC-91B7-4B45-8DFC-36CABCC0FD57.svs	625819998	b22cab4c501f0d246bb1e27b195cdc49	open	01Z	00	DX1	Primary Tumor	True
TCGA-A8-A08G	Tissue Slide	87767364-40f2-4fd3-8741-a49eebfcffef	TCGA-A8-A08G-01A-01-BS1.1db0beb9-ba79-4391-8e89-ba0ece7fd68c.svs	420003107	736061913b4c0f296220bff381b7dede	open	01A	01	BS1	Primary Tumor	True
TCGA-A8-A08G	Tissue Slide	1e12c8f2-02b3-4e4a-a4ed-86debca2d087	TCGA-A8-A08G-01A-01-TS1.00c53463-683f-443f-b693-5673b3b564ff.svs	160508755	b443bae4253811b6bdf131917bc0fbc9	open	01A	01	TS1	Primary Tumor	True
TCGA-A8-A08Z	Diagnostic Slide	5bb4109e-154c-4563-b4b1-cc8c4a3ef0d9	TCGA-A8-A08Z-01Z-00-DX1.D0AADCA6-C27C-4FB8-89C1-94B5901146E7.svs	837094946	ba10660776a6568179cffd2ae825b00d	open	01Z	00	DX1	Primary Tumor	True
TCGA-A8-A08Z	Tissue Slide	70d65dac-ca12-4556-bc41-c8480c986df1	TCGA-A8-A08Z-01A-01-BS1.1fb87e93-fd85-4c69-a7e0-a8e3d889851a.svs	644195987	cc54f53a0a45af4e377955b79abd36b4	open	01A	01	BS1	Primary Tumor	True
TCGA-A8-A08Z	Tissue Slide	95a6ad4f-8488-4c26-bb0b-c3b0133fa09f	TCGA-A8-A08Z-01A-02-BS2.5d948ef0-cfa3-40bd-a383-ba99e6b28378.svs	599288127	938566d658f49b89b7ded19b2ceaac76	open	01A	02	BS2	Primary Tumor	True
TCGA-A8-A09G	Diagnostic Slide	fbedd1f7-673e-4fe7-99c1-c76affdf34ce	TCGA-A8-A09G-01Z-00-DX1.B834728C-DAC5-4463-961D-7E3B220905C1.svs	910425820	5f888b344a938fae2de692b80be9426f	open	01Z	00	DX1	Primary Tumor	True
TCGA-A8-A09G	Tissue Slide	eb6b7545-bdb5-4c52-a2ed-9a9c069740d7	TCGA-A8-A09G-01A-01-BS1.d16e6e1e-268a-4973-97c5-8aa9cdef622b.svs	105675741	d750ae20f4c43acfaa30687975f01cb2	open	01A	01	BS1	Primary Tumor	True
TCGA-A8-A09G	Tissue Slide	de4db197-494f-4ac1-9f06-306132358816	TCGA-A8-A09G-01A-02-BS2.e110bb6c-7c19-4ace-9507-14ef5714a74d.svs	201889629	8103adbf6dc8f9758e417af8bc7c6979	open	01A	02	BS2	Primary Tumor	True
TCGA-A8-A09I	Diagnostic Slide	9a20ac7c-92e4-4a49-b103-351bb3fcefcc	TCGA-A8-A09I-01Z-00-DX1.B738E479-8766-4766-B012-B32AC2F27533.svs	580709882	d62f40b07acfcd1968fe286be8b61ec9	open	01Z	00	DX1	Primary Tumor	True
TCGA-A8-A09I	Tissue Slide	4f384db3-7ee8-4613-bde3-d4924dc666b3	TCGA-A8-A09I-01A-01-BS1.b0debb62-86b0-459f-b62b-604bb9f17e5d.svs	397527461	4425149c9efa161e55e0cb8de4285ddb	open	01A	01	BS1	Primary Tumor	True
TCGA-A8-A09I	Tissue Slide	bd291e93-70a8-4a17-ac23-7e1145471217	TCGA-A8-A09I-01A-02-BS2.ca9aacf2-573b-4af2-bc50-5213526eb3a3.svs	528737799	26bc43ca6893fbb8d7ca476c75c6d81b	open	01A	02	BS2	Primary Tumor	True
TCGA-AN-A0AJ	Diagnostic Slide	42feb225-ca44-40f9-979a-6fd4cdf3d2a0	TCGA-AN-A0AJ-01Z-00-DX1.74EE47B0-FE27-44CF-9355-C738DE1BD017.svs	1493172611	5935117e98ea50ed1f8fdf8b31c49cb7	open	01Z	00	DX1	Primary Tumor	True
TCGA-AN-A0AJ	Tissue Slide	90aa1a46-86f6-41d7-ad72-a2f08e7d59fb	TCGA-AN-A0AJ-01A-01-BSA.e768585b-8fac-4998-88a6-29983ae06c92.svs	200562167	8d21687a9aa09adff43fb247b55f20e5	open	01A	01	BSA	Primary Tumor	True
TCGA-AN-A0AJ	Tissue Slide	9e865d62-73c3-4d65-b923-af124409f48b	TCGA-AN-A0AJ-01A-01-TSA.c21f9dd1-b47c-406f-9ad6-6969bd6f3246.svs	161823615	70308d97845f1d6438d91e0dabe20d52	open	01A	01	TSA	Primary Tumor	True
TCGA-AN-A0AL	Diagnostic Slide	471a120c-a28e-4e29-b53a-4dc7e3b7c33d	TCGA-AN-A0AL-01Z-00-DX1.D9E446A3-175F-4242-AFC1-78FFE3FC9AC4.svs	1304505591	81a176b7b2ed39fa9aa7f0b77c323e81	open	01Z	00	DX1	Primary Tumor	True
TCGA-AN-A0AL	Tissue Slide	3118f692-1b5a-4706-9e37-11103b20b2a3	TCGA-AN-A0AL-01A-01-BSA.56e46756-aa0f-4c59-a189-ee4c9601b3ea.svs	207619097	dd6bf251497ec5871b76778644bf614c	open	01A	01	BSA	Primary Tumor	True
TCGA-AN-A0AL	Tissue Slide	a4c8694e-25b3-498e-9d82-87604780a1fb	TCGA-AN-A0AL-01A-01-TSA.3651da9c-bdad-4944-a3ac-c5bc9754fdeb.svs	286772807	095db8ab00a3e57ef877c04e2be8f7cc	open	01A	01	TSA	Primary Tumor	True
TCGA-AN-A0AM	Diagnostic Slide	2ef324e9-8032-4b1c-9552-60e892285f85	TCGA-AN-A0AM-01Z-00-DX1.169CE39A-DD54-46D8-8D03-60B69A473CDB.svs	375571893	e4da53389ed6413ac09fba8120109138	open	01Z	00	DX1	Primary Tumor	True
TCGA-AN-A0AM	Tissue Slide	af35bcd1-00e0-4400-8b0d-0abf457f950e	TCGA-AN-A0AM-01A-01-BSA.1736e9ff-6a00-45e7-8ab9-b81018eea03f.svs	413732833	6f2725cf17ac7360d13682091a664fda	open	01A	01	BSA	Primary Tumor	True
TCGA-AN-A0AM	Tissue Slide	1eab7934-10a1-4d44-abb5-ee7c969de28f	TCGA-AN-A0AM-01A-01-TSA.63a22828-01b7-4b90-976d-7c32ccb9889d.svs	323007709	4da0715f02f7612e778d8509d39d7db2	open	01A	01	TSA	Primary Tumor	True
TCGA-AN-A0AS	Diagnostic Slide	e10baff9-64e1-4870-99bd-3935521b535e	TCGA-AN-A0AS-01Z-00-DX1.51E551E9-E5F4-4C94-9B25-71DA41109E92.svs	439210803	8c924b6a2b6a1683942c21a45fbb4a1a	open	01Z	00	DX1	Primary Tumor	True
TCGA-AN-A0AS	Tissue Slide	46eddaa2-c55b-4c92-ab35-2e6f2588363b	TCGA-AN-A0AS-01A-01-BSA.1c59c3dd-eebc-421c-ad6f-953c0b924b13.svs	181870323	b1fd5660246a18e514199afe26630b30	open	01A	01	BSA	Primary Tumor	True
TCGA-AN-A0AS	Tissue Slide	e8f2ce68-6b4e-4306-8940-44690defbf5a	TCGA-AN-A0AS-01A-01-TSA.b7c27ab8-435a-4e9d-bf0a-899d7616b660.svs	203252267	141424466b088b75bcb6a8e718660422	open	01A	01	TSA	Primary Tumor	True
TCGA-AN-A0FK	Diagnostic Slide	d2e712b6-a083-484e-bbc5-425c67c0f8c0	TCGA-AN-A0FK-01Z-00-DX1.8966A1D5-CE3A-4B08-A1F6-E613BEB1ABD1.svs	1297449325	dc8c0a762bfadfe12ae0a9a435a12987	open	01Z	00	DX1	Primary Tumor	True
TCGA-AN-A0FK	Tissue Slide	7f359172-1112-4c1c-9c3b-0722a1342ef1	TCGA-AN-A0FK-01A-01-BSA.532b125c-98bb-44d7-a041-fb2506b70e26.svs	287464689	48e2806a7e58e2be069c25d941f898f9	open	01A	01	BSA	Primary Tumor	True
TCGA-AN-A0FK	Tissue Slide	b86ffbd8-f73b-415b-bab5-841073ff3713	TCGA-AN-A0FK-01A-01-TSA.4cbfd31d-1a58-4ee1-8359-7fd4fc9c4cbe.svs	246989863	c5f6507a26daf150c620835cfac5b456	open	01A	01	TSA	Primary Tumor	True
TCGA-AN-A0FL	Diagnostic Slide	d570eccc-3c1c-4c4f-ae04-96be71fbe016	TCGA-AN-A0FL-01Z-00-DX1.20A041C6-A306-4599-A7D1-65032A252AA9.svs	1055798681	21d3874bd056d5c11746d6bcbb21fa14	open	01Z	00	DX1	Primary Tumor	True
TCGA-AN-A0FL	Tissue Slide	287e9376-7953-4017-ba01-67f5896e5cd2	TCGA-AN-A0FL-01A-01-BSA.78d30e6e-2bd3-439c-8063-5ca6a09828cc.svs	434296335	f4ff0082192cb18a52046661ee787291	open	01A	01	BSA	Primary Tumor	True
TCGA-AN-A0FL	Tissue Slide	35ff2610-e7f2-4129-abc0-b5b075b0643c	TCGA-AN-A0FL-01A-01-TSA.a9270e98-40e9-45f5-935a-681708f170c9.svs	656506607	02a286f74fff44fc95987f5196c2464d	open	01A	01	TSA	Primary Tumor	True
TCGA-AO-A03O	Diagnostic Slide	e950eb65-34a4-4ded-bbed-88454bfad110	TCGA-AO-A03O-01Z-00-DX1.054BBC89-69F4-4311-814D-E343472CD2C0.svs	707922860	2dc1a31c6a7a3a16a1bd0bea684b8eeb	open	01Z	00	DX1	Primary Tumor	True
TCGA-AO-A03O	Tissue Slide	9890368b-05a4-452b-971b-78c59f8d9f2c	TCGA-AO-A03O-01A-01-BS1.8b349194-04c1-4a85-947c-9397d5267823.svs	212881992	db0f7a1d540c97c4eb00bcda031231b5	open	01A	01	BS1	Primary Tumor	True
TCGA-AO-A03O	Tissue Slide	d363e3fe-c1e6-4dc9-b5fe-34ec5571b1d7	TCGA-AO-A03O-01A-01-TS1.dbeaa688-64e0-48ce-bd9a-cfba3407bca6.svs	145121374	ccc68f349ae988018ad4f4018cff4b79	open	01A	01	TS1	Primary Tumor	True
TCGA-AO-A0J6	Diagnostic Slide	c4905820-3617-43de-b4f4-737d75d792d2	TCGA-AO-A0J6-01Z-00-DX1.D0C003CE-E112-4375-953D-78404C9D62DA.svs	1094306052	40ef3742db0dc511c99763c09928d0c1	open	01Z	00	DX1	Primary Tumor	True
TCGA-AO-A0J6	Tissue Slide	b455fc02-0f59-40a7-8b39-46ee021dad4f	TCGA-AO-A0J6-01A-01-BSA.094c1ad0-5cd5-4b13-af5e-9c7d3688aa23.svs	755276089	f969fe54b8b61f009b2a94e466162157	open	01A	01	BSA	Primary Tumor	True
TCGA-AO-A0J6	Tissue Slide	7f721260-a206-48a6-a8d1-a66709e8de51	TCGA-AO-A0J6-01A-01-TSA.d62f4c33-ae94-4321-b833-53663942e846.svs	683606963	ee221f1dba1e5d3a3e87911b69b950bd	open	01A	01	TSA	Primary Tumor	True
TCGA-AO-A0J9	Diagnostic Slide	91f55a25-ae69-4c98-8b31-326b50ecdb26	TCGA-AO-A0J9-01Z-00-DX1.E37C342B-9B6A-4BEE-B064-A82C3579CC66.svs	780814062	c47017046f55caa61a43078bc90f1b02	open	01Z	00	DX1	Primary Tumor	True
TCGA-AO-A0J9	Tissue Slide	a3d2969b-811f-4970-af49-c4b3d59b60c9	TCGA-AO-A0J9-01A-01-BSA.a5487965-8c66-4e0d-9dfe-53bb39d7f9fa.svs	170196089	7af995d2bebd6e397708b4049091f4c5	open	01A	01	BSA	Primary Tumor	True
TCGA-AO-A0J9	Tissue Slide	93b30e2c-ecbc-4970-b435-696bd5b56c3b	TCGA-AO-A0J9-01A-01-TSA.526836e1-20e5-42a2-89b4-014a69e4838d.svs	278190635	a9bfd77031fda8fe470d8c9843bdee58	open	01A	01	TSA	Primary Tumor	True
TCGA-AO-A0JC	Diagnostic Slide	bafa044b-e523-428c-8f23-87fea53662ab	TCGA-AO-A0JC-01Z-00-DX1.C8DD421B-9799-4FE7-9224-5EAC6ED1028E.svs	910133620	23385d6d12d633cf623aae9792bba69c	open	01Z	00	DX1	Primary Tumor	True
TCGA-AO-A0JC	Tissue Slide	07b3f3c2-2fcd-4498-926f-e29a87d84431	TCGA-AO-A0JC-01A-01-BSA.2a81630f-81ee-4c33-ba26-0e825cfa5f72.svs	270997159	e684a274b1d175fa11e8ab117879924b	open	01A	01	BSA	Primary Tumor	True
TCGA-AO-A0JC	Tissue Slide	c31e76a9-7210-44b4-8645-7b174efa3b67	TCGA-AO-A0JC-01A-01-TSA.261a41f2-e0b3-4c3b-bd16-ce6a61d1454c.svs	423817791	52eb67b02746cc2035dcdfad29267626	open	01A	01	TSA	Primary Tumor	True
TCGA-AO-A0JE	Diagnostic Slide	464dd07a-32ee-4da5-8c60-85c0bbe391aa	TCGA-AO-A0JE-01Z-00-DX1.82D33053-E305-47D8-9B02-B55511EBB06D.svs	746586716	d11295906eb995bd8a8612ce10a8ac09	open	01Z	00	DX1	Primary Tumor	True
TCGA-AO-A0JE	Tissue Slide	7b4c0aa7-fcd9-4a4b-bb1c-a6b1c7e5bf1e	TCGA-AO-A0JE-01A-01-BSA.8f04fdde-1427-45f9-bcd9-4449d501c109.svs	798265585	a75b07837c25541e923d2c836e1ab318	open	01A	01	BSA	Primary Tumor	True
TCGA-AO-A0JE	Tissue Slide	ba26c8ab-f866-4c0c-b263-6641696ef870	TCGA-AO-A0JE-01A-01-TSA.2ade56dd-a085-472b-b92c-c7a63d7ce4ac.svs	703425669	2e9ea91cc625ae2ee38ef03c39ff121c	open	01A	01	TSA	Primary Tumor	True
TCGA-AO-A0JJ	Diagnostic Slide	2bcd4629-f31a-4bee-a7ff-aa9663b0c2c5	TCGA-AO-A0JJ-01Z-00-DX1.D5B636F5-1B47-4033-9938-9DC8CD48CEE9.svs	728079632	0646953656dcd07a49059e75d3e4ba32	open	01Z	00	DX1	Primary Tumor	True
TCGA-AO-A0JJ	Tissue Slide	8e8abcc0-6bf7-4970-85f2-112b661eefe4	TCGA-AO-A0JJ-01A-01-BSA.132f03bb-3b31-485c-b814-0f4bf204440e.svs	234971451	68125aa79f6d6c6b16537d14a5c09666	open	01A	01	BSA	Primary Tumor	True
TCGA-AO-A0JJ	Tissue Slide	fc6f7dcf-8de2-4111-96fe-f2e4758ae25c	TCGA-AO-A0JJ-01A-01-TSA.fe4ee1f2-09e8-46a7-9c62-b20fc8042934.svs	405140055	7bdb28c40eb52f08cb8f828a51dad12a	open	01A	01	TSA	Primary Tumor	True
TCGA-AO-A0JL	Diagnostic Slide	9cdff1f4-7124-4870-b748-fa97601122f2	TCGA-AO-A0JL-01Z-00-DX1.473CC200-221A-4777-B19E-ADC41D10FC94.svs	960616448	db2076ab9bce67413909de2d847b4862	open	01Z	00	DX1	Primary Tumor	True
TCGA-AO-A0JL	Tissue Slide	5a600316-4dda-48bc-99fc-8b1cd05a0eef	TCGA-AO-A0JL-01A-01-BSA.796a85da-b722-4311-89f8-8b397ea10c85.svs	472625081	eb0fcc56a2c4fc35049cec90a9526f20	open	01A	01	BSA	Primary Tumor	True
TCGA-AO-A0JL	Tissue Slide	54decfcc-72e2-4ba7-9e7b-94078f90d885	TCGA-AO-A0JL-01A-01-TSA.b6151e7a-75be-425c-b9b0-d93111659ce9.svs	281388799	57ee846cd1a3638f0dcfe45cb6a9eebd	open	01A	01	TSA	Primary Tumor	True
TCGA-AO-A0JM	Diagnostic Slide	6e0aa823-3645-4de8-9c13-6cf2f5a8796a	TCGA-AO-A0JM-01Z-00-DX1.94E75EFD-E5F5-4DF8-93A0-ED94CB4D203A.svs	1022793962	b9c3be3deb46de1095412088a5f69730	open	01Z	00	DX1	Primary Tumor	True
TCGA-AO-A0JM	Tissue Slide	decb9f7d-324f-4cc5-af2a-be40b9ac7d79	TCGA-AO-A0JM-01A-02-BSB.2f3cfa20-a735-4e35-ae2d-2d2dd211339d.svs	196529197	183f8e08f48176c28b8b954cae00f020	open	01A	02	BSB	Primary Tumor	True
TCGA-AO-A0JM	Tissue Slide	85d1eded-6143-45e0-9fc4-7a5a1315730c	TCGA-AO-A0JM-01A-02-TSB.d19f822d-0237-41cb-be13-4d3023dcb507.svs	179404153	b26394c2059430f86b32bb81b5bf8a22	open	01A	02	TSB	Primary Tumor	True
TCGA-AO-A126	Diagnostic Slide	8e659845-8289-4db4-a489-a637780a7950	TCGA-AO-A126-01Z-00-DX1.D9D6AA15-32F0-44BD-AF30-36191784FFA2.svs	550065516	571a6bb457633f99ef548be5aef9acd6	open	01Z	00	DX1	Primary Tumor	True
TCGA-AO-A126	Tissue Slide	b6371944-5ebe-45bd-9b10-0f19856f3dc5	TCGA-AO-A126-01A-01-BSA.d9c05421-91fc-4fdd-988d-2b404fa24095.svs	169375237	94037c12a7defdab149a59f5bb9bb2c5	open	01A	01	BSA	Primary Tumor	True
TCGA-AO-A126	Tissue Slide	998b0101-a062-491a-8251-04b2839cc438	TCGA-AO-A126-01A-01-TSA.399484a5-e833-4acd-a73b-1fd5a684e7c1.svs	257644357	f2c02e3ae1b44edde4e569aac9793dd5	open	01A	01	TSA	Primary Tumor	True
TCGA-AO-A12B	Diagnostic Slide	fee53d03-efed-47eb-b261-cb5571715795	TCGA-AO-A12B-01Z-00-DX1.B215230B-5FF7-4B0A-9C1E-5F1658534B11.svs	722809612	ef88780f7d6be64792ab71678029501e	open	01Z	00	DX1	Primary Tumor	True
TCGA-AO-A12B	Tissue Slide	1758ba8f-8165-470b-8314-59aa5dde377b	TCGA-AO-A12B-01A-01-BSA.ec654e0e-2adc-488b-8653-acbf6164419e.svs	320235085	10bf37167cc7557e7b1ececb69fb52e7	open	01A	01	BSA	Primary Tumor	True
TCGA-AO-A12B	Tissue Slide	6cf90ee7-4b4a-4b31-b8f8-10dde5c96300	TCGA-AO-A12B-01A-01-TSA.635646b4-dc81-45e2-92b1-8f087abc5240.svs	245452109	91a24d3fe0f4ec0f72722ae01f970985	open	01A	01	TSA	Primary Tumor	True
TCGA-AO-A12D	Diagnostic Slide	391143f8-da62-48fb-863f-ac505a6b0eaa	TCGA-AO-A12D-01Z-00-DX1.BA006BAD-5C6E-4099-BC99-3888E69F506E.svs	1052702068	85143e70321ee7e721665abb7e2fbae9	open	01Z	00	DX1	Primary Tumor	True
TCGA-AO-A12D	Tissue Slide	314a42f7-31fa-4a24-84a0-0a12cdabf412	TCGA-AO-A12D-01A-01-BSA.e75eaf83-11b8-49a2-b6b1-77f98fa6660a.svs	324738183	28422cf5f78c73a12c513766ea2cff4a	open	01A	01	BSA	Primary Tumor	True
TCGA-AO-A12D	Tissue Slide	feb7ca2e-349d-457d-aa87-786ad425080a	TCGA-AO-A12D-01A-01-TSA.f28ffd60-5d5f-4fec-8776-bf587f1f2496.svs	287523959	f767e4b086e0d8f1561895db564dca95	open	01A	01	TSA	Primary Tumor	True
TCGA-AO-A12E	Diagnostic Slide	8836f889-64c9-4ab5-8f59-9100035ee5b8	TCGA-AO-A12E-01Z-00-DX1.F2797928-26EC-4B28-BC50-432EB380624B.svs	403159508	955dd803e292ed5ba98633cfcb76c754	open	01Z	00	DX1	Primary Tumor	True
TCGA-AO-A12E	Tissue Slide	2b5e0c93-07b4-4c27-b259-1f4b748d434c	TCGA-AO-A12E-01A-01-BSA.9b55ad59-32de-4238-9958-b54e3a43eb2e.svs	197423291	fb365c93766cdefd8557c4a1059a98f1	open	01A	01	BSA	Primary Tumor	True
TCGA-AO-A12E	Tissue Slide	5256f6c6-5805-486d-9c10-a6d17fc49d0f	TCGA-AO-A12E-01A-01-TSA.5c7b82d0-dca5-4778-bc30-1201e08dd832.svs	261158635	f9e4dbdafd6181702824d17dc8989cfd	open	01A	01	TSA	Primary Tumor	True
TCGA-AO-A12F	Diagnostic Slide	60439acf-de72-4e52-921e-d5fb6f73cf66	TCGA-AO-A12F-01Z-00-DX1.847C8E4F-3F37-4B1D-8E6E-ACD14391AD89.svs	1314142990	b91f98ac77c0c48f41c10017051f01da	open	01Z	00	DX1	Primary Tumor	True
TCGA-AO-A12F	Tissue Slide	dd848ffb-c0e4-40ef-9dbb-708098e1706b	TCGA-AO-A12F-01A-01-BSA.54904b26-0053-4e3e-8f3e-dd67ed8194a5.svs	166145849	3f77421709261bd1f5265e1379d23d2d	open	01A	01	BSA	Primary Tumor	True
TCGA-AO-A12F	Tissue Slide	5f1f038d-9d27-4643-88c2-457b22ab6894	TCGA-AO-A12F-01A-01-TSA.6ed8979a-e4f3-42b1-950f-64908238f50b.svs	162903827	f5d3c189351c4319792dd7416fd3577f	open	01A	01	TSA	Primary Tumor	True
TCGA-AR-A0TR	Diagnostic Slide	fa83738a-c9f2-433e-9050-54d0e90e3092	TCGA-AR-A0TR-01Z-00-DX1.BBCE653F-7DD0-4830-BAD3-C06207A93853.svs	1506890479	846f96a23aae57dc3edb771cd44f570a	open	01Z	00	DX1	Primary Tumor	True
TCGA-AR-A0TR	Tissue Slide	acbb02e6-5995-4f7a-b709-ed14c4a10a91	TCGA-AR-A0TR-01A-01-BSA.f1455ed0-393b-495c-9618-bbe3088baf4d.svs	251299173	4915dd67ffd8cb5898f74a7888e28ef8	open	01A	01	BSA	Primary Tumor	True
TCGA-AR-A0TR	Tissue Slide	aade370c-9fc5-4db7-ab6e-a87a59c09912	TCGA-AR-A0TR-01A-01-TSA.c7ef8351-ef5c-44a3-bf32-d06dde6ca154.svs	217876665	68c5a195a1b289a59a67983252079f40	open	01A	01	TSA	Primary Tumor	True
TCGA-AR-A0TT	Diagnostic Slide	d96d0ecd-dfa0-44df-8741-166d3a304c01	TCGA-AR-A0TT-01Z-00-DX1.127C2A4F-62AC-4E83-99DB-13519BD2949D.svs	1298209095	808704a303931668a62fef0e8d6c83d5	open	01Z	00	DX1	Primary Tumor	True
TCGA-AR-A0TT	Tissue Slide	487c4154-b6ec-434f-af0d-ceebe175973c	TCGA-AR-A0TT-01A-03-BSC.06e9fb5e-1c6e-4778-9c52-d026628f39c7.svs	289036097	578beacef63ed7423499c5665f6972a1	open	01A	03	BSC	Primary Tumor	True
TCGA-AR-A0TT	Tissue Slide	7c972c94-0632-4d61-91da-2f9aaa9a440b	TCGA-AR-A0TT-01A-03-TSC.6e42fa9f-569c-45cf-a316-b3d41a946f57.svs	160194029	fbc2a00b86d5e9a3aad0ae9c4d5288ee	open	01A	03	TSC	Primary Tumor	True
TCGA-AR-A0TV	Diagnostic Slide	824a50be-c16f-496f-bf51-7f37f5bc1bb7	TCGA-AR-A0TV-01Z-00-DX1.29AE9996-E73A-41F8-BCC9-23DEDCA5A7AC.svs	1007861893	ad25cd6478bcf054333a48e57b2a6dbd	open	01Z	00	DX1	Primary Tumor	True
TCGA-AR-A0TV	Tissue Slide	9017be0d-2935-42a7-9f88-7234c1e502c0	TCGA-AR-A0TV-01A-02-BSB.e4adf5bf-398f-402f-997e-7b5ef9facbe8.svs	142002615	a28f2c5211b7c448a7c783ca5f06639c	open	01A	02	BSB	Primary Tumor	True
TCGA-AR-A0TV	Tissue Slide	a2170b5a-bd25-4635-b2f9-e61393ac3098	TCGA-AR-A0TV-01A-02-TSB.9f3ece24-69a8-4d4d-9c2d-ab674faf9ee0.svs	242570507	5d08aa6aa9b4d4ac0214c51f18adc427	open	01A	02	TSB	Primary Tumor	True
TCGA-AR-A0TX	Diagnostic Slide	1b4fc678-eb7a-46e8-aa8e-c0a6c8fc6c84	TCGA-AR-A0TX-01Z-00-DX1.5BEA4E65-8CEC-49B2-9F29-DBE53E8ED46E.svs	488012489	823d706af1be441d1578aa2b1d269366	open	01Z	00	DX1	Primary Tumor	True
TCGA-AR-A0TX	Tissue Slide	1b7e7bd6-4918-458d-aa39-38b2a560c3b6	TCGA-AR-A0TX-01A-01-BSA.2d59aca1-69fd-4105-830a-a687eddd27c9.svs	148470839	d88540261bf93646e354e5d5707e94cc	open	01A	01	BSA	Primary Tumor	True
TCGA-AR-A0TX	Tissue Slide	72eb9e68-70eb-4922-8c22-5ab31695d0fe	TCGA-AR-A0TX-01A-01-TSA.4f6a2ef2-8c09-4c9a-aea9-5601722f4e4c.svs	288284829	043ee5574e1247909063d3585e3b84f6	open	01A	01	TSA	Primary Tumor	True
TCGA-AR-A0TY	Diagnostic Slide	035f4d0d-78f8-4df0-94a2-112922f584a8	TCGA-AR-A0TY-01Z-00-DX1.089EB6B4-9921-441D-84F3-C64C97AFC3B4.svs	969891489	fdbe528fcf60748f03aefb9d1ad6d401	open	01Z	00	DX1	Primary Tumor	True
TCGA-AR-A0TY	Tissue Slide	f07b502d-d3a1-49a6-824b-eaecd4034e7b	TCGA-AR-A0TY-01A-01-MSA.94fa564d-0f66-4307-bfcc-41b0fe4886b9.svs	223337365	9b93075208159da997263f8134aa8e41	open	01A	01	MSA	Primary Tumor	True
TCGA-AR-A0TY	Tissue Slide	8a636c57-af59-4690-b3a6-0f4f4bb0951f	TCGA-AR-A0TY-01A-01-TSA.44dd02fc-5205-42df-ae58-0686e1355bdc.svs	201374215	ee2321d120aabddad173a609e84204a7	open	01A	01	TSA	Primary Tumor	True
TCGA-AR-A0U4	Diagnostic Slide	e48d2be6-883f-444a-bb71-405bffbf8b4f	TCGA-AR-A0U4-01Z-00-DX1.DE722DC5-859D-4866-ADCC-ED98EDBFB588.svs	1722083269	33aa7fe231fe015699dc20ecc67f3486	open	01Z	00	DX1	Primary Tumor	True
TCGA-AR-A0U4	Tissue Slide	1721f5e9-2cf8-4961-b14f-195ec4e663e9	TCGA-AR-A0U4-01A-01-BSA.abebefec-9cf4-47c8-8c70-a7b17dc97171.svs	354448927	62f0ba14488f1fd59142e801a1efa4be	open	01A	01	BSA	Primary Tumor	True
TCGA-AR-A0U4	Tissue Slide	7df0b134-9e76-45ea-8fc2-bc31edb9eccd	TCGA-AR-A0U4-01A-01-TSA.e671596e-6974-40ec-8013-07cd699843d6.svs	331559687	13ea05d47b6fcaca206d042163159e4b	open	01A	01	TSA	Primary Tumor	True
TCGA-AR-A1AP	Diagnostic Slide	20ceea6c-99f3-4053-ae49-6da60d3526c1	TCGA-AR-A1AP-01Z-00-DX1.F163EED5-0385-41AA-BA35-54E4910CD99E.svs	1023777825	ad87dc51228b753599bf8c7bb042c316	open	01Z	00	DX1	Primary Tumor	True
TCGA-AR-A1AP	Tissue Slide	ce6150bc-54a4-48d5-b699-7948c672fc00	TCGA-AR-A1AP-01A-01-TSA.462d1ac8-1c00-4690-9d0e-975853c4c5f2.svs	212284053	6cabbde35bf96f355f6b31dd9631aaa3	open	01A	01	TSA	Primary Tumor	True
TCGA-AR-A1AQ	Diagnostic Slide	254121b2-ad2b-48c7-8556-a9ed304bf472	TCGA-AR-A1AQ-01Z-00-DX1.09D5D7FC-0FA8-4176-94B2-995F44D8ED4C.svs	824711291	c59e08ecd569db75dba21ba8e12acfc9	open	01Z	00	DX1	Primary Tumor	True
TCGA-AR-A1AQ	Tissue Slide	1479d3b4-3afa-48a6-b5c1-7ddbe5ed7103	TCGA-AR-A1AQ-01A-01-TSA.113b2018-7bb9-44bd-aa80-63eaf688b555.svs	327580565	cb921f2cfcb17c9c20a6699c12f69b5b	open	01A	01	TSA	Primary Tumor	True
TCGA-AR-A1AS	Diagnostic Slide	d68ac421-d467-43eb-9d94-ca2db1bef4ae	TCGA-AR-A1AS-01Z-00-DX1.72979519-0A90-42AD-9F23-1991F75C8CE7.svs	1820128441	ba1a0f82d1f765dc8e77614983979ad0	open	01Z	00	DX1	Primary Tumor	True
TCGA-AR-A1AS	Tissue Slide	32b34561-f972-482b-8ba7-653ef40616dc	TCGA-AR-A1AS-01A-01-TSA.235f24b3-d72a-419e-8f5c-ffc808dc06be.svs	255252995	94b27eaead3db573db88ee36326b1184	open	01A	01	TSA	Primary Tumor	True
TCGA-AR-A1AV	Diagnostic Slide	a3949b00-f880-4a9d-9ad9-791c11518ddc	TCGA-AR-A1AV-01Z-00-DX1.93698893-7C5C-44C1-A488-ED358D523693.svs	801769715	e584d8bc57448e991a5044e27860f976	open	01Z	00	DX1	Primary Tumor	True
TCGA-AR-A1AV	Tissue Slide	7dd1a27f-583a-44b2-9317-eacc42c7cff3	TCGA-AR-A1AV-01A-02-TSB.8aac8e77-5af5-4958-86e8-5883c88630fb.svs	179075805	90c40a18ced1585e9d34133124fb43ce	open	01A	02	TSB	Primary Tumor	True
TCGA-AR-A1AW	Diagnostic Slide	5c1216f3-19ec-4d3c-9bb0-9bd740b79f62	TCGA-AR-A1AW-01Z-00-DX1.E527CA46-D83F-4055-8C7E-AEFEF13C1E29.svs	975626387	304509e03f26cbecc9aee4ea691c8e5a	open	01Z	00	DX1	Primary Tumor	True
TCGA-AR-A1AW	Tissue Slide	25c1d722-bd4c-4fea-b78a-2edd5ed9b39d	TCGA-AR-A1AW-01A-02-TSB.d237252f-1ece-4bc3-b84c-d7de505c0a56.svs	245804677	3b988669dd72615550011afa8d746f2d	open	01A	02	TSB	Primary Tumor	True
TCGA-BH-A0AV	Diagnostic Slide	52712e45-85a3-484e-aff2-51eb6ad42daf	TCGA-BH-A0AV-01Z-00-DX1.5A686DA4-A29D-4BA7-9BCA-B707F8755E83.svs	1180410963	b2dd5c52c14c131c080186304a3f9d35	open	01Z	00	DX1	Primary Tumor	True
TCGA-BH-A0AV	Tissue Slide	2ba15f08-76b8-47d5-90fc-9815dfb56fa3	TCGA-BH-A0AV-01A-03-BSC.7a107632-b8d8-4b82-ab74-628fff0f10de.svs	337357197	d8d5855fcdce5ccf66698d768d956b03	open	01A	03	BSC	Primary Tumor	True
TCGA-BH-A0AV	Tissue Slide	c9245cfd-d30c-4cce-b750-072070084f0c	TCGA-BH-A0AV-01A-03-MSC.f769a3c4-ee58-45c2-931e-d94b31981169.svs	396810279	193b43aa06c13e826e9a038cfe52947f	open	01A	03	MSC	Primary Tumor	True
TCGA-BH-A0BV	Diagnostic Slide	fbaa36d1-20c8-49d3-bf67-bf6aae019580	TCGA-BH-A0BV-01Z-00-DX1.3C9CD4F7-A001-430D-AA8D-80CAD61C344E.svs	1370988687	4cfa8a99a7d803ca67c660a56393e996	open	01Z	00	DX1	Primary Tumor	True
TCGA-BH-A0BV	Tissue Slide	0e9aa06e-b13b-4385-8add-19875a8c5c49	TCGA-BH-A0BV-01A-01-BSA.1d27d74a-405e-4a7f-befa-6d5f7b1fa8e9.svs	698084603	7a428eaacd4c756bd6963ee3bbc4deea	open	01A	01	BSA	Primary Tumor	True
TCGA-BH-A0BV	Tissue Slide	bf456380-c582-4483-a211-debdaa1cf713	TCGA-BH-A0BV-01A-01-TSA.f5f04523-e30b-4204-99f4-0003ceec2724.svs	701616747	49642a4af22a4208dbfb7ad951f12dd7	open	01A	01	TSA	Primary Tumor	True
TCGA-BH-A0BV	Tissue Slide	e88e5339-e104-4473-9677-ccc7327e4a75	TCGA-BH-A0BV-11A-03-TSC.645b9dfa-3a41-4452-942e-055522324438.svs	71138591	103009cb0fc609a8dc03173133bf2324	open	11A	03	TSC	Solid Tissue Normal	False
TCGA-BH-A0BZ	Diagnostic Slide	cb3ca443-0348-4a33-90d9-1e1c914efe2a	TCGA-BH-A0BZ-01Z-00-DX1.45EB3E93-A871-49C6-9EAE-90D98AE01913.svs	1173967467	a4f047e9ba19a78ab79f23558ac95873	open	01Z	00	DX1	Primary Tumor	True
TCGA-BH-A0BZ	Tissue Slide	ed523496-4475-46bc-b485-0d8852d2ac90	TCGA-BH-A0BZ-01A-03-BSC.875682e9-3d99-4189-8ad1-f1e4e4bb7610.svs	736586171	f78ef62624cdd1bf907c1f5570f9cb4e	open	01A	03	BSC	Primary Tumor	True
TCGA-BH-A0BZ	Tissue Slide	6eb0085e-7d0a-4c10-8fc4-ffeb285c2afe	TCGA-BH-A0BZ-01A-03-TSC.18e04e86-9ccb-4773-bcf3-d7f0c54c6e2a.svs	630701859	ff8c1b82db55e4dffe1eb05dd9c2dfc4	open	01A	03	TSC	Primary Tumor	True
TCGA-BH-A0BZ	Tissue Slide	c2f0952f-7f61-4601-acb0-dd258dcc9b6b	TCGA-BH-A0BZ-11A-06-TSF.8926f914-ba66-41ff-b779-574f25cb99b4.svs	129864105	329f8146119e66b0a7249a6cb6a69014	open	11A	06	TSF	Solid Tissue Normal	False
TCGA-BH-A0C0	Diagnostic Slide	c03ab317-6127-4010-867b-8b674df98044	TCGA-BH-A0C0-01Z-00-DX1.2D32D35A-EB7E-4D0E-BE5F-E56F7B930463.svs	1480365431	499a0b4378f3aa607ffbecc5e59130d9	open	01Z	00	DX1	Primary Tumor	True
TCGA-BH-A0C0	Tissue Slide	bd97f5d4-9bfb-465a-bd83-f594f42b39ab	TCGA-BH-A0C0-01A-02-BSB.4b112630-4214-42cb-8db9-56df1ce4c6ea.svs	671922301	282abdaba4dff82a621e94ad87c49c03	open	01A	02	BSB	Primary Tumor	True
TCGA-BH-A0C0	Tissue Slide	49161205-ee3b-4ac4-8149-ddc410e6aa7f	TCGA-BH-A0C0-01A-02-TSB.b5d6fdae-cc88-4ded-a599-f778187bdc37.svs	480095551	14408a93c283f614ed8b9a3d7dd79949	open	01A	02	TSB	Primary Tumor	True
TCGA-BH-A0C0	Tissue Slide	504b1c85-6633-4043-8343-01d41f700559	TCGA-BH-A0C0-11A-02-BSB.8fef7630-9151-41e4-9d1c-52e083c4772b.svs	53274095	baadb0b14836bcc4a220c3a3f2e7517a	open	11A	02	BSB	Solid Tissue Normal	False
TCGA-BH-A0C0	Tissue Slide	a68e33c5-cf9e-45a9-9fc0-d71cc1d69f80	TCGA-BH-A0C0-11A-02-TSB.739aaca8-b70d-4586-b134-1e18a906b24e.svs	52633035	da2dda174718e5bf146c6604aee504ad	open	11A	02	TSB	Solid Tissue Normal	False
TCGA-BH-A0C1	Diagnostic Slide	aa3f0051-ea7f-47f2-a7aa-315c1bdc3f18	TCGA-BH-A0C1-01Z-00-DX1.21FE357E-B182-4397-BFEF-7E96E994236A.svs	992971003	8a43d85058bb6bc2fc00d485cf92e1c1	open	01Z	00	DX1	Primary Tumor	True
TCGA-BH-A0C1	Tissue Slide	cf41ea9d-b7ed-498d-b54d-d8bc7d26f581	TCGA-BH-A0C1-01B-01-BS1.2fa43733-dfce-4806-99d1-ef0834132ff6.svs	212071701	41845eeb91b70dfd556a8e1e4fb8649f	open	01B	01	BS1	Primary Tumor	True
TCGA-BH-A0C1	Tissue Slide	3006a710-6b96-41f2-93fe-0d9ac351d6a4	TCGA-BH-A0C1-01B-01-TS1.34796b87-c808-47ff-8a33-ce181cd00674.svs	250339763	4321c133913beb1c5af8ea3e7239c5b6	open	01B	01	TS1	Primary Tumor	True
TCGA-BH-A0C7	Diagnostic Slide	f7abab4e-54fa-491e-a67a-d401cdc23e1e	TCGA-BH-A0C7-01Z-00-DX1.C70D358E-C48F-4F69-86CE-3218E9C95837.svs	1743079165	df727ed01a27649e077abd1995c14d7b	open	01Z	00	DX1	Primary Tumor	True
TCGA-BH-A0C7	Tissue Slide	da232dfa-b967-44f5-a8fa-e96cda128235	TCGA-BH-A0C7-01B-01-BSA.eff3406d-2af0-435f-8aa9-fd77dbba35dd.svs	218589469	5a706c4cd79e0343b5f256033859f341	open	01B	01	BSA	Primary Tumor	True
TCGA-BH-A0C7	Tissue Slide	81768c3a-60d1-4c7d-9263-a83628e29e70	TCGA-BH-A0C7-01B-01-TSA.deec957f-1264-4169-945e-24d4bd1988cd.svs	258181653	a578861b477f035264d470b4fc2f9775	open	01B	01	TSA	Primary Tumor	True
TCGA-BH-A0DD	Diagnostic Slide	724c52cb-9e6e-4a8d-9693-7fca34e77faa	TCGA-BH-A0DD-01Z-00-DX1.2242DD1F-0B7C-4B43-A7A9-8130D2BDEE78.svs	1168871643	6cdabb3fa1122b8729e19b5926016669	open	01Z	00	DX1	Primary Tumor	True
TCGA-BH-A0DD	Tissue Slide	35904d0b-d932-40f1-8f4c-fd1358a6664e	TCGA-BH-A0DD-01A-03-BSC.c1eded57-13d8-48ff-9389-5467a8455fe6.svs	495000801	2003d96c3e64746aea8e40da7139c5ce	open	01A	03	BSC	Primary Tumor	True
TCGA-BH-A0DD	Tissue Slide	af303218-add4-45cf-83ab-eaf4d55edb85	TCGA-BH-A0DD-01A-03-TSC.0088505b-5e18-49c4-bc2b-7946b2780383.svs	558025167	8cbedc371b54934ab58b4050563358ac	open	01A	03	TSC	Primary Tumor	True
TCGA-BH-A0DD	Tissue Slide	fa4828ba-526d-407d-8072-87ffa775fea2	TCGA-BH-A0DD-11A-01-BSA.e9aae98d-ecf8-4d48-b1ca-f349013f2c42.svs	68046005	0b439ea4416410e03e5e802b2f134d6c	open	11A	01	BSA	Solid Tissue Normal	False
TCGA-BH-A0DD	Tissue Slide	3dd9c5d6-ff88-47a9-ac09-0d9b3ce01385	TCGA-BH-A0DD-11A-01-TSA.dec60ceb-0937-4ed0-8da9-095eb0c6fc04.svs	58503961	33dfdd9f91e7a183fadc933f96a3165e	open	11A	01	TSA	Solid Tissue Normal	False
TCGA-BH-A0DD	Tissue Slide	703760dc-b50b-4f3f-a110-70e34dc0b46a	TCGA-BH-A0DD-11A-02-TSB.905e3dfb-4c83-4eae-937e-00d5d3a5d454.svs	53004715	40cda7c6848d4d7acdde04a623dc198f	open	11A	02	TSB	Solid Tissue Normal	False
TCGA-BH-A0DD	Tissue Slide	d7d4a39c-3400-45c0-beb3-8df0c7bcd584	TCGA-BH-A0DD-11A-03-TSC.ad254a5b-39c4-4320-8482-52563481172e.svs	48003213	d4a9e13ddddfeac553e82a16060ac0ce	open	11A	03	TSC	Solid Tissue Normal	False
TCGA-BH-A0DD	Tissue Slide	612a7391-40d4-4ec4-adb2-f552e2381954	TCGA-BH-A0DD-11A-04-TSD.7d550da7-9516-4ef8-80da-39bd0c7742fb.svs	81938917	fd9242271ecd05560f236bae070ecaa5	open	11A	04	TSD	Solid Tissue Normal	False
TCGA-BH-A0DD	Tissue Slide	433d5fe0-c567-4d02-bf8c-462a820956bd	TCGA-BH-A0DD-11A-05-TSE.4a8b32a0-22d7-4262-8139-81ca73b121ff.svs	55931929	32cd7d28dfcf6ed7f9ba2dfdb251e995	open	11A	05	TSE	Solid Tissue Normal	False
TCGA-BH-A0DG	Diagnostic Slide	7f454192-063c-405a-b047-b771922d0378	TCGA-BH-A0DG-01Z-00-DX1.D3C4F57F-608F-46AA-A978-B558117C9DFB.svs	1352198923	24a3788ba5a2c53570c12518d9511cb8	open	01Z	00	DX1	Primary Tumor	True
TCGA-BH-A0DG	Tissue Slide	0f7cca08-d39b-4db4-832e-d50a018b3be3	TCGA-BH-A0DG-01A-02-BSB.991bb656-5e82-4698-8618-27c6a0b1616e.svs	415949775	0966f7f2848d86d7f73a6f97ae82ed41	open	01A	02	BSB	Primary Tumor	True
TCGA-BH-A0DG	Tissue Slide	0bacbe82-3a58-4fa6-8eed-ca29c81d7164	TCGA-BH-A0DG-01A-02-MSB.46920fd1-be28-491c-87cd-01ae77283a76.svs	225360525	c5f6aa841f98d8f4fbc09b8a4fcced1b	open	01A	02	MSB	Primary Tumor	True
TCGA-BH-A0DG	Tissue Slide	91f01e77-0630-4a2e-aedc-f89d3571a77f	TCGA-BH-A0DG-11A-04-TSD.a5f6411b-ecf4-41e3-b251-0a34b488993b.svs	85168377	12b2d77d10c1b2a0a4eb73b8cee01609	open	11A	04	TSD	Solid Tissue Normal	False
TCGA-BH-A0E0	Diagnostic Slide	949a4e4a-824a-422c-ab4f-e1860818074c	TCGA-BH-A0E0-01Z-00-DX1.01E88024-83DF-4282-ABAF-F4E35807DA06.svs	1614215963	7cdfd70248092edf9beb1e19abc0a862	open	01Z	00	DX1	Primary Tumor	True
TCGA-BH-A0E0	Tissue Slide	b7c25f35-e5be-43f5-8f48-d99b86aa28f6	TCGA-BH-A0E0-01A-01-BSA.b224536e-7d49-421d-a3bb-815fc01556a9.svs	242141161	cb8cd41a1426a00dac648c6fb791902e	open	01A	01	BSA	Primary Tumor	True
TCGA-BH-A0E0	Tissue Slide	946df366-3eea-4146-a8cc-d60224fa4087	TCGA-BH-A0E0-01A-01-TSA.6d266771-231b-4305-afd9-ec77a67f2e73.svs	338637241	7b0433f62e3969711a78bf97d10ffa13	open	01A	01	TSA	Primary Tumor	True
TCGA-BH-A0E0	Tissue Slide	0c516cd3-1aa1-42c8-97ac-22b186166620	TCGA-BH-A0E0-11A-01-BSA.c8b71d03-9b3c-482a-9bff-574bb2aa3666.svs	64946663	f2670cc21bde2575c340567360635544	open	11A	01	BSA	Solid Tissue Normal	False
TCGA-BH-A0E0	Tissue Slide	a092b2ad-1133-4784-8b7d-e4fc47af2461	TCGA-BH-A0E0-11A-01-TSA.37cd3113-00c2-470c-aab3-909656d9a559.svs	94678425	b9e0fed0e1024782ee8dd6f589302611	open	11A	01	TSA	Solid Tissue Normal	False
TCGA-BH-A0E1	Diagnostic Slide	f6141773-e90b-44c0-893c-60990a784797	TCGA-BH-A0E1-01Z-00-DX1.257EB36A-1008-4890-927B-204EF05DBE90.svs	1761461611	2459ab4c6bf774515892727d6c75fac4	open	01Z	00	DX1	Primary Tumor	True
TCGA-BH-A0E1	Tissue Slide	adc0c591-b3da-403d-a122-b2b528632bb8	TCGA-BH-A0E1-01A-01-BSA.57534115-65b7-48cc-b124-13b8f3c15d48.svs	512969779	c3ab8d6d8e1030d36c46e577c8fef6be	open	01A	01	BSA	Primary Tumor	True
TCGA-BH-A0E1	Tissue Slide	50043348-95f5-442b-ba30-342d98900266	TCGA-BH-A0E1-01A-01-TSA.01da1142-7d58-419d-998b-acd3be403d31.svs	320754387	a0c82dbae4bb321df24398af0e843eca	open	01A	01	TSA	Primary Tumor	True
TCGA-BH-A0E1	Tissue Slide	6600f3ec-adfb-4425-aa6c-c26a8bb591bf	TCGA-BH-A0E1-11A-01-BSA.92fc4382-6bb1-4ca5-ac90-8116afde7d92.svs	160956855	0e5871cdefa21657d278a36fc0f33dee	open	11A	01	BSA	Solid Tissue Normal	False
TCGA-BH-A0E1	Tissue Slide	62ec126e-e590-4881-b26a-f196947fe2f7	TCGA-BH-A0E1-11A-01-TSA.e81e751c-af38-4650-8add-93c6def815f3.svs	178154329	f90201f2ca99eda0eb0271fa74f21921	open	11A	01	TSA	Solid Tissue Normal	False
TCGA-BH-A0E9	Diagnostic Slide	4ee14819-c89c-48e8-b4ae-57a98757e436	TCGA-BH-A0E9-01Z-00-DX1.5FC4A5E1-3984-4869-9FFB-C0C7F9EAF5FE.svs	1173561805	1d6b320abf6290a3a9b4b168af808009	open	01Z	00	DX1	Primary Tumor	True
TCGA-BH-A0E9	Tissue Slide	d5474e86-afd3-4c9d-84ab-8de60eafff20	TCGA-BH-A0E9-01B-01-BSA.a92a2910-0c73-4abb-9c85-b1d1f7d19618.svs	186975839	0e2bd037de5af642266fb1508c2ff919	open	01B	01	BSA	Primary Tumor	True
TCGA-BH-A0E9	Tissue Slide	0bce8199-d5ff-4bfd-8908-0aff097f07d9	TCGA-BH-A0E9-01B-01-MSA.dd6f8fe7-ceaa-4396-82c2-f27d12a6dd6b.svs	325142051	2c68f484c291682b007f796c87e4d534	open	01B	01	MSA	Primary Tumor	True
TCGA-BH-A0EE	Diagnostic Slide	d6861a4d-02ac-4253-b5d1-9fc6d5fc71b4	TCGA-BH-A0EE-01Z-00-DX1.872EA586-25C8-4835-A138-152DFA1EBF30.svs	1692124169	6e42c62793eca99707388933fdd0c9a5	open	01Z	00	DX1	Primary Tumor	True
TCGA-BH-A0EE	Tissue Slide	a7be3dc4-51bd-4eac-8f3c-5223fe8e5f5d	TCGA-BH-A0EE-01A-01-BSA.3b661349-b956-42ea-8872-db00f9a397f2.svs	655850693	5b87ff841092f758fcacafed1a11a6f8	open	01A	01	BSA	Primary Tumor	True
TCGA-BH-A0EE	Tissue Slide	ef15939a-0d82-4933-ad8e-a9f8c023dab2	TCGA-BH-A0EE-01A-01-TSA.73130d8d-377f-4924-b023-0908ec862747.svs	471558753	95d80df6bedb80b29e9dbf68d54b00f9	open	01A	01	TSA	Primary Tumor	True
TCGA-BH-A0HK	Diagnostic Slide	4f8c0f93-5eac-40bc-bbc2-78cba1cf3e7e	TCGA-BH-A0HK-01Z-00-DX1.019036F5-647A-4EC4-8479-F2C100291AEF.svs	2057884625	6881fa0361d97058878ae90d14b1cf52	open	01Z	00	DX1	Primary Tumor	True
TCGA-BH-A0HK	Tissue Slide	76319bf2-4196-4173-8be6-c0526fbf68d2	TCGA-BH-A0HK-01A-01-BSA.9503c4b2-4f84-4b5e-80a1-2e29605606b2.svs	237917207	5614ec3df853ebe457a423c28926668a	open	01A	01	BSA	Primary Tumor	True
TCGA-BH-A0HK	Tissue Slide	e400a358-e59e-49fd-805d-d0290cca99f0	TCGA-BH-A0HK-01A-01-TSA.baefe9ea-a565-4ec1-92b2-6b62ed9944e3.svs	247327131	9b4d82723cb249b8bf2116d55574cef1	open	01A	01	TSA	Primary Tumor	True
TCGA-BH-A0HK	Tissue Slide	472e3bac-752a-4c4a-a244-2b84606f7a4d	TCGA-BH-A0HK-11A-01-BSA.cb7cc1cb-17d2-4a33-a299-c8b231dccb46.svs	70845003	00a361768006862943ea4295f74d3c6c	open	11A	01	BSA	Solid Tissue Normal	False
TCGA-BH-A0HK	Tissue Slide	10eb373a-c792-421d-a756-bec81150eac2	TCGA-BH-A0HK-11A-01-TSA.212cfdb9-69cc-41ef-8583-1d0da12d73e5.svs	81204439	e9132b87d8c9ec27ae58be3cc087ffdc	open	11A	01	TSA	Solid Tissue Normal	False
TCGA-BH-A0HP	Diagnostic Slide	150c8041-3a15-426c-bbef-8830a8da06c2	TCGA-BH-A0HP-01Z-00-DX1.F1FF6E88-B2D1-40AA-8373-1714D82E666F.svs	1224432283	ef074d5be8da1fb79fd3a388e1e49d95	open	01Z	00	DX1	Primary Tumor	True
TCGA-BH-A0HP	Tissue Slide	e69c8e0a-a47c-49a9-bb71-43b28edf08b4	TCGA-BH-A0HP-01A-01-BSA.c795ed04-0ade-4ed8-9a8b-526b4b789838.svs	496313243	62d4f86f989534d566c60ad3a60b469e	open	01A	01	BSA	Primary Tumor	True
TCGA-BH-A0HP	Tissue Slide	3fd44a43-540c-44da-b5e6-c0a5637c6c93	TCGA-BH-A0HP-01A-01-TSA.f21bc9c8-67ad-4b4c-b9ac-5d824f2c0df8.svs	616831659	7b5c4f573be87c714ba3e3db0de374f5	open	01A	01	TSA	Primary Tumor	True
TCGA-BH-A18N	Diagnostic Slide	980ea997-6a99-49b0-a3a2-42243f13725f	TCGA-BH-A18N-01Z-00-DX1.FE0E24A1-8AE9-4021-B9C7-B408EE0DE329.svs	1383371133	ce086c08b6db8a60c61326c0f66aee69	open	01Z	00	DX1	Primary Tumor	True
TCGA-BH-A18N	Tissue Slide	83e88b44-9f5b-4430-aabd-3c7bb963fcb2	TCGA-BH-A18N-01A-01-TSA.fa28d892-c8d9-4e85-af22-24c75bb952f9.svs	291069525	f446b1567106dc0e262feee885402651	open	01A	01	TSA	Primary Tumor	True
TCGA-BH-A18N	Tissue Slide	9f951971-317b-4a02-9998-12d9e05deb1e	TCGA-BH-A18N-11A-01-TSA.67433f2f-b31c-420a-adb5-358ca3dfeb3e.svs	86926559	48b8c25e6f562f95b16749a947fdd1f0	open	11A	01	TSA	Solid Tissue Normal	False
TCGA-BH-A18N	Tissue Slide	2ed1ad16-98b3-4941-b223-47a1af8efdae	TCGA-BH-A18N-11A-02-TSB.c1360bc0-7e02-4847-a9de-db90a7005bfa.svs	68191817	6d52ff8616741c806b5b69a8a8aa2468	open	11A	02	TSB	Solid Tissue Normal	False
TCGA-BH-A18N	Tissue Slide	11a5dc17-fe05-4949-a5f2-be3e0a1069c1	TCGA-BH-A18N-11A-03-TSC.812dc8a3-8b4b-4c72-b9a6-fe699a63eb89.svs	66321057	4df7c9085f77967f62ff956c04d23402	open	11A	03	TSC	Solid Tissue Normal	False
TCGA-BH-A18N	Tissue Slide	5df4c1e0-8ece-4e5f-8deb-667685cf4ca8	TCGA-BH-A18N-11A-04-TSD.dc113c2d-2491-48d2-8173-70e4ef0a7330.svs	73347195	8e9112907ac506b4fda3d68a416ca30b	open	11A	04	TSD	Solid Tissue Normal	False
TCGA-BH-A18Q	Diagnostic Slide	490c4a57-24fc-4595-8b03-285ec9c61181	TCGA-BH-A18Q-01Z-00-DX1.E89E49C7-D62A-4408-A3D9-19E79FCB249E.svs	1516526731	5e1cdc5a8e297614289a3825f41a8adc	open	01Z	00	DX1	Primary Tumor	True
TCGA-BH-A18Q	Tissue Slide	e49fbc73-c083-4d84-a664-24cf3f9be746	TCGA-BH-A18Q-01A-01-TSA.53679e88-228a-40c4-b82b-742c601e3096.svs	468247887	59f2cee5c89cf4787f51af8e2ef76efc	open	01A	01	TSA	Primary Tumor	True
TCGA-BH-A18Q	Tissue Slide	568bcf87-9647-40f4-8a45-e14c5b47d08c	TCGA-BH-A18Q-11A-01-TSA.cf47b7ab-8a52-4867-ba62-0caea0107a9b.svs	69563187	7419343562ae397928c442a7d9deb798	open	11A	01	TSA	Solid Tissue Normal	False
TCGA-BH-A18Q	Tissue Slide	2b160acf-6c84-4dbb-8ea6-09f7f62f84c6	TCGA-BH-A18Q-11A-02-TSB.5e23d89f-cfad-41c3-937a-6b4d70e7a18f.svs	63194129	2c7910830d838044c35187921ecd5f65	open	11A	02	TSB	Solid Tissue Normal	False
TCGA-BH-A18Q	Tissue Slide	0bb48dda-153f-4892-bb02-0675f824c2a4	TCGA-BH-A18Q-11A-03-TSC.fc585bb7-e259-444b-9132-4735a0fbd450.svs	46496849	4cf889e425610ea3f0b3e63e50c0e689	open	11A	03	TSC	Solid Tissue Normal	False
TCGA-BH-A18R	Diagnostic Slide	62dd8f98-0fac-4d85-befb-36b23e29eba2	TCGA-BH-A18R-01Z-00-DX1.07E6FA7F-5072-4327-9982-A40F010B7532.svs	1776131415	bbb1da8e672c250e530722d86a5bab9f	open	01Z	00	DX1	Primary Tumor	True
TCGA-BH-A18R	Tissue Slide	847310c9-1770-4c92-8c7e-80688f7f369c	TCGA-BH-A18R-01A-01-TSA.d57b08ae-35a1-40ca-9a74-7ebac8c8cc53.svs	267427687	800f8e1aeb4a4f822c3b4092730b262e	open	01A	01	TSA	Primary Tumor	True
TCGA-BH-A18R	Tissue Slide	ce6082de-ceac-4813-8e90-3e3b36aed569	TCGA-BH-A18R-11A-01-TSA.7fed6f84-608c-4327-860d-41e57e8dc6ef.svs	69506683	9c29dfc4d63fa358cff041c239d1e292	open	11A	01	TSA	Solid Tissue Normal	False
TCGA-BH-A18R	Tissue Slide	14a2ce9f-dd52-4d7c-a488-6d02b2617466	TCGA-BH-A18R-11A-02-TSB.99c62391-0a05-4d3d-a32f-3cbe4b90f881.svs	70421569	eb04639a72c5464b14a23605c06d97c8	open	11A	02	TSB	Solid Tissue Normal	False
TCGA-BH-A18R	Tissue Slide	77ec0dc1-f516-4afa-b799-901a7814046a	TCGA-BH-A18R-11A-03-TSC.14aecef8-d2e7-46cb-9510-701e8650976b.svs	84020697	39ffd5d67eff3938eb63061ec2a2211a	open	11A	03	TSC	Solid Tissue Normal	False
TCGA-BH-A18R	Tissue Slide	0fde76e9-f40a-44c8-9556-16bc591baddb	TCGA-BH-A18R-11A-04-TSD.7619babc-0ad5-4789-bd86-25e3c3a22ef3.svs	50000403	26973008aa118e24e4555c453a45e361	open	11A	04	TSD	Solid Tissue Normal	False
TCGA-BH-A18U	Diagnostic Slide	73662afd-f0c0-4a23-bb18-a72f6ab93c70	TCGA-BH-A18U-01Z-00-DX1.63940315-59BC-462B-87A8-2BBB33C9503E.svs	1613632345	61750382812c105e8fdb1fd027af739f	open	01Z	00	DX1	Primary Tumor	True
TCGA-BH-A18U	Tissue Slide	cc776dec-81b6-4f18-bfda-8e51ced636c0	TCGA-BH-A18U-01A-02-TSB.157a84f2-044a-4414-a029-d5b626e1b53e.svs	215371387	038241dababc6946325a65a1770aff62	open	01A	02	TSB	Primary Tumor	True
TCGA-BH-A18U	Tissue Slide	4301d8c4-db2a-42a0-9a73-b3dbbc3634c3	TCGA-BH-A18U-11A-01-TSA.31543ccd-35dd-4a3e-bee8-c1499300917b.svs	88245893	384b5f2f0a2bb96bc91f2515d8a45d49	open	11A	01	TSA	Solid Tissue Normal	False
TCGA-BH-A18U	Tissue Slide	594a1c59-e324-467d-b68b-3a1a5ea80530	TCGA-BH-A18U-11A-02-TSB.8810d21d-1f53-4ba1-9754-c76522f8d84a.svs	69008527	e565cba16920e2e7bf95de3748090b62	open	11A	02	TSB	Solid Tissue Normal	False
TCGA-BH-A18V	Diagnostic Slide	a5fef0d4-d358-490d-aca4-8c1eae62be3d	TCGA-BH-A18V-01Z-00-DX1.7797760A-05CD-436E-97DA-31D6201F943B.svs	1222805917	b0961c2b14627fa6fa15a92eddde55ea	open	01Z	00	DX1	Primary Tumor	True
TCGA-BH-A18V	Tissue Slide	7f10cb40-0dc3-447c-b7aa-1852ed65bfa0	TCGA-BH-A18V-01A-01-TSA.c53853f8-5b57-4695-9d13-58cfd0d5819b.svs	432928551	9d20c2f2b96ad3e005c78fd557d01a1f	open	01A	01	TSA	Primary Tumor	True
TCGA-BH-A18V	Tissue Slide	b69e1106-0c5b-4fd2-bd00-f3aa3ea9eda8	TCGA-BH-A18V-06A-01-TSA.BEF73FC6-FB7D-47EE-8674-DF132F5D5B06.svs	240552501	9f4d932786f1b8d659297c2811ecc01f	open	06A	01	TSA	Metastatic	True
TCGA-BH-A18V	Tissue Slide	ffd6b994-62bc-4799-9127-f9ca6dd3e043	TCGA-BH-A18V-11A-01-TSA.45955e02-8acb-43e7-859c-a16a95aadd36.svs	77842833	27d03694082af09f0612aa0b34cac99f	open	11A	01	TSA	Solid Tissue Normal	False
TCGA-BH-A18V	Tissue Slide	cadeb7e5-4f89-4965-b8b8-4f0a4b710a02	TCGA-BH-A18V-11A-02-TSB.6d39d85d-2309-4b01-b860-2273580ad4ef.svs	58355077	db20dbe3222a2c303aa5dd7dd4332dd2	open	11A	02	TSB	Solid Tissue Normal	False
TCGA-BH-A18V	Tissue Slide	30410583-ca84-407f-a3db-128f29b3c664	TCGA-BH-A18V-11A-03-TSC.18ff74d9-eac0-401e-ac2d-8511f81b5e28.svs	78761281	306bca25332661af4656ebb60f18db45	open	11A	03	TSC	Solid Tissue Normal	False
TCGA-BH-A18V	Tissue Slide	55043cdd-648c-413b-bfb2-ea441fcb3a12	TCGA-BH-A18V-11A-04-TSD.4c816f6c-b656-4aab-8011-97c4077da74f.svs	72959699	e2266f528195f495910db7cf70231c47	open	11A	04	TSD	Solid Tissue Normal	False
TCGA-BH-A18V	Tissue Slide	593619c0-0fdc-4032-a7a1-4960fbd423e0	TCGA-BH-A18V-11A-05-TSE.e0ed4c5f-4c86-4837-a29f-3c5426ebb2b9.svs	110477147	5a7d5bd0984f06793722b13e3a13a2e4	open	11A	05	TSE	Solid Tissue Normal	False
TCGA-C8-A12L	Diagnostic Slide	bba8756d-a6d8-489f-a3bc-162287f4a260	TCGA-C8-A12L-01Z-00-DX1.01863BE4-F4AB-45DE-894A-46544777C519.svs	1045512395	7655a4d4fd9cfb0a2738f81aa5488347	open	01Z	00	DX1	Primary Tumor	True
TCGA-C8-A12L	Tissue Slide	fd339777-4def-4466-8fee-9762b7bab9f9	TCGA-C8-A12L-01A-01-BSA.f97cb175-3951-4f67-ac52-18ad07e74726.svs	268191837	f4f02bc662490ba1688446f40d3ed496	open	01A	01	BSA	Primary Tumor	True
TCGA-C8-A12L	Tissue Slide	30998331-0ea1-485f-9138-c377006a6251	TCGA-C8-A12L-01A-01-TSA.0e63ef85-144d-4827-9e61-fd54a5320ddf.svs	392278301	ce1a66bf74f2f4f79467dcd892a054d6	open	01A	01	TSA	Primary Tumor	True
TCGA-C8-A12P	Diagnostic Slide	c2c93798-a4df-47ff-a281-8960ae8c5c41	TCGA-C8-A12P-01Z-00-DX1.670B5DE8-07B0-4E4C-93FA-FA3DFFCCE50D.svs	300148309	151f025bee789c6b68f4f15eb3159f39	open	01Z	00	DX1	Primary Tumor	True
TCGA-C8-A12P	Tissue Slide	4d55a37b-93e8-46f8-97cd-d6accd698064	TCGA-C8-A12P-01A-01-BSA.0c86a6ed-1d8f-47a9-ab33-7d232c3e359b.svs	355452387	8b43164b7f05d72f499a02661a3899d3	open	01A	01	BSA	Primary Tumor	True
TCGA-C8-A12P	Tissue Slide	92425836-14ff-431e-b17f-9f1ff40f590c	TCGA-C8-A12P-01A-01-TSA.a635ee87-3392-4ce7-93a3-87fc5680e4e9.svs	144918885	c39a8e6565f368c5b12ea234a747a00a	open	01A	01	TSA	Primary Tumor	True
TCGA-C8-A12Q	Diagnostic Slide	b411c802-4c8d-4b65-8eee-72a538f14f65	TCGA-C8-A12Q-01Z-00-DX1.CE74E5B7-FD30-4CBE-8716-ECCF2213AAC3.svs	857550913	69e6ca0e1bd272bef529229b65bcc265	open	01Z	00	DX1	Primary Tumor	True
TCGA-C8-A12Q	Tissue Slide	c85314c2-d915-413a-aa8d-aa8d7cfb74e3	TCGA-C8-A12Q-01A-01-BSA.0ca5b171-d61d-4e6d-b365-4cd6bd288aec.svs	401508309	9425a8cac30ccb61fa2d6c86292d4d0f	open	01A	01	BSA	Primary Tumor	True
TCGA-C8-A12Q	Tissue Slide	362fc07e-b3cb-47ba-b5e2-f49c5f89e3eb	TCGA-C8-A12Q-01A-01-TSA.b3023358-4c0f-4d25-a1e6-cd23f160f901.svs	339756703	ce743b83ffc9a73c13aba70dba7a1854	open	01A	01	TSA	Primary Tumor	True
TCGA-C8-A12T	Diagnostic Slide	d8f28f5d-f430-46c9-b0e8-fba6e9fd9633	TCGA-C8-A12T-01Z-00-DX1.EF628C26-C570-4D15-A0C0-58B2CC40ABFC.svs	929342787	cce6980ed7112a83b98d5e6e2e95a7f8	open	01Z	00	DX1	Primary Tumor	True
TCGA-C8-A12T	Tissue Slide	6efad6d0-e6df-448d-a49f-aacd99e83c61	TCGA-C8-A12T-01A-01-BSA.bad01673-9581-4bac-b060-56e5bbc2fcd3.svs	302772509	28729acb7557bcc00cb3aae6e2bfc675	open	01A	01	BSA	Primary Tumor	True
TCGA-C8-A12T	Tissue Slide	08de4fc6-4829-407f-8cb3-38c76b4773c0	TCGA-C8-A12T-01A-01-TSA.c02a2d06-ae14-49da-9f03-5f2f296ad012.svs	339272411	cfeb07ae5a16e0013a820a84bdfd4bec	open	01A	01	TSA	Primary Tumor	True
TCGA-C8-A12U	Diagnostic Slide	e2e311be-a900-4214-a604-0e65415444f2	TCGA-C8-A12U-01Z-00-DX1.8E90FC9F-630E-4611-A5D2-D6F11DBE81EF.svs	1657634449	9e840bfe35cb109dd049cdd3b7df9df0	open	01Z	00	DX1	Primary Tumor	True
TCGA-C8-A12U	Tissue Slide	2d9711ea-7063-4669-8637-94954be4f649	TCGA-C8-A12U-01A-01-BSA.7c5796ff-ef35-4ced-8216-254cd8cbc271.svs	165728381	f21344baff2760b476170713f5ce19b2	open	01A	01	BSA	Primary Tumor	True
TCGA-C8-A12U	Tissue Slide	ea169018-b479-412e-9cca-dfae087e5909	TCGA-C8-A12U-01A-01-TSA.46d73ab3-ab0b-4739-aabc-3a678d422419.svs	158041893	2766b975858ff611cd91afad04d890ff	open	01A	01	TSA	Primary Tumor	True
TCGA-C8-A12V	Diagnostic Slide	c92280a3-2025-463e-b791-1946c09964dd	TCGA-C8-A12V-01Z-00-DX1.84B29360-B87B-4648-A697-B6610336C2BB.svs	1318438387	28797623aabac0474f91328b9c8adb43	open	01Z	00	DX1	Primary Tumor	True
TCGA-C8-A12V	Tissue Slide	fb5105d2-be97-4e92-ad46-c327856b9c5e	TCGA-C8-A12V-01A-01-BSA.786f1496-199f-41ae-a487-540f3f599600.svs	236462761	ddbe301a186ef05ae30ef5ddd95b3fb1	open	01A	01	BSA	Primary Tumor	True
TCGA-C8-A12V	Tissue Slide	2865225a-e551-48dc-b5d2-6182f6a81c0d	TCGA-C8-A12V-01A-01-TSA.e3f84baa-0829-4683-a26c-b50c7f732f4a.svs	252470333	37699b4e99f6d5c238f95eeace410e5d	open	01A	01	TSA	Primary Tumor	True
TCGA-C8-A12W	Diagnostic Slide	9a169dda-e4c8-45c1-b0e8-d092916084fb	TCGA-C8-A12W-01Z-00-DX1.3727E7BB-831E-42DB-B5CB-F2D7C649290F.svs	928465089	f694b05b37336ec21000978988b12348	open	01Z	00	DX1	Primary Tumor	True
TCGA-C8-A12W	Tissue Slide	58be832f-f978-492a-b948-20e1e3bc53a1	TCGA-C8-A12W-01A-01-BSA.16af5fbe-7bcf-4274-8762-e255595462f6.svs	309966825	b4a80b588a7e5679af7d09dbe326e859	open	01A	01	BSA	Primary Tumor	True
TCGA-C8-A12W	Tissue Slide	4ae095aa-e5fd-48fb-9ad7-30c430691032	TCGA-C8-A12W-01A-01-TSA.763f7b10-e613-4d9a-be67-4329e670f882.svs	642658197	73f59239d26a83b0e8904df6c5f21923	open	01A	01	TSA	Primary Tumor	True
TCGA-C8-A12Z	Diagnostic Slide	98638d86-4317-4124-b2bf-cd15b49de91d	TCGA-C8-A12Z-01Z-00-DX1.22616420-7C80-42DE-9C44-0F00327681C6.svs	1003552201	b618645a2f61a71ec81af7c5ed46bc3c	open	01Z	00	DX1	Primary Tumor	True
TCGA-C8-A12Z	Tissue Slide	0fa2889a-54ce-493b-99d1-eaa37c0fad6c	TCGA-C8-A12Z-01A-01-BSA.e7ddd80e-4b44-49f3-ac1c-4cf2b061c0a6.svs	561893901	899c893a3a88b7388fee4f193f856a11	open	01A	01	BSA	Primary Tumor	True
TCGA-C8-A12Z	Tissue Slide	2f7f3248-44d7-49da-b63a-8824f4bf6e81	TCGA-C8-A12Z-01A-01-TSA.d85a700f-8886-4b59-8ceb-d1d8e15fdd19.svs	214185277	b996def520ee1dbb447fc1439f021884	open	01A	01	TSA	Primary Tumor	True
TCGA-C8-A130	Diagnostic Slide	7b7166ab-36b5-4f1b-bd82-8b45d8b7ecbd	TCGA-C8-A130-01Z-00-DX1.F6810204-C35A-4461-A18A-0A117739B988.svs	741021379	44e964e2182f615cea328fb8fe35499a	open	01Z	00	DX1	Primary Tumor	True
TCGA-C8-A130	Tissue Slide	1118147d-1714-46f5-9f4a-9dc268a9f31f	TCGA-C8-A130-01A-03-BSC.f362f3af-a66f-4a3b-a3cc-3768a59602f3.svs	228843989	85ba7d328288dc909bee8db2e56fcb06	open	01A	03	BSC	Primary Tumor	True
TCGA-C8-A130	Tissue Slide	95224ffa-abba-4170-99f2-7fe7393f89ae	TCGA-C8-A130-01A-03-TSC.251e7faa-da83-468e-ad6e-4c14768a595e.svs	224596517	9581a164101b4a037d045067fe55f4db	open	01A	03	TSC	Primary Tumor	True
TCGA-C8-A131	Diagnostic Slide	d42eb4ce-d300-46be-8b46-059a98c2ddb8	TCGA-C8-A131-01Z-00-DX1.5CB27A29-9951-40B9-B4DB-26A4D2EA89B8.svs	870167195	336ef0db4e60e4dfd4135c9420186e5e	open	01Z	00	DX1	Primary Tumor	True
TCGA-C8-A131	Tissue Slide	bdcd04e3-0b87-4f09-9cbe-7d2adcd1694f	TCGA-C8-A131-01A-01-BSA.df5faaa8-e4ac-4a4b-8ef2-ff2063c9ae2f.svs	314467397	0b101995c785aa3464254f7fed03d3ed	open	01A	01	BSA	Primary Tumor	True
TCGA-C8-A131	Tissue Slide	56215ddf-b120-4a3b-aa31-1a8e8fb206da	TCGA-C8-A131-01A-01-TSA.accbe649-9fc6-4f5b-b001-a27366ac9024.svs	349230993	b6525bbd62f9cde2a1f50d574acb0972	open	01A	01	TSA	Primary Tumor	True
TCGA-C8-A134	Diagnostic Slide	fe67512b-05d2-4218-ad62-f03869a13682	TCGA-C8-A134-01Z-00-DX1.78D10BCC-98B3-4587-897D-3E27DA28D2EB.svs	734483739	422e28986062b5333cd7bc49eb5452a2	open	01Z	00	DX1	Primary Tumor	True
TCGA-C8-A134	Tissue Slide	20a8b48f-3c56-44e4-a4f3-763e118837d0	TCGA-C8-A134-01A-01-BSA.f8e29c16-ea94-4398-8e3b-c50294afc3e8.svs	125880497	f3dd79360a0c272d8858f5a578d58b2d	open	01A	01	BSA	Primary Tumor	True
TCGA-C8-A134	Tissue Slide	43fb70a8-f620-4912-b25a-1f64590470d4	TCGA-C8-A134-01A-01-TSA.76591f60-9e71-495f-beca-e4b91ef3dd68.svs	170296013	1749fce65a529291f11a3201f3913150	open	01A	01	TSA	Primary Tumor	True
TCGA-C8-A135	Diagnostic Slide	8023b864-d63f-4a39-bba7-2751ac85758e	TCGA-C8-A135-01Z-00-DX1.B69A605E-B577-4F43-9471-2C95312B05D9.svs	1302983215	8acc78bf48b9b92d235fd23c62e36d2c	open	01Z	00	DX1	Primary Tumor	True
TCGA-C8-A135	Tissue Slide	6bee3ab4-ffb0-4471-a280-db04b5488411	TCGA-C8-A135-01A-01-BSA.4871792f-d00b-4541-815b-7aaa44c43f94.svs	241447467	9606702550dccd78281daba5c880fd11	open	01A	01	BSA	Primary Tumor	True
TCGA-C8-A135	Tissue Slide	e452ae52-65f3-4b33-bc44-9be7d78468cc	TCGA-C8-A135-01A-01-TSA.c03f75de-8d25-4f74-8ca4-498db35d5df9.svs	351560785	77969b791b0af4da6113a72d8c3ad964	open	01A	01	TSA	Primary Tumor	True
TCGA-C8-A138	Diagnostic Slide	82216d1a-fccb-4c49-8187-57a1dd4b6ef3	TCGA-C8-A138-01Z-00-DX1.845A0680-23A4-4A58-A9C4-2EE17BDBD371.svs	869990383	6f291829ce701e59f80bac852e22da3f	open	01Z	00	DX1	Primary Tumor	True
TCGA-C8-A138	Tissue Slide	a4ee1cd5-de85-4230-9bff-b4e2413ab3d0	TCGA-C8-A138-01A-01-BSA.27aba9f8-6a6e-41b5-b15d-89206cc475a6.svs	197118691	83dae5f4f8fa359e8605f2f1f9634ddb	open	01A	01	BSA	Primary Tumor	True
TCGA-C8-A138	Tissue Slide	66064c57-9ac0-4d16-9e93-b237a1a31536	TCGA-C8-A138-01A-01-TSA.51e98f1b-b02a-4c46-92d4-73bc15a006d0.svs	129178941	4df2f72b5e1fe741f48b4ada2fe8400d	open	01A	01	TSA	Primary Tumor	True
TCGA-D8-A13Y	Diagnostic Slide	f6d87b26-cf87-482f-83d6-bd2eb52938e4	TCGA-D8-A13Y-01Z-00-DX1.02321E77-A11E-41A5-95FE-BB897EA5CE58.svs	1288034375	64fea40919ae536371305e3b5d254f05	open	01Z	00	DX1	Primary Tumor	True
TCGA-D8-A13Y	Diagnostic Slide	1f4d56a0-b948-4a65-8b3a-f66d30317e0b	TCGA-D8-A13Y-01Z-00-DX2.0043D2BB-B04D-4A44-AAB1-1CAAD97AC246.svs	1113041087	ded8abd36db91a73a2505bc06b37e39d	open	01Z	00	DX2	Primary Tumor	True
TCGA-D8-A13Y	Tissue Slide	76371ddc-885f-4fe3-b099-faca5e7a11cb	TCGA-D8-A13Y-01A-01-BSA.e5ebf2b4-7022-45da-8001-e499964080fd.svs	270080657	7b754f3da093f0962bc0f58a2723224a	open	01A	01	BSA	Primary Tumor	True
TCGA-D8-A13Y	Tissue Slide	131dc5ec-a489-4d05-8ba6-fe52b05dc759	TCGA-D8-A13Y-01A-01-TSA.3b97c805-0681-4e8d-9dd9-f24a9c2bb4cd.svs	174455641	b677402a6e37779c5cfeff0e2dd113d2	open	01A	01	TSA	Primary Tumor	True
TCGA-D8-A142	Diagnostic Slide	1f655c4a-0e64-4d6e-b016-b134905d773b	TCGA-D8-A142-01Z-00-DX1.F6D58989-9120-40C9-918D-6B1650C1A8E8.svs	1286239095	aaedf4acb9cf41c3c819ff1456998b72	open	01Z	00	DX1	Primary Tumor	True
TCGA-D8-A142	Tissue Slide	16d9a36e-27db-4453-8f60-3e067a4ed7f9	TCGA-D8-A142-01A-01-BS1.82a62b94-698c-4047-a13d-083bf49170ed.svs	213134787	7224652aef7524ffe42c0cade0330ec8	open	01A	01	BS1	Primary Tumor	True
TCGA-D8-A142	Tissue Slide	41b1dfd9-b0fc-497a-93dd-a045e3705d5b	TCGA-D8-A142-01A-01-TS1.c9a5ce5f-59a8-4e02-8168-269ec044dbd9.svs	446343959	b0d0ecf2f069e80f6d631842e543807e	open	01A	01	TS1	Primary Tumor	True
TCGA-E2-A10A	Diagnostic Slide	c580a40b-fafe-4322-92b7-b065c8bd9f97	TCGA-E2-A10A-01Z-00-DX1.98B19EF1-0DAE-4DC6-8B0E-963CFABC6724.svs	1341476123	999897d92d1745ae4d2ff13d49b57b0f	open	01Z	00	DX1	Primary Tumor	True
TCGA-E2-A10A	Tissue Slide	79dca752-0c8d-40e6-9525-a640548e25a8	TCGA-E2-A10A-01A-02-BSB.79389df7-59f1-427f-80d4-3a959407407e.svs	146616199	30d39b3c868182d94d5aac1b174b6e8e	open	01A	02	BSB	Primary Tumor	True
TCGA-E2-A10A	Tissue Slide	762e2845-4609-4edb-a176-9a51786f9572	TCGA-E2-A10A-01A-02-TSB.36e0494e-10c5-4b95-a77c-d8dbe2532135.svs	174115723	761ed09cb747645c8f345ee90ff852fa	open	01A	02	TSB	Primary Tumor	True
TCGA-E2-A150	Diagnostic Slide	8b523360-eac2-4e93-aa58-5f109bbb6820	TCGA-E2-A150-01Z-00-DX1.55643D23-83E6-4058-8EA5-18AAA8547839.svs	1611920503	6b4bb46257e4cef8d58720320e5b3ec6	open	01Z	00	DX1	Primary Tumor	True
TCGA-E2-A150	Tissue Slide	65613803-689a-4904-8f4f-d2c387874a1c	TCGA-E2-A150-01A-01-TSA.c32feae0-434d-4e04-9cfa-5b0d89547711.svs	124509299	cb174fa9aa2c84f85bf4c95717208f7e	open	01A	01	TSA	Primary Tumor	True
TCGA-E2-A154	Diagnostic Slide	25aec062-60d1-446e-a1c6-0c79cc74a770	TCGA-E2-A154-01Z-00-DX1.01FC9B1A-8ECD-4467-9EDD-0B02E4AEEF72.svs	1360743825	a8c4b68fb6e0ab3e862efe3ed1fe10d7	open	01Z	00	DX1	Primary Tumor	True
TCGA-E2-A154	Tissue Slide	140f1097-9544-4d00-af9f-1291d8de8091	TCGA-E2-A154-01A-01-TS1.49b5b0d1-36eb-486f-bcf2-e575ac4764bd.svs	213583517	dc47a7b0c7841a9a37d89e54cdfc31ac	open	01A	01	TS1	Primary Tumor	True
TCGA-E2-A158	Diagnostic Slide	672685f0-fe97-415f-b52b-e451ac87294f	TCGA-E2-A158-01Z-00-DX1.994C60FE-E651-4224-95E7-4669834F2338.svs	835921309	5c30db3b3737a6901df482c432311350	open	01Z	00	DX1	Primary Tumor	True
TCGA-E2-A158	Tissue Slide	d9cc234b-23ca-4168-afb6-f94571b3f4b1	TCGA-E2-A158-01A-01-TS1.7dc3c147-bcdb-4e14-83ef-71e24102846a.svs	243988219	b6d1ae0fc94375d1ff78340e87e4d4f1	open	01A	01	TS1	Primary Tumor	True
TCGA-E2-A158	Tissue Slide	b0b7de0c-f12e-448a-aa27-7c9377058d93	TCGA-E2-A158-11A-02-TS2.97f08d10-8897-4a8b-8c35-7eaaaf0a3049.svs	94062765	816000a97139c7660a7714026bb7efc1	open	11A	02	TS2	Solid Tissue Normal	False
TCGA-E2-A159	Diagnostic Slide	a221cf48-592f-46db-b067-e3515a4262cb	TCGA-E2-A159-01Z-00-DX1.C8DC3356-CAE9-4E7A-AEFF-ABB4BE38192B.svs	1490421645	16d555d297c208835245c04496adee36	open	01Z	00	DX1	Primary Tumor	True
TCGA-E2-A159	Tissue Slide	f0c0281e-d474-453c-8f21-3a0ba68a90e0	TCGA-E2-A159-01A-01-TSA.257b9eec-d799-4545-bae4-b279258bba63.svs	338803969	01f6d8360e1bffa09d523e0af4a4c6d0	open	01A	01	TSA	Primary Tumor	True
TCGA-E2-A15A	Diagnostic Slide	95bcf26c-2f32-498a-a8c4-fa85fc78f89e	TCGA-E2-A15A-01Z-00-DX1.B9D22735-FE9F-46D9-84E6-0C71A1BF84D6.svs	1693631287	6516a38abf7e29aaad31e78c1e56c710	open	01Z	00	DX1	Primary Tumor	True
TCGA-E2-A15A	Tissue Slide	a4727f2d-1ffc-4090-a621-f9ef963e6c90	TCGA-E2-A15A-01A-01-TS1.12b3eabe-32d3-4772-8337-e4ae024911bb.svs	254997237	c3fc402d22024fe234926d730ac877c1	open	01A	01	TS1	Primary Tumor	True
TCGA-E2-A15A	Tissue Slide	62affd99-2bfa-4765-9d99-b3fb3652be56	TCGA-E2-A15A-06A-01-TS1.bc17c613-409e-4308-beae-d7dea1493c10.svs	358786387	411d5edd44e4bf47a27ceb4fb95425e7	open	06A	01	TS1	Metastatic	True
