case	n_dx	n_ts_all	n_ts_tumour	n_ts_normal	ts_tumour_codes	ts_tumour_labels	ts_tumour_gb
TCGA-A2-A0CM	1	2	2	0	01A	BSC,TSC	0.420
TCGA-A2-A0D0	1	2	2	0	01A	BSA,TSA	0.679
TCGA-A2-A0EQ	1	2	2	0	01A	BSA,TSA	0.868
TCGA-A2-A0EV	1	2	2	0	01A	BSA,TSA	0.553
TCGA-A2-A0EX	1	2	2	0	01A	MSB,TSB	0.478
TCGA-A2-A0EY	1	2	2	0	01A	BSA,TSA	0.441
TCGA-A2-A0SW	1	2	2	0	01A	BSA,TSA	0.441
TCGA-A2-A0SX	1	2	2	0	01A	BSA,TSA	0.852
TCGA-A2-A0T1	1	2	2	0	01A	BSB,TSB	0.385
TCGA-A2-A0T2	1	2	2	0	01A	BSA,TSA	0.418
TCGA-A2-A0T3	1	2	2	0	01A	BSB,TSB	0.766
TCGA-A2-A0T6	1	2	2	0	01A	BSA,TSA	0.433
TCGA-A2-A0T7	1	2	2	0	01A	BSB,TSB	0.695
TCGA-A2-A0YC	1	2	2	0	01A	MSA,TSA	0.423
TCGA-A2-A0YD	1	2	2	0	01A	BSA,TSA	0.470
TCGA-A2-A0YF	1	2	2	0	01A	MSB,TSB	0.590
TCGA-A2-A0YG	1	2	2	0	01A	BSB,TSB	0.575
TCGA-A2-A0YI	1	2	2	0	01A	BSC,TSC	0.406
TCGA-A2-A0YL	1	2	2	0	01A	BSB,TSB	0.367
TCGA-A2-A0YM	1	2	2	0	01A	BSA,TSA	0.348
TCGA-A7-A0CD	2	2	2	0	01A	BSA,TSA	1.117
TCGA-A7-A0CE	2	4	2	2	01A	BS1,TS1	0.992
TCGA-A7-A0CJ	2	2	2	0	01A	BSB,TSB	0.538
TCGA-A7-A13F	2	5	2	3	01A	BS1,TS1	0.482
TCGA-A8-A06N	1	2	2	0	01A	BS1,TS1	1.122
TCGA-A8-A06Z	1	2	2	0	01A	BS1,TS1	0.392
TCGA-A8-A076	1	2	2	0	01A	BSB,TSB	0.637
TCGA-A8-A079	1	2	2	0	01A	BS2,MS2	0.488
TCGA-A8-A08G	1	2	2	0	01A	BS1,TS1	0.581
TCGA-A8-A08Z	1	2	2	0	01A	BS1,BS2	1.243
TCGA-A8-A09G	1	2	2	0	01A	BS1,BS2	0.308
TCGA-A8-A09I	1	2	2	0	01A	BS1,BS2	0.926
TCGA-AN-A0AJ	1	2	2	0	01A	BSA,TSA	0.362
TCGA-AN-A0AL	1	2	2	0	01A	BSA,TSA	0.494
TCGA-AN-A0AM	1	2	2	0	01A	BSA,TSA	0.737
TCGA-AN-A0AS	1	2	2	0	01A	BSA,TSA	0.385
TCGA-AN-A0FK	1	2	2	0	01A	BSA,TSA	0.534
TCGA-AN-A0FL	1	2	2	0	01A	BSA,TSA	1.091
TCGA-AO-A03O	1	2	2	0	01A	BS1,TS1	0.358
TCGA-AO-A0J6	1	2	2	0	01A	BSA,TSA	1.439
TCGA-AO-A0J9	1	2	2	0	01A	BSA,TSA	0.448
TCGA-AO-A0JC	1	2	2	0	01A	BSA,TSA	0.695
TCGA-AO-A0JE	1	2	2	0	01A	BSA,TSA	1.502
TCGA-AO-A0JJ	1	2	2	0	01A	BSA,TSA	0.640
TCGA-AO-A0JL	1	2	2	0	01A	BSA,TSA	0.754
TCGA-AO-A0JM	1	2	2	0	01A	BSB,TSB	0.376
TCGA-AO-A126	1	2	2	0	01A	BSA,TSA	0.427
TCGA-AO-A12B	1	2	2	0	01A	BSA,TSA	0.566
TCGA-AO-A12D	1	2	2	0	01A	BSA,TSA	0.612
TCGA-AO-A12E	1	2	2	0	01A	BSA,TSA	0.459
TCGA-AO-A12F	1	2	2	0	01A	BSA,TSA	0.329
TCGA-AR-A0TR	1	2	2	0	01A	BSA,TSA	0.469
TCGA-AR-A0TT	1	2	2	0	01A	BSC,TSC	0.449
TCGA-AR-A0TV	1	2	2	0	01A	BSB,TSB	0.385
TCGA-AR-A0TX	1	2	2	0	01A	BSA,TSA	0.437
TCGA-AR-A0TY	1	2	2	0	01A	MSA,TSA	0.425
TCGA-AR-A0U4	1	2	2	0	01A	BSA,TSA	0.686
TCGA-AR-A1AP	1	1	1	0	01A	TSA	0.212
TCGA-AR-A1AQ	1	1	1	0	01A	TSA	0.328
TCGA-AR-A1AS	1	1	1	0	01A	TSA	0.255
TCGA-AR-A1AV	1	1	1	0	01A	TSB	0.179
TCGA-AR-A1AW	1	1	1	0	01A	TSB	0.246
TCGA-BH-A0AV	1	2	2	0	01A	BSC,MSC	0.734
TCGA-BH-A0BV	1	3	2	1	01A	BSA,TSA	1.400
TCGA-BH-A0BZ	1	3	2	1	01A	BSC,TSC	1.367
TCGA-BH-A0C0	1	4	2	2	01A	BSB,TSB	1.152
TCGA-BH-A0C1	1	2	2	0	01B	BS1,TS1	0.462
TCGA-BH-A0C7	1	2	2	0	01B	BSA,TSA	0.477
TCGA-BH-A0DD	1	8	2	6	01A	BSC,TSC	1.053
TCGA-BH-A0DG	1	3	2	1	01A	BSB,MSB	0.641
TCGA-BH-A0E0	1	4	2	2	01A	BSA,TSA	0.581
TCGA-BH-A0E1	1	4	2	2	01A	BSA,TSA	0.834
TCGA-BH-A0E9	1	2	2	0	01B	BSA,MSA	0.512
TCGA-BH-A0EE	1	2	2	0	01A	BSA,TSA	1.127
TCGA-BH-A0HK	1	4	2	2	01A	BSA,TSA	0.485
TCGA-BH-A0HP	1	2	2	0	01A	BSA,TSA	1.113
TCGA-BH-A18N	1	5	1	4	01A	TSA	0.291
TCGA-BH-A18Q	1	4	1	3	01A	TSA	0.468
TCGA-BH-A18R	1	5	1	4	01A	TSA	0.267
TCGA-BH-A18U	1	3	1	2	01A	TSB	0.215
TCGA-BH-A18V	1	7	2	5	01A,06A	TSA,TSA	0.673
TCGA-C8-A12L	1	2	2	0	01A	BSA,TSA	0.660
TCGA-C8-A12P	1	2	2	0	01A	BSA,TSA	0.500
TCGA-C8-A12Q	1	2	2	0	01A	BSA,TSA	0.741
TCGA-C8-A12T	1	2	2	0	01A	BSA,TSA	0.642
TCGA-C8-A12U	1	2	2	0	01A	BSA,TSA	0.324
TCGA-C8-A12V	1	2	2	0	01A	BSA,TSA	0.489
TCGA-C8-A12W	1	2	2	0	01A	BSA,TSA	0.953
TCGA-C8-A12Z	1	2	2	0	01A	BSA,TSA	0.776
TCGA-C8-A130	1	2	2	0	01A	BSC,TSC	0.453
TCGA-C8-A131	1	2	2	0	01A	BSA,TSA	0.664
TCGA-C8-A134	1	2	2	0	01A	BSA,TSA	0.296
TCGA-C8-A135	1	2	2	0	01A	BSA,TSA	0.593
TCGA-C8-A138	1	2	2	0	01A	BSA,TSA	0.326
TCGA-D8-A13Y	2	2	2	0	01A	BSA,TSA	0.445
TCGA-D8-A142	1	2	2	0	01A	BS1,TS1	0.659
TCGA-E2-A10A	1	2	2	0	01A	BSB,TSB	0.321
TCGA-E2-A150	1	1	1	0	01A	TSA	0.125
TCGA-E2-A154	1	1	1	0	01A	TS1	0.214
TCGA-E2-A158	1	2	1	1	01A	TS1	0.244
TCGA-E2-A159	1	1	1	0	01A	TSA	0.339
TCGA-E2-A15A	1	2	2	0	01A,06A	TS1,TS1	0.614
