case	ms_aliquots	ms_vials	rna_vials	dx_vials	ts_primary_vials	ts_primary_labels	ts_nonprimary	ms_vial_has_ts
TCGA-A2-A0CM	TCGA-A2-A0CM-01A-11-A21V-30	01A	01A	01Z	01A	BSC@01A,TSC@01A		True
TCGA-A2-A0D0	TCGA-A2-A0D0-01A-41-A21W-30	01A	01A	01Z	01A	BSA@01A,TSA@01A		True
TCGA-A2-A0EQ	TCGA-A2-A0EQ-01A-41-A21W-30	01A	01A	01Z	01A	BSA@01A,TSA@01A		True
TCGA-A2-A0EV	TCGA-A2-A0EV-01A-41-A21V-30	01A	01A	01Z	01A	BSA@01A,TSA@01A		True
TCGA-A2-A0EX	TCGA-A2-A0EX-01A-41-A21V-30	01A	01A	01Z	01A	MSB@01A,TSB@01A		True
TCGA-A2-A0EY	TCGA-A2-A0EY-01A-41-A21V-30	01A	01A	01Z	01A	BSA@01A,TSA@01A		True
TCGA-A2-A0SW	TCGA-A2-A0SW-01A-41-A21V-30	01A	01A	01Z	01A	BSA@01A,TSA@01A		True
TCGA-A2-A0SX	TCGA-A2-A0SX-01A-41-A21V-30	01A	01A	01Z	01A	BSA@01A,TSA@01A		True
TCGA-A2-A0T1	TCGA-A2-A0T1-01A-12-A21V-30	01A	01A	01Z	01A	BSB@01A,TSB@01A		True
TCGA-A2-A0T2	TCGA-A2-A0T2-01A-13-A21W-30	01A	01A	01Z	01A	BSA@01A,TSA@01A		True
TCGA-A2-A0T3	TCGA-A2-A0T3-01A-22-A21V-30	01A	01A	01Z	01A	BSB@01A,TSB@01A		True
TCGA-A2-A0T6	TCGA-A2-A0T6-01A-41-A21V-30	01A	01A	01Z	01A	BSA@01A,TSA@01A		True
TCGA-A2-A0T7	TCGA-A2-A0T7-01A-41-A21V-30	01A	01A	01Z	01A	BSB@01A,TSB@01A		True
TCGA-A2-A0YC	TCGA-A2-A0YC-01A-41-A21V-30	01A	01A	01Z	01A	MSA@01A,TSA@01A		True
TCGA-A2-A0YD	TCGA-A2-A0YD-01A-41-A21V-30	01A	01A	01Z	01A	BSA@01A,TSA@01A		True
TCGA-A2-A0YF	TCGA-A2-A0YF-01A-41-A21V-30	01A	01A	01Z	01A	MSB@01A,TSB@01A		True
TCGA-A2-A0YG	TCGA-A2-A0YG-01A-41-A21V-30	01A	01A	01Z	01A	BSB@01A,TSB@01A		True
TCGA-A2-A0YI	TCGA-A2-A0YI-01A-11-A21V-30	01A	01A	01Z	01A	BSC@01A,TSC@01A		True
TCGA-A2-A0YL	TCGA-A2-A0YL-01A-41-A21V-30	01A	01A	01Z	01A	BSB@01A,TSB@01A		True
TCGA-A2-A0YM	TCGA-A2-A0YM-01A-22-A21W-30	01A	01A	01Z	01A	BSA@01A,TSA@01A		True
TCGA-A7-A0CD	TCGA-A7-A0CD-01A-22-A21W-30	01A	01A	01Z	01A	BSA@01A,TSA@01A		True
TCGA-A7-A0CE	TCGA-A7-A0CE-01A-41-A21V-30	01A	01A	01Z	01A	BS1@01A,TS1@01A	BS1@11A,BS2@11A	True
TCGA-A7-A0CJ	TCGA-A7-A0CJ-01A-32-A21V-30	01A	01A	01Z	01A	BSB@01A,TSB@01A		True
TCGA-A7-A13F	TCGA-A7-A13F-01A-51-A21V-30	01A	01A	01Z	01A	BS1@01A,TS1@01A	TS1@11A,TS2@11A,TS3@11A	True
TCGA-A8-A06N	TCGA-A8-A06N-01A-41-A21V-30	01A	01A	01Z	01A	BS1@01A,TS1@01A		True
TCGA-A8-A06Z	TCGA-A8-A06Z-01A-22-A21V-30	01A	01A	01Z	01A	BS1@01A,TS1@01A		True
TCGA-A8-A076	TCGA-A8-A076-01A-23-A21V-30	01A	01A	01Z	01A	BSB@01A,TSB@01A		True
TCGA-A8-A079	TCGA-A8-A079-01A-12-A21V-30	01A	01A	01Z	01A	BS2@01A,MS2@01A		True
TCGA-A8-A08G	TCGA-A8-A08G-01A-13-A21W-30	01A	01A	01Z	01A	BS1@01A,TS1@01A		True
TCGA-A8-A08Z	TCGA-A8-A08Z-01A-12-A21V-30	01A	01A	01Z	01A	BS1@01A,BS2@01A		True
TCGA-A8-A09G	TCGA-A8-A09G-01A-41-A21W-30	01A	01A	01Z	01A	BS1@01A,BS2@01A		True
TCGA-A8-A09I	TCGA-A8-A09I-01A-13-A21V-30	01A	01A	01Z	01A	BS1@01A,BS2@01A		True
TCGA-AN-A0AJ	TCGA-AN-A0AJ-01A-22-A21W-30	01A	01A	01Z	01A	BSA@01A,TSA@01A		True
TCGA-AN-A0AL	TCGA-AN-A0AL-01A-22-A21W-30	01A	01A	01Z	01A	BSA@01A,TSA@01A		True
TCGA-AN-A0AM	TCGA-AN-A0AM-01A-22-A21W-30	01A	01A	01Z	01A	BSA@01A,TSA@01A		True
TCGA-AN-A0AS	TCGA-AN-A0AS-01A-22-A21W-30	01A	01A	01Z	01A	BSA@01A,TSA@01A		True
TCGA-AN-A0FK	TCGA-AN-A0FK-01A-22-A21W-30	01A	01A	01Z	01A	BSA@01A,TSA@01A		True
TCGA-AN-A0FL	TCGA-AN-A0FL-01A-12-A21V-30	01A	01A	01Z	01A	BSA@01A,TSA@01A		True
TCGA-AO-A03O	TCGA-AO-A03O-01A-41-A21V-30	01A	01A	01Z	01A	BS1@01A,TS1@01A		True
TCGA-AO-A0J6	TCGA-AO-A0J6-01A-22-A21W-30	01A	01A	01Z	01A	BSA@01A,TSA@01A		True
TCGA-AO-A0J9	TCGA-AO-A0J9-01A-41-A21V-30	01A	01A	01Z	01A	BSA@01A,TSA@01A		True
TCGA-AO-A0JC	TCGA-AO-A0JC-01A-41-A21V-30	01A	01A	01Z	01A	BSA@01A,TSA@01A		True
TCGA-AO-A0JE	TCGA-AO-A0JE-01A-41-A21V-30	01A	01A	01Z	01A	BSA@01A,TSA@01A		True
TCGA-AO-A0JJ	TCGA-AO-A0JJ-01A-31-A21W-30	01A	01A	01Z	01A	BSA@01A,TSA@01A		True
TCGA-AO-A0JL	TCGA-AO-A0JL-01A-41-A21W-30	01A	01A	01Z	01A	BSA@01A,TSA@01A		True
TCGA-AO-A0JM	TCGA-AO-A0JM-01A-41-A21V-30	01A	01A	01Z	01A	BSB@01A,TSB@01A		True
TCGA-AO-A126	TCGA-AO-A126-01A-22-A21W-30	01A	01A	01Z	01A	BSA@01A,TSA@01A		True
TCGA-AO-A12B	TCGA-AO-A12B-01A-41-A21V-30	01A	01A	01Z	01A	BSA@01A,TSA@01A		True
TCGA-AO-A12D	TCGA-AO-A12D-01A-41-A21V-30	01A	01A	01Z	01A	BSA@01A,TSA@01A		True
TCGA-AO-A12E	TCGA-AO-A12E-01A-41-A21V-30	01A	01A	01Z	01A	BSA@01A,TSA@01A		True
TCGA-AO-A12F	TCGA-AO-A12F-01A-41-A21V-30	01A	01A	01Z	01A	BSA@01A,TSA@01A		True
TCGA-AR-A0TR	TCGA-AR-A0TR-01A-41-A21V-30	01A	01A	01Z	01A	BSA@01A,TSA@01A		True
TCGA-AR-A0TT	TCGA-AR-A0TT-01A-22-A21V-30	01A	01A	01Z	01A	BSC@01A,TSC@01A		True
TCGA-AR-A0TV	TCGA-AR-A0TV-01A-41-A21V-30	01A	01A	01Z	01A	BSB@01A,TSB@01A		True
TCGA-AR-A0TX	TCGA-AR-A0TX-01A-41-A21V-30	01A	01A	01Z	01A	BSA@01A,TSA@01A		True
TCGA-AR-A0TY	TCGA-AR-A0TY-01A-22-A21W-30	01A	01A	01Z	01A	MSA@01A,TSA@01A		True
TCGA-AR-A0U4	TCGA-AR-A0U4-01A-22-A21V-30	01A	01A	01Z	01A	BSA@01A,TSA@01A		True
TCGA-AR-A1AP	TCGA-AR-A1AP-01A-22-A21W-30	01A	01A	01Z	01A	TSA@01A		True
TCGA-AR-A1AQ	TCGA-AR-A1AQ-01A-12-A21W-30	01A	01A	01Z	01A	TSA@01A		True
TCGA-AR-A1AS	TCGA-AR-A1AS-01A-41-A21W-30	01A	01A	01Z	01A	TSA@01A		True
TCGA-AR-A1AV	TCGA-AR-A1AV-01A-41-A21V-30	01A	01A	01Z	01A	TSB@01A		True
TCGA-AR-A1AW	TCGA-AR-A1AW-01A-41-A21V-30	01A	01A	01Z	01A	TSB@01A		True
TCGA-BH-A0AV	TCGA-BH-A0AV-01A-32-A21V-30	01A	01A	01Z	01A	BSC@01A,MSC@01A		True
TCGA-BH-A0BV	TCGA-BH-A0BV-01A-41-A21V-30	01A	01A	01Z	01A	BSA@01A,TSA@01A	TSC@11A	True
TCGA-BH-A0BZ	TCGA-BH-A0BZ-01A-41-A21V-30	01A	01A	01Z	01A	BSC@01A,TSC@01A	TSF@11A	True
TCGA-BH-A0C0	TCGA-BH-A0C0-01A-23-A21V-30	01A	01A	01Z	01A	BSB@01A,TSB@01A	BSB@11A,TSB@11A	True
TCGA-BH-A0C1	TCGA-BH-A0C1-01A-41-A21W-30	01A	01B	01Z	01B	BS1@01B,TS1@01B		False
TCGA-BH-A0C7	TCGA-BH-A0C7-01A-31-A21V-30	01A	01B	01Z	01B	BSA@01B,TSA@01B		False
TCGA-BH-A0DD	TCGA-BH-A0DD-01A-41-A21V-30	01A	01A	01Z	01A	BSC@01A,TSC@01A	BSA@11A,TSA@11A,TSB@11A,TSC@11A,TSD@11A,TSE@11A	True
TCGA-BH-A0DG	TCGA-BH-A0DG-01A-41-A21V-30	01A	01A	01Z	01A	BSB@01A,MSB@01A	TSD@11A	True
TCGA-BH-A0E0	TCGA-BH-A0E0-01A-41-A21V-30	01A	01A	01Z	01A	BSA@01A,TSA@01A	BSA@11A,TSA@11A	True
TCGA-BH-A0E1	TCGA-BH-A0E1-01A-41-A21V-30	01A	01A	01Z	01A	BSA@01A,TSA@01A	BSA@11A,TSA@11A	True
TCGA-BH-A0E9	TCGA-BH-A0E9-01B-22-A21V-30	01B	01B	01Z	01B	BSA@01B,MSA@01B		True
TCGA-BH-A0EE	TCGA-BH-A0EE-01A-41-A21V-30	01A	01A	01Z	01A	BSA@01A,TSA@01A		True
TCGA-BH-A0HK	TCGA-BH-A0HK-01A-41-A21V-30	01A	01A	01Z	01A	BSA@01A,TSA@01A	BSA@11A,TSA@11A	True
TCGA-BH-A0HP	TCGA-BH-A0HP-01A-41-A21V-30	01A	01A	01Z	01A	BSA@01A,TSA@01A		True
TCGA-BH-A18N	TCGA-BH-A18N-01A-41-A21V-30	01A	01A	01Z	01A	TSA@01A	TSA@11A,TSB@11A,TSC@11A,TSD@11A	True
TCGA-BH-A18Q	TCGA-BH-A18Q-01A-41-A21W-30	01A	01A	01Z	01A	TSA@01A	TSA@11A,TSB@11A,TSC@11A	True
TCGA-BH-A18R	TCGA-BH-A18R-01A-22-A21W-30	01A	01A	01Z	01A	TSA@01A	TSA@11A,TSB@11A,TSC@11A,TSD@11A	True
TCGA-BH-A18U	TCGA-BH-A18U-01A-61-A21W-30	01A	01A	01Z	01A	TSB@01A	TSA@11A,TSB@11A	True
TCGA-BH-A18V	TCGA-BH-A18V-01A-31-A21W-30	01A	01A,06A	01Z	01A	TSA@01A	TSA@06A,TSA@11A,TSB@11A,TSC@11A,TSD@11A,TSE@11A	True
TCGA-C8-A12L	TCGA-C8-A12L-01A-41-A21V-30	01A	01A	01Z	01A	BSA@01A,TSA@01A		True
TCGA-C8-A12P	TCGA-C8-A12P-01A-22-A21W-30	01A	01A	01Z	01A	BSA@01A,TSA@01A		True
TCGA-C8-A12Q	TCGA-C8-A12Q-01A-51-A21V-30	01A	01A	01Z	01A	BSA@01A,TSA@01A		True
TCGA-C8-A12T	TCGA-C8-A12T-01A-41-A21V-30	01A	01A	01Z	01A	BSA@01A,TSA@01A		True
TCGA-C8-A12U	TCGA-C8-A12U-01A-41-A21V-30	01A	01A	01Z	01A	BSA@01A,TSA@01A		True
TCGA-C8-A12V	TCGA-C8-A12V-01A-41-A21V-30	01A	01A	01Z	01A	BSA@01A,TSA@01A		True
TCGA-C8-A12W	TCGA-C8-A12W-01A-41-A21V-30	01A	01A	01Z	01A	BSA@01A,TSA@01A		True
TCGA-C8-A12Z	TCGA-C8-A12Z-01A-41-A21V-30	01A	01A	01Z	01A	BSA@01A,TSA@01A		True
TCGA-C8-A130	TCGA-C8-A130-01A-41-A21V-30	01A	01A	01Z	01A	BSC@01A,TSC@01A		True
TCGA-C8-A131	TCGA-C8-A131-01A-41-A21V-30	01A	01A	01Z	01A	BSA@01A,TSA@01A		True
TCGA-C8-A134	TCGA-C8-A134-01A-41-A21V-30	01A	01A	01Z	01A	BSA@01A,TSA@01A		True
TCGA-C8-A135	TCGA-C8-A135-01A-41-A21V-30	01A	01A	01Z	01A	BSA@01A,TSA@01A		True
TCGA-C8-A138	TCGA-C8-A138-01A-14-A21W-30	01A	01A	01Z	01A	BSA@01A,TSA@01A		True
TCGA-D8-A13Y	TCGA-D8-A13Y-01A-22-A21W-30	01A	01A	01Z	01A	BSA@01A,TSA@01A		True
TCGA-D8-A142	TCGA-D8-A142-01A-41-A21V-30	01A	01A	01Z	01A	BS1@01A,TS1@01A		True
TCGA-E2-A10A	TCGA-E2-A10A-01A-12-A21V-30	01A	01A	01Z	01A	BSB@01A,TSB@01A		True
TCGA-E2-A150	TCGA-E2-A150-01A-12-A21W-30	01A	01A	01Z	01A	TSA@01A		True
TCGA-E2-A154	TCGA-E2-A154-01A-41-A21V-30	01A	01A	01Z	01A	TS1@01A		True
TCGA-E2-A158	TCGA-E2-A158-01A-31-A21W-30	01A	01A	01Z	01A	TS1@01A	TS2@11A	True
TCGA-E2-A159	TCGA-E2-A159-01A-12-A21W-30	01A	01A	01Z	01A	TSA@01A		True
TCGA-E2-A15A	TCGA-E2-A15A-01A-41-A21W-30	01A	01A,06A	01Z	01A	TS1@01A	TS1@06A	True
