case,n_slides,n_tiles,slides
TCGA-A2-A0CM,2,15965,TCGA-A2-A0CM-01A-03-BSC.c240a44d-0583-496e-bdef-5cdb5e0ee167|TCGA-A2-A0CM-01A-03-TSC.7f2cc1ed-793e-4717-92fd-da1aa4424aed
TCGA-A2-A0D0,2,17987,TCGA-A2-A0D0-01A-01-BSA.de3699b8-cd5b-4bac-af17-b63d447c55e7|TCGA-A2-A0D0-01A-01-TSA.231084a7-765a-481e-9e40-2c9b131b38ea
TCGA-A2-A0EQ,2,34395,TCGA-A2-A0EQ-01A-01-BSA.fa7a323e-2939-4941-a56f-3b7352b16050|TCGA-A2-A0EQ-01A-01-TSA.c64d0ac8-9849-47c7-86e1-2e2037b02422
TCGA-A2-A0EV,2,23643,TCGA-A2-A0EV-01A-01-BSA.895f4272-acc0-48e5-8c91-58209e6aa849|TCGA-A2-A0EV-01A-01-TSA.49658afd-55bd-4adb-a3c2-06a4e633efc5
TCGA-A2-A0EX,2,20445,TCGA-A2-A0EX-01A-02-MSB.8a884510-c00e-442d-bf13-1eb36f4ee10b|TCGA-A2-A0EX-01A-02-TSB.8880934b-a491-492b-b6bc-32b50276ba99
TCGA-A2-A0EY,2,14973,TCGA-A2-A0EY-01A-01-BSA.dbf1ad9c-0529-4b08-90fc-5b1d7da797aa|TCGA-A2-A0EY-01A-01-TSA.b3cf2e58-b037-4496-b85e-6fefe2d42e01
TCGA-A2-A0SW,2,11557,TCGA-A2-A0SW-01A-01-BSA.7a710f66-502f-43fa-94eb-742243cf2aff|TCGA-A2-A0SW-01A-01-TSA.dff06b29-6dfc-4d17-8b78-0ef50f9aa985
TCGA-A2-A0SX,2,21488,TCGA-A2-A0SX-01A-01-BSA.7c3c820b-1ddc-4a92-a59d-7ac2df9a7313|TCGA-A2-A0SX-01A-01-TSA.3830b6f0-c05a-4d09-a1bc-c7018bc5e458
TCGA-A2-A0T1,2,13975,TCGA-A2-A0T1-01A-02-BSB.3bba2447-a52a-4ed3-88b5-c91124ecbcac|TCGA-A2-A0T1-01A-02-TSB.63e971bf-39ec-41c9-986e-a1937437dea8
TCGA-A2-A0T2,2,14359,TCGA-A2-A0T2-01A-01-BSA.3613219b-687b-419f-ac8f-33b668b72446|TCGA-A2-A0T2-01A-01-TSA.8595967b-5bf7-447f-9310-10b53a1c1dfa
TCGA-A2-A0T3,2,26995,TCGA-A2-A0T3-01A-02-BSB.19f759a7-4b0f-43f3-b1ac-bce827f93fc6|TCGA-A2-A0T3-01A-02-TSB.5833680c-4d57-4657-acd7-879e52cfd8c4
TCGA-A2-A0T6,2,11613,TCGA-A2-A0T6-01A-01-BSA.b82fe5ae-dafc-45d6-9410-b6ef20725739|TCGA-A2-A0T6-01A-01-TSA.a91e20c4-e88b-4f25-a691-1ed38fbca876
TCGA-A2-A0T7,2,27953,TCGA-A2-A0T7-01A-02-BSB.8f69b301-dcf9-4a7f-a504-187f9a11252a|TCGA-A2-A0T7-01A-02-TSB.d37d2184-6f53-4c98-88fd-aa854fd50700
TCGA-A2-A0YC,2,11584,TCGA-A2-A0YC-01A-01-MSA.05ee8628-8199-466f-9e26-012186642f25|TCGA-A2-A0YC-01A-01-TSA.dfb0f795-b54a-44fd-8ddd-105ac7c51d35
TCGA-A2-A0YD,2,17024,TCGA-A2-A0YD-01A-01-BSA.dbbc3956-3306-4e98-904d-15ed9c0ff148|TCGA-A2-A0YD-01A-01-TSA.7cbd1fbb-d5dd-4bc1-94fc-acff71e2b6c9
TCGA-A2-A0YF,2,18617,TCGA-A2-A0YF-01A-02-MSB.2e4e34a9-4701-4b96-b3d6-22d46c792fa9|TCGA-A2-A0YF-01A-02-TSB.65b05e09-46e2-47f8-8ef6-ccc5914752c5
TCGA-A2-A0YG,2,29556,TCGA-A2-A0YG-01A-02-BSB.23b5c2d3-91a2-4091-bd43-04210baa9941|TCGA-A2-A0YG-01A-02-TSB.8bd4f37a-7944-4379-910c-621a80229783
TCGA-A2-A0YI,2,16900,TCGA-A2-A0YI-01A-03-BSC.29006cd1-80d6-4b68-a760-ba91a34b9942|TCGA-A2-A0YI-01A-03-TSC.315f5bb4-4ef4-471e-b5b4-ae73a6038c20
TCGA-A2-A0YL,2,11785,TCGA-A2-A0YL-01A-02-BSB.b9a27669-4484-41f2-ae55-85eeb3792e60|TCGA-A2-A0YL-01A-02-TSB.12b73a8a-ac2d-4cd5-b8c2-de8fd1357dea
TCGA-A2-A0YM,2,13501,TCGA-A2-A0YM-01A-01-BSA.26fc4cb8-24ef-494a-9334-db3a9099199f|TCGA-A2-A0YM-01A-01-TSA.af2a6b3d-dbf4-4323-aebe-d8b95053fff3
TCGA-A7-A0CD,2,49087,TCGA-A7-A0CD-01A-01-BSA.a48267de-7bf0-409f-a8b5-9712f2e06a90|TCGA-A7-A0CD-01A-01-TSA.8966c3d7-c0d2-47a4-badf-df9412a1e5f0
TCGA-A7-A0CE,2,41518,TCGA-A7-A0CE-01A-01-BS1.33fde61b-7c02-43d1-978f-56808f6a278e|TCGA-A7-A0CE-01A-01-TS1.3025a9c8-a7e4-4048-bcf0-a28720c0f96b
TCGA-A7-A0CJ,2,23981,TCGA-A7-A0CJ-01A-02-BSB.c0dd564e-d0a6-4e94-b050-824b05d29f23|TCGA-A7-A0CJ-01A-02-TSB.e090ba35-b5b7-469f-a267-8c8c68bc2c2b
TCGA-A7-A13F,2,18373,TCGA-A7-A13F-01A-01-BS1.96f41b20-1b8b-4a7d-93ed-6b8b2cbe1150|TCGA-A7-A13F-01A-01-TS1.6e5cfefb-e31f-447e-b8cf-d3d5294d3421
TCGA-A8-A06N,2,34905,TCGA-A8-A06N-01A-01-BS1.12bf6cf9-767e-469a-ab07-accd6b3b134e|TCGA-A8-A06N-01A-01-TS1.0e8d431f-4df4-4e2e-a8d2-3febb0f1beb9
TCGA-A8-A06Z,2,17585,TCGA-A8-A06Z-01A-01-BS1.d29f4573-c196-4e24-813d-131a00f55b78|TCGA-A8-A06Z-01A-01-TS1.7bbdf988-c2f4-4c2a-975d-249efe34d802
TCGA-A8-A076,2,11519,TCGA-A8-A076-01A-02-BSB.7619e564-4d3c-40b9-ad85-5bb8dd934d3b|TCGA-A8-A076-01A-02-TSB.6a8058db-d92b-4a26-8b84-5ccd4cb198e3
TCGA-A8-A079,2,18532,TCGA-A8-A079-01A-02-BS2.af4b2721-1e8c-4b61-b03f-1a50c2366832|TCGA-A8-A079-01A-02-MS2.62d794d5-a44b-493b-be71-30f31bc80b9e
TCGA-A8-A08G,2,23162,TCGA-A8-A08G-01A-01-BS1.1db0beb9-ba79-4391-8e89-ba0ece7fd68c|TCGA-A8-A08G-01A-01-TS1.00c53463-683f-443f-b693-5673b3b564ff
TCGA-A8-A08Z,2,50613,TCGA-A8-A08Z-01A-01-BS1.1fb87e93-fd85-4c69-a7e0-a8e3d889851a|TCGA-A8-A08Z-01A-02-BS2.5d948ef0-cfa3-40bd-a383-ba99e6b28378
TCGA-A8-A09G,2,12632,TCGA-A8-A09G-01A-01-BS1.d16e6e1e-268a-4973-97c5-8aa9cdef622b|TCGA-A8-A09G-01A-02-BS2.e110bb6c-7c19-4ace-9507-14ef5714a74d
TCGA-A8-A09I,2,11081,TCGA-A8-A09I-01A-01-BS1.b0debb62-86b0-459f-b62b-604bb9f17e5d|TCGA-A8-A09I-01A-02-BS2.ca9aacf2-573b-4af2-bc50-5213526eb3a3
TCGA-AN-A0AJ,2,14647,TCGA-AN-A0AJ-01A-01-BSA.e768585b-8fac-4998-88a6-29983ae06c92|TCGA-AN-A0AJ-01A-01-TSA.c21f9dd1-b47c-406f-9ad6-6969bd6f3246
TCGA-AN-A0AL,2,18133,TCGA-AN-A0AL-01A-01-BSA.56e46756-aa0f-4c59-a189-ee4c9601b3ea|TCGA-AN-A0AL-01A-01-TSA.3651da9c-bdad-4944-a3ac-c5bc9754fdeb
TCGA-AN-A0AM,2,34778,TCGA-AN-A0AM-01A-01-BSA.1736e9ff-6a00-45e7-8ab9-b81018eea03f|TCGA-AN-A0AM-01A-01-TSA.63a22828-01b7-4b90-976d-7c32ccb9889d
TCGA-AN-A0AS,2,17480,TCGA-AN-A0AS-01A-01-BSA.1c59c3dd-eebc-421c-ad6f-953c0b924b13|TCGA-AN-A0AS-01A-01-TSA.b7c27ab8-435a-4e9d-bf0a-899d7616b660
TCGA-AN-A0FK,2,17000,TCGA-AN-A0FK-01A-01-BSA.532b125c-98bb-44d7-a041-fb2506b70e26|TCGA-AN-A0FK-01A-01-TSA.4cbfd31d-1a58-4ee1-8359-7fd4fc9c4cbe
TCGA-AN-A0FL,2,36905,TCGA-AN-A0FL-01A-01-BSA.78d30e6e-2bd3-439c-8063-5ca6a09828cc|TCGA-AN-A0FL-01A-01-TSA.a9270e98-40e9-45f5-935a-681708f170c9
TCGA-AO-A03O,2,11907,TCGA-AO-A03O-01A-01-BS1.8b349194-04c1-4a85-947c-9397d5267823|TCGA-AO-A03O-01A-01-TS1.dbeaa688-64e0-48ce-bd9a-cfba3407bca6
TCGA-AO-A0J6,2,46439,TCGA-AO-A0J6-01A-01-BSA.094c1ad0-5cd5-4b13-af5e-9c7d3688aa23|TCGA-AO-A0J6-01A-01-TSA.d62f4c33-ae94-4321-b833-53663942e846
TCGA-AO-A0J9,2,8742,TCGA-AO-A0J9-01A-01-BSA.a5487965-8c66-4e0d-9dfe-53bb39d7f9fa|TCGA-AO-A0J9-01A-01-TSA.526836e1-20e5-42a2-89b4-014a69e4838d
TCGA-AO-A0JC,2,17845,TCGA-AO-A0JC-01A-01-BSA.2a81630f-81ee-4c33-ba26-0e825cfa5f72|TCGA-AO-A0JC-01A-01-TSA.261a41f2-e0b3-4c3b-bd16-ce6a61d1454c
TCGA-AO-A0JE,2,48935,TCGA-AO-A0JE-01A-01-BSA.8f04fdde-1427-45f9-bcd9-4449d501c109|TCGA-AO-A0JE-01A-01-TSA.2ade56dd-a085-472b-b92c-c7a63d7ce4ac
TCGA-AO-A0JJ,2,20725,TCGA-AO-A0JJ-01A-01-BSA.132f03bb-3b31-485c-b814-0f4bf204440e|TCGA-AO-A0JJ-01A-01-TSA.fe4ee1f2-09e8-46a7-9c62-b20fc8042934
TCGA-AO-A0JL,2,18585,TCGA-AO-A0JL-01A-01-BSA.796a85da-b722-4311-89f8-8b397ea10c85|TCGA-AO-A0JL-01A-01-TSA.b6151e7a-75be-425c-b9b0-d93111659ce9
TCGA-AO-A0JM,2,13304,TCGA-AO-A0JM-01A-02-BSB.2f3cfa20-a735-4e35-ae2d-2d2dd211339d|TCGA-AO-A0JM-01A-02-TSB.d19f822d-0237-41cb-be13-4d3023dcb507
TCGA-AO-A126,2,16154,TCGA-AO-A126-01A-01-BSA.d9c05421-91fc-4fdd-988d-2b404fa24095|TCGA-AO-A126-01A-01-TSA.399484a5-e833-4acd-a73b-1fd5a684e7c1
TCGA-AO-A12B,2,17578,TCGA-AO-A12B-01A-01-BSA.ec654e0e-2adc-488b-8653-acbf6164419e|TCGA-AO-A12B-01A-01-TSA.635646b4-dc81-45e2-92b1-8f087abc5240
TCGA-AO-A12D,2,24442,TCGA-AO-A12D-01A-01-BSA.e75eaf83-11b8-49a2-b6b1-77f98fa6660a|TCGA-AO-A12D-01A-01-TSA.f28ffd60-5d5f-4fec-8776-bf587f1f2496
TCGA-AO-A12E,2,13363,TCGA-AO-A12E-01A-01-BSA.9b55ad59-32de-4238-9958-b54e3a43eb2e|TCGA-AO-A12E-01A-01-TSA.5c7b82d0-dca5-4778-bc30-1201e08dd832
TCGA-AO-A12F,2,8380,TCGA-AO-A12F-01A-01-BSA.54904b26-0053-4e3e-8f3e-dd67ed8194a5|TCGA-AO-A12F-01A-01-TSA.6ed8979a-e4f3-42b1-950f-64908238f50b
TCGA-AR-A0TR,2,19255,TCGA-AR-A0TR-01A-01-BSA.f1455ed0-393b-495c-9618-bbe3088baf4d|TCGA-AR-A0TR-01A-01-TSA.c7ef8351-ef5c-44a3-bf32-d06dde6ca154
TCGA-AR-A0TT,2,11508,TCGA-AR-A0TT-01A-03-BSC.06e9fb5e-1c6e-4778-9c52-d026628f39c7|TCGA-AR-A0TT-01A-03-TSC.6e42fa9f-569c-45cf-a316-b3d41a946f57
TCGA-AR-A0TV,2,13816,TCGA-AR-A0TV-01A-02-BSB.e4adf5bf-398f-402f-997e-7b5ef9facbe8|TCGA-AR-A0TV-01A-02-TSB.9f3ece24-69a8-4d4d-9c2d-ab674faf9ee0
TCGA-AR-A0TX,2,14191,TCGA-AR-A0TX-01A-01-BSA.2d59aca1-69fd-4105-830a-a687eddd27c9|TCGA-AR-A0TX-01A-01-TSA.4f6a2ef2-8c09-4c9a-aea9-5601722f4e4c
TCGA-AR-A0TY,2,22276,TCGA-AR-A0TY-01A-01-MSA.94fa564d-0f66-4307-bfcc-41b0fe4886b9|TCGA-AR-A0TY-01A-01-TSA.44dd02fc-5205-42df-ae58-0686e1355bdc
TCGA-AR-A0U4,2,20648,TCGA-AR-A0U4-01A-01-BSA.abebefec-9cf4-47c8-8c70-a7b17dc97171|TCGA-AR-A0U4-01A-01-TSA.e671596e-6974-40ec-8013-07cd699843d6
TCGA-AR-A1AP,1,8527,TCGA-AR-A1AP-01A-01-TSA.462d1ac8-1c00-4690-9d0e-975853c4c5f2
TCGA-AR-A1AQ,1,12618,TCGA-AR-A1AQ-01A-01-TSA.113b2018-7bb9-44bd-aa80-63eaf688b555
TCGA-AR-A1AS,1,10445,TCGA-AR-A1AS-01A-01-TSA.235f24b3-d72a-419e-8f5c-ffc808dc06be
TCGA-AR-A1AV,1,5628,TCGA-AR-A1AV-01A-02-TSB.8aac8e77-5af5-4958-86e8-5883c88630fb
TCGA-AR-A1AW,1,7835,TCGA-AR-A1AW-01A-02-TSB.d237252f-1ece-4bc3-b84c-d7de505c0a56
TCGA-BH-A0AV,2,28867,TCGA-BH-A0AV-01A-03-BSC.7a107632-b8d8-4b82-ab74-628fff0f10de|TCGA-BH-A0AV-01A-03-MSC.f769a3c4-ee58-45c2-931e-d94b31981169
TCGA-BH-A0BV,2,53756,TCGA-BH-A0BV-01A-01-BSA.1d27d74a-405e-4a7f-befa-6d5f7b1fa8e9|TCGA-BH-A0BV-01A-01-TSA.f5f04523-e30b-4204-99f4-0003ceec2724
TCGA-BH-A0BZ,2,57421,TCGA-BH-A0BZ-01A-03-BSC.875682e9-3d99-4189-8ad1-f1e4e4bb7610|TCGA-BH-A0BZ-01A-03-TSC.18e04e86-9ccb-4773-bcf3-d7f0c54c6e2a
TCGA-BH-A0C0,2,44246,TCGA-BH-A0C0-01A-02-BSB.4b112630-4214-42cb-8db9-56df1ce4c6ea|TCGA-BH-A0C0-01A-02-TSB.b5d6fdae-cc88-4ded-a599-f778187bdc37
TCGA-BH-A0C1,2,25416,TCGA-BH-A0C1-01B-01-BS1.2fa43733-dfce-4806-99d1-ef0834132ff6|TCGA-BH-A0C1-01B-01-TS1.34796b87-c808-47ff-8a33-ce181cd00674
TCGA-BH-A0C7,2,16702,TCGA-BH-A0C7-01B-01-BSA.eff3406d-2af0-435f-8aa9-fd77dbba35dd|TCGA-BH-A0C7-01B-01-TSA.deec957f-1264-4169-945e-24d4bd1988cd
TCGA-BH-A0DD,2,36422,TCGA-BH-A0DD-01A-03-BSC.c1eded57-13d8-48ff-9389-5467a8455fe6|TCGA-BH-A0DD-01A-03-TSC.0088505b-5e18-49c4-bc2b-7946b2780383
TCGA-BH-A0DG,2,23077,TCGA-BH-A0DG-01A-02-BSB.991bb656-5e82-4698-8618-27c6a0b1616e|TCGA-BH-A0DG-01A-02-MSB.46920fd1-be28-491c-87cd-01ae77283a76
TCGA-BH-A0E0,2,19732,TCGA-BH-A0E0-01A-01-BSA.b224536e-7d49-421d-a3bb-815fc01556a9|TCGA-BH-A0E0-01A-01-TSA.6d266771-231b-4305-afd9-ec77a67f2e73
TCGA-BH-A0E1,2,30782,TCGA-BH-A0E1-01A-01-BSA.57534115-65b7-48cc-b124-13b8f3c15d48|TCGA-BH-A0E1-01A-01-TSA.01da1142-7d58-419d-998b-acd3be403d31
TCGA-BH-A0E9,2,25290,TCGA-BH-A0E9-01B-01-BSA.a92a2910-0c73-4abb-9c85-b1d1f7d19618|TCGA-BH-A0E9-01B-01-MSA.dd6f8fe7-ceaa-4396-82c2-f27d12a6dd6b
TCGA-BH-A0EE,2,34046,TCGA-BH-A0EE-01A-01-BSA.3b661349-b956-42ea-8872-db00f9a397f2|TCGA-BH-A0EE-01A-01-TSA.73130d8d-377f-4924-b023-0908ec862747
TCGA-BH-A0HK,2,12908,TCGA-BH-A0HK-01A-01-BSA.9503c4b2-4f84-4b5e-80a1-2e29605606b2|TCGA-BH-A0HK-01A-01-TSA.baefe9ea-a565-4ec1-92b2-6b62ed9944e3
TCGA-BH-A0HP,2,42627,TCGA-BH-A0HP-01A-01-BSA.c795ed04-0ade-4ed8-9a8b-526b4b789838|TCGA-BH-A0HP-01A-01-TSA.f21bc9c8-67ad-4b4c-b9ac-5d824f2c0df8
TCGA-BH-A18N,1,8671,TCGA-BH-A18N-01A-01-TSA.fa28d892-c8d9-4e85-af22-24c75bb952f9
TCGA-BH-A18Q,1,13835,TCGA-BH-A18Q-01A-01-TSA.53679e88-228a-40c4-b82b-742c601e3096
TCGA-BH-A18R,1,9306,TCGA-BH-A18R-01A-01-TSA.d57b08ae-35a1-40ca-9a74-7ebac8c8cc53
TCGA-BH-A18U,1,6806,TCGA-BH-A18U-01A-02-TSB.157a84f2-044a-4414-a029-d5b626e1b53e
TCGA-BH-A18V,1,15249,TCGA-BH-A18V-01A-01-TSA.c53853f8-5b57-4695-9d13-58cfd0d5819b
TCGA-C8-A12L,2,22177,TCGA-C8-A12L-01A-01-BSA.f97cb175-3951-4f67-ac52-18ad07e74726|TCGA-C8-A12L-01A-01-TSA.0e63ef85-144d-4827-9e61-fd54a5320ddf
TCGA-C8-A12P,2,23779,TCGA-C8-A12P-01A-01-BSA.0c86a6ed-1d8f-47a9-ab33-7d232c3e359b|TCGA-C8-A12P-01A-01-TSA.a635ee87-3392-4ce7-93a3-87fc5680e4e9
TCGA-C8-A12Q,2,29098,TCGA-C8-A12Q-01A-01-BSA.0ca5b171-d61d-4e6d-b365-4cd6bd288aec|TCGA-C8-A12Q-01A-01-TSA.b3023358-4c0f-4d25-a1e6-cd23f160f901
TCGA-C8-A12T,2,24886,TCGA-C8-A12T-01A-01-BSA.bad01673-9581-4bac-b060-56e5bbc2fcd3|TCGA-C8-A12T-01A-01-TSA.c02a2d06-ae14-49da-9f03-5f2f296ad012
TCGA-C8-A12U,2,9802,TCGA-C8-A12U-01A-01-BSA.7c5796ff-ef35-4ced-8216-254cd8cbc271|TCGA-C8-A12U-01A-01-TSA.46d73ab3-ab0b-4739-aabc-3a678d422419
TCGA-C8-A12V,2,15858,TCGA-C8-A12V-01A-01-BSA.786f1496-199f-41ae-a487-540f3f599600|TCGA-C8-A12V-01A-01-TSA.e3f84baa-0829-4683-a26c-b50c7f732f4a
TCGA-C8-A12W,2,37772,TCGA-C8-A12W-01A-01-BSA.16af5fbe-7bcf-4274-8762-e255595462f6|TCGA-C8-A12W-01A-01-TSA.763f7b10-e613-4d9a-be67-4329e670f882
TCGA-C8-A12Z,2,22442,TCGA-C8-A12Z-01A-01-BSA.e7ddd80e-4b44-49f3-ac1c-4cf2b061c0a6|TCGA-C8-A12Z-01A-01-TSA.d85a700f-8886-4b59-8ceb-d1d8e15fdd19
TCGA-C8-A130,2,19825,TCGA-C8-A130-01A-03-BSC.f362f3af-a66f-4a3b-a3cc-3768a59602f3|TCGA-C8-A130-01A-03-TSC.251e7faa-da83-468e-ad6e-4c14768a595e
TCGA-C8-A131,2,24064,TCGA-C8-A131-01A-01-BSA.df5faaa8-e4ac-4a4b-8ef2-ff2063c9ae2f|TCGA-C8-A131-01A-01-TSA.accbe649-9fc6-4f5b-b001-a27366ac9024
TCGA-C8-A134,2,5827,TCGA-C8-A134-01A-01-BSA.f8e29c16-ea94-4398-8e3b-c50294afc3e8|TCGA-C8-A134-01A-01-TSA.76591f60-9e71-495f-beca-e4b91ef3dd68
TCGA-C8-A135,2,25031,TCGA-C8-A135-01A-01-BSA.4871792f-d00b-4541-815b-7aaa44c43f94|TCGA-C8-A135-01A-01-TSA.c03f75de-8d25-4f74-8ca4-498db35d5df9
TCGA-C8-A138,2,11295,TCGA-C8-A138-01A-01-BSA.27aba9f8-6a6e-41b5-b15d-89206cc475a6|TCGA-C8-A138-01A-01-TSA.51e98f1b-b02a-4c46-92d4-73bc15a006d0
TCGA-D8-A13Y,2,18923,TCGA-D8-A13Y-01A-01-BSA.e5ebf2b4-7022-45da-8001-e499964080fd|TCGA-D8-A13Y-01A-01-TSA.3b97c805-0681-4e8d-9dd9-f24a9c2bb4cd
TCGA-D8-A142,2,28647,TCGA-D8-A142-01A-01-BS1.82a62b94-698c-4047-a13d-083bf49170ed|TCGA-D8-A142-01A-01-TS1.c9a5ce5f-59a8-4e02-8168-269ec044dbd9
TCGA-E2-A10A,2,8692,TCGA-E2-A10A-01A-02-BSB.79389df7-59f1-427f-80d4-3a959407407e|TCGA-E2-A10A-01A-02-TSB.36e0494e-10c5-4b95-a77c-d8dbe2532135
TCGA-E2-A150,1,4306,TCGA-E2-A150-01A-01-TSA.c32feae0-434d-4e04-9cfa-5b0d89547711
TCGA-E2-A154,1,8966,TCGA-E2-A154-01A-01-TS1.49b5b0d1-36eb-486f-bcf2-e575ac4764bd
TCGA-E2-A158,1,7933,TCGA-E2-A158-01A-01-TS1.7dc3c147-bcdb-4e14-83ef-71e24102846a
TCGA-E2-A159,1,11712,TCGA-E2-A159-01A-01-TSA.257b9eec-d799-4545-bae4-b279258bba63
TCGA-E2-A15A,1,9357,TCGA-E2-A15A-01A-01-TS1.12b3eabe-32d3-4772-8337-e4ae024911bb
